session,bill,committee,date,question,favorable,adverse,reserve_right,no_action,url
188,H101,J13,2013-11-15 16:45,Please Vote?,10,0,1,6,https://malegislature.gov/Bills/188/H101
188,H103,J13,2014-03-19 14:30,Please Vote?,9,0,0,8,https://malegislature.gov/Bills/188/H103
188,H104,J13,2014-03-18 12:00,Please Vote?,5,0,1,11,https://malegislature.gov/Bills/188/H104
188,H105,J13,2014-03-19 14:30,Please Vote?,9,0,0,8,https://malegislature.gov/Bills/188/H105
188,H106,J13,2014-06-13 16:45,Please Vote?,10,2,2,3,https://malegislature.gov/Bills/188/H106
188,H108,J13,2014-03-19 14:30,Please Vote?,7,0,2,8,https://malegislature.gov/Bills/188/H108
188,H110,J13,2014-03-18 16:45,Please Vote!,5,0,1,11,https://malegislature.gov/Bills/188/H110
188,H113,J13,2013-11-15 16:45,Please Vote?,11,0,0,6,https://malegislature.gov/Bills/188/H113
188,H114,J13,2013-05-24 15:00,Please Vote,6,0,2,7,https://malegislature.gov/Bills/188/H114
188,H115,J13,2014-01-16 17:00,Please Vote!,9,0,2,6,https://malegislature.gov/Bills/188/H115
188,H116,J13,2014-01-16 17:00,Please Vote!,7,0,4,6,https://malegislature.gov/Bills/188/H116
188,H117,J13,2014-03-19 14:30,Please Vote?,9,0,0,8,https://malegislature.gov/Bills/188/H117
188,H118,J13,2014-03-18 12:00,Please Vote?,6,0,0,11,https://malegislature.gov/Bills/188/H118
188,H119,J13,2013-08-02 14:30,Please Vote,11,0,0,5,https://malegislature.gov/Bills/188/H119
188,H120,J13,2013-10-04 17:00,Please Vote?,7,0,1,8,https://malegislature.gov/Bills/188/H120
188,H121,J13,2014-02-19 16:30,Please Vote!,9,0,0,8,https://malegislature.gov/Bills/188/H121
188,H122,J13,2014-03-18 12:00,Please Vote?,6,0,0,11,https://malegislature.gov/Bills/188/H122
188,H123,J13,2013-05-24 15:00,Please Vote,8,0,0,7,https://malegislature.gov/Bills/188/H123
188,H124,J13,2014-05-02 16:15,Please vote!,12,0,0,5,https://malegislature.gov/Bills/188/H124
188,H125,J13,2013-10-25 17:00,Please Vote.,11,0,0,6,https://malegislature.gov/Bills/188/H125
188,H130,J13,2013-05-24 15:00,Please Vote,7,0,1,7,https://malegislature.gov/Bills/188/H130
188,H135,J13,2013-08-02 14:30,Please Vote,10,0,1,5,https://malegislature.gov/Bills/188/H135
188,H137,J13,2014-03-18 12:00,Please Vote?,4,0,1,12,https://malegislature.gov/Bills/188/H137
188,H138,J13,2014-03-18 12:00,Please Vote?,5,0,1,11,https://malegislature.gov/Bills/188/H138
188,H139,J13,2014-03-18 12:00,Please Vote?,6,0,0,11,https://malegislature.gov/Bills/188/H139
188,H141,J13,2014-03-19 14:30,Please Vote?,7,0,2,8,https://malegislature.gov/Bills/188/H141
188,H143,J13,2014-02-19 16:30,Please Vote!,7,0,2,8,https://malegislature.gov/Bills/188/H143
188,H144,J13,2014-03-18 12:00,Please Vote?,6,0,0,11,https://malegislature.gov/Bills/188/H144
188,H147,J13,2014-02-19 16:30,Please Vote!,5,1,3,8,https://malegislature.gov/Bills/188/H147
188,H148,J13,2013-08-02 14:30,Please Vote,11,0,0,5,https://malegislature.gov/Bills/188/H148
188,H149,J13,2014-03-18 12:00,Please Vote?,6,0,0,11,https://malegislature.gov/Bills/188/H149
188,H150,J13,2014-03-18 12:00,Please Vote?,5,0,1,11,https://malegislature.gov/Bills/188/H150
188,H151,J13,2014-05-02 16:15,Please Vote!,12,0,0,5,https://malegislature.gov/Bills/188/H151
188,H152,J13,2014-03-18 12:00,Please Vote?,4,0,1,12,https://malegislature.gov/Bills/188/H152
188,H154,J13,2014-02-19 16:30,Please Vote!,5,1,3,8,https://malegislature.gov/Bills/188/H154
188,H155,J13,2013-05-24 15:00,Please Vote,7,0,1,7,https://malegislature.gov/Bills/188/H155
188,H156,J13,2014-03-19 14:30,Please Vote?,7,0,2,8,https://malegislature.gov/Bills/188/H156
188,H157,J13,2014-03-18 16:45,Please Vote!,5,0,1,11,https://malegislature.gov/Bills/188/H157
188,H158,J13,2013-08-02 14:30,Please Vote,10,0,1,5,https://malegislature.gov/Bills/188/H158
188,H159,J13,2014-03-18 16:45,Please Vote!,6,0,0,11,https://malegislature.gov/Bills/188/H159
188,H160,J13,2014-02-19 16:30,Please Vote!,7,1,1,8,https://malegislature.gov/Bills/188/H160
188,H175,J17,2014-02-28 11:00,Should House Bill No. 175 be reported favorably out of Committee,7,0,0,10,https://malegislature.gov/Bills/188/H175
188,H184,J17,2013-11-08 17:00,Should H184 be reported favorably out of Committee as amended?,11,1,1,4,https://malegislature.gov/Bills/188/H184
188,H185,J17,2014-02-12 15:15,Should House Bill No. 185 be reported favorably out of Committee as amended?,7,0,0,10,https://malegislature.gov/Bills/188/H185
188,H190,J17,2014-06-03 13:30,Should H190 be reported favorably out of Committee?,8,0,0,9,https://malegislature.gov/Bills/188/H190
188,H203,J17,2014-06-03 13:30,Should be reported favorably out of Committee?,8,0,0,9,https://malegislature.gov/Bills/188/H203
188,H213,J17,2014-07-08 16:17,Should H213 be reported favorably out of Committee as amended?,11,0,0,6,https://malegislature.gov/Bills/188/H213
188,H231,J17,2014-06-03 15:32,Should H231 be released favorably from Commitee?,8,0,0,9,https://malegislature.gov/Bills/188/H231
188,H236,J17,2014-07-08 16:19,Should H236 be reported favorably out of Committee?,5,5,1,6,https://malegislature.gov/Bills/188/H236
188,H244,J17,2014-06-03 12:00,Should H244 be reported favorably out of Committee?,6,0,0,11,https://malegislature.gov/Bills/188/H244
188,H248,J17,2014-07-08 16:30,Should H248 be reported favorably out of Committee as amended?,10,0,1,6,https://malegislature.gov/Bills/188/H248
188,H256,J17,2014-07-08 16:30,Should H256 be reported favorably out of Committee as amended?,11,0,0,6,https://malegislature.gov/Bills/188/H256
188,H262,J17,2014-07-08 16:30,Should H262 be reported favorably out of Committee as amended?,10,1,0,6,https://malegislature.gov/Bills/188/H262
188,H270,J17,2014-06-03 13:30,Should H270 be reported favorably out of Committee as amended?,8,0,0,9,https://malegislature.gov/Bills/188/H270
188,H28,J12,2013-04-24 13:00,Favorable report on H.28,9,0,0,9,https://malegislature.gov/Bills/188/H28
188,H2839,J13,2014-03-19 14:30,Please Vote?,5,0,3,9,https://malegislature.gov/Bills/188/H2839
188,H2919,J37,2014-03-18 16:30,"Do you vote in favor of reporting H. 2919 “Ought to pass,” as amended, to the House of Representatives?",15,0,0,2,https://malegislature.gov/Bills/188/H2919
188,H293,J17,2014-06-03 13:30,Should H293 be reported favorably out of Committee as amended?,8,0,0,9,https://malegislature.gov/Bills/188/H293
188,H2930,J37,2014-06-13 12:20,"Do you vote in favor of reporting this bill “Ought to pass,” as amended, to the House of Representatives?",12,0,4,1,https://malegislature.gov/Bills/188/H2930
188,H2945,J37,2013-11-13 16:00,The Chairs recommend the bill is reported favorably. ,17,0,0,0,https://malegislature.gov/Bills/188/H2945
188,H2949,J37,2014-03-12 12:30,"Do you vote in favor of reporting H.2949/S.1595 “Ought to pass,"" and sent to the House of Representatives?",13,0,0,4,https://malegislature.gov/Bills/188/H2949
188,H2950,J37,2013-11-13 16:00,"The Chairs recommend the bill is reported favorably, as redrafted.",11,0,6,0,https://malegislature.gov/Bills/188/H2950
188,H2953,J37,2014-03-12 12:30,"Do you vote in favor of reporting H.2953 “Ought to pass,"" and sent to the House of Representatives?",11,0,1,5,https://malegislature.gov/Bills/188/H2953
188,H2958,J37,2014-03-04 12:00,Are you in favor of reporting H.2958 as amended “Ought to pass”?,15,0,0,2,https://malegislature.gov/Bills/188/H2958
188,H2964,J37,2014-06-06 12:10,"Do you vote to report favorably on H.2964, as amended, to the House of Representatives, with the following bills attached: S.1572/S.1585?",13,0,2,2,https://malegislature.gov/Bills/188/H2964
188,H2966,J37,2014-03-18 16:30,"Do you vote in favor of reporting H.2966 “Ought to pass,” as amended, to the House of Representatives?",14,1,0,2,https://malegislature.gov/Bills/188/H2966
188,H2993,J30,2013-12-09 16:00,Should the committee discharge H.2993 to the Education Committee?,13,0,0,4,https://malegislature.gov/Bills/188/H2993
188,H2999,J30,2013-12-09 16:00,Should the committee report H.2999 out favorably. ,12,0,1,4,https://malegislature.gov/Bills/188/H2999
188,H3002,J30,2013-12-10 11:30,Should the committee report out H.3002 favorably?,9,0,0,8,https://malegislature.gov/Bills/188/H3002
188,H3042,J27,2013-05-31 14:30,Favorable,1,0,0,19,https://malegislature.gov/Bills/188/H3042
188,H3046,J27,2013-10-02 14:00,Favorable,0,0,0,20,https://malegislature.gov/Bills/188/H3046
188,H3056,J27,2013-09-24 14:00,Favorable,0,0,0,20,https://malegislature.gov/Bills/188/H3056
188,H3064,J27,2013-09-24 14:00,Favorable,0,0,0,20,https://malegislature.gov/Bills/188/H3064
188,H3070,J27,2013-09-24 14:00,Favorable,0,0,0,20,https://malegislature.gov/Bills/188/H3070
188,H3086,J27,2013-10-02 14:00,Favorable as redrafted,0,0,0,20,https://malegislature.gov/Bills/188/H3086
188,H3093,J27,2013-09-24 14:00,Favorable,0,0,0,20,https://malegislature.gov/Bills/188/H3093
188,H3097,J27,2013-09-24 14:00,Favorable,0,0,0,20,https://malegislature.gov/Bills/188/H3097
188,H3101,J27,2013-11-08 16:02,favorable,0,0,0,20,https://malegislature.gov/Bills/188/H3101
188,H3146,J27,2013-09-24 14:00,Favorable,0,0,0,20,https://malegislature.gov/Bills/188/H3146
188,H3153,J27,2013-06-21 12:38,favorable,0,0,0,20,https://malegislature.gov/Bills/188/H3153
188,H3154,J27,2013-09-24 14:00,favorable,0,0,0,20,https://malegislature.gov/Bills/188/H3154
188,H3158,J27,2013-09-24 14:00,favorable,0,0,0,20,https://malegislature.gov/Bills/188/H3158
188,H3169,J27,2013-07-19 14:21,favorable as redrafted,0,0,0,20,https://malegislature.gov/Bills/188/H3169
188,H3327,J27,2013-03-29 16:00,Favorable (in part) on Chapter 90,2,0,0,18,https://malegislature.gov/Bills/188/H3327
188,H3329,J17,2013-04-03 10:30,Should House Bill 3329 be reported favorably out of Committee?,9,0,0,7,https://malegislature.gov/Bills/188/H3329
188,H3419,J17,2014-07-08 16:30,Should H3419 be reported favorably out of Committee as amended?,11,0,0,6,https://malegislature.gov/Bills/188/H3419
188,H3460,J13,2013-06-13 16:30,Please Vote,11,0,0,4,https://malegislature.gov/Bills/188/H3460
188,H3503,J27,2013-09-24 14:00,favorable as changed,0,0,0,20,https://malegislature.gov/Bills/188/H3503
188,H3594,J21,2014-05-21 14:30,Shall the committee move this bill to study?,6,1,0,10,https://malegislature.gov/Bills/188/H3594
188,H3609,J28,2013-08-30 12:00,Favorable,0,0,0,17,https://malegislature.gov/Bills/188/H3609
188,H3622,J17,2013-10-16 17:00,Should House Bill 3622 be reported favorably out of Committee?,8,0,0,9,https://malegislature.gov/Bills/188/H3622
188,H3649,J27,2013-11-08 16:04,favorable,0,0,0,20,https://malegislature.gov/Bills/188/H3649
188,H3684,J17,2014-02-12 15:15,Should House Bill No. 3684 be reported favorably out of Committee?,7,0,0,10,https://malegislature.gov/Bills/188/H3684
188,H3774,J27,2014-02-21 11:40,favorable,0,0,0,20,https://malegislature.gov/Bills/188/H3774
188,H3802,J37,2014-03-04 12:00,Are you in favor of reporting H.3802 as amended “Ought to pass”?,15,0,0,2,https://malegislature.gov/Bills/188/H3802
188,H3892,J27,2014-03-07 16:00,favorable,0,0,0,20,https://malegislature.gov/Bills/188/H3892
188,H3901,J37,2014-06-13 12:20,"Do you vote in favor of reporting this bill “Ought to pass,” as amended, to the House of Representatives?",16,0,0,1,https://malegislature.gov/Bills/188/H3901
188,H3963,J21,2014-04-15 14:00,Shall the committe move this bill favorably to the House as redrafted and with a title change?,7,1,2,7,https://malegislature.gov/Bills/188/H3963
188,H3968,J37,2014-06-13 12:20,"Do you vote in favor of reporting this bill “Ought to pass,” as amended, to the House of Representatives?",15,0,1,1,https://malegislature.gov/Bills/188/H3968
188,H3992,J21,2014-04-25 14:15,Shall the committee move this bill favorably to the house?,10,0,0,7,https://malegislature.gov/Bills/188/H3992
188,H40,J17,2014-02-28 11:00,Should House Bill No. 40 be reported favorably out of Committee,6,0,1,10,https://malegislature.gov/Bills/188/H40
188,H4058,J13,2014-07-14 13:00,Please vote favorable to be placed into study?,6,1,1,9,https://malegislature.gov/Bills/188/H4058
188,H4115,J17,2014-07-29 14:30,Should H4115 be reported favorably out of committee as amended?,7,0,0,10,https://malegislature.gov/Bills/188/H4115
188,H4190,J17,2014-07-15 14:00,Should H4190 be reported favorably out of Committee?,10,0,0,7,https://malegislature.gov/Bills/188/H4190
188,H4191,J17,2014-07-08 16:30,Should H4191 be reported favorably out of Committee?,11,0,0,6,https://malegislature.gov/Bills/188/H4191
188,H4207,J17,2014-07-15 14:00,Should H4207 be reported favorably out of Committee?,9,1,0,7,https://malegislature.gov/Bills/188/H4207
188,H4238,J17,2014-07-15 14:00,Should H4238 be reported favorably out of Committee?,10,0,0,7,https://malegislature.gov/Bills/188/H4238
188,H4239,J17,2014-07-15 14:00,Should H4239 be reported favorably out of Committee?,10,0,0,7,https://malegislature.gov/Bills/188/H4239
188,H4313,J17,2014-08-15 12:07,Should this bill be reported favorably?,9,0,0,8,https://malegislature.gov/Bills/188/H4313
188,H4314,J17,2014-08-15 12:07,Should this bill be reported favorably?,9,0,0,8,https://malegislature.gov/Bills/188/H4314
188,H4339,J21,2014-08-22 14:17,Shall the committee move this bill favorably to the House?,12,0,1,4,https://malegislature.gov/Bills/188/H4339
188,H4343,J21,2014-08-22 14:17,Shall the committee discharge this bill to House Ways and Means?,12,0,1,4,https://malegislature.gov/Bills/188/H4343
188,H4361,J17,2014-08-15 12:07,Should this bill be reported favorably?,9,0,0,8,https://malegislature.gov/Bills/188/H4361
188,H4523,J13,2014-12-03 16:00,Please vote on amended bill?,9,0,0,8,https://malegislature.gov/Bills/188/H4523
188,H6,J13,2014-03-19 13:00,Please Vote to Study order?,6,1,0,10,https://malegislature.gov/Bills/188/H6
188,H679,J21,2014-03-19 12:00,Shall the committee move this bill to study?,12,0,0,5,https://malegislature.gov/Bills/188/H679
188,H679,J21,2014-05-21 14:30,Shall the committee move this bill to study?,6,1,0,10,https://malegislature.gov/Bills/188/H679
188,H703,J21,2014-03-19 12:00,Shall the committee move this bill to study?,12,0,0,5,https://malegislature.gov/Bills/188/H703
188,H711,J21,2014-03-19 12:00,Shall the committee move this bill to study?,12,0,0,5,https://malegislature.gov/Bills/188/H711
188,H711,J21,2014-05-08 14:00,Shall the committee move this bill favorably to the House?,9,0,0,8,https://malegislature.gov/Bills/188/H711
188,H712,J21,2014-03-19 12:00,Shall the committee move this bill to study?,12,0,0,5,https://malegislature.gov/Bills/188/H712
188,H713,J21,2014-03-19 12:00,Shall the committee move this bill to study?,12,0,0,5,https://malegislature.gov/Bills/188/H713
188,H713,J21,2014-05-08 14:00,Shall the committee move this bill favorably to the House carrying H 728?,9,0,0,8,https://malegislature.gov/Bills/188/H713
188,H728,J21,2014-03-19 12:00,Shall the committee move this bill to study?,12,0,0,5,https://malegislature.gov/Bills/188/H728
188,H728,J21,2014-05-08 14:00,Shall the committee move this bill favorably to the House as carried by H 713?,9,0,0,8,https://malegislature.gov/Bills/188/H728
188,H73,J13,2013-10-04 17:00,Please Vote?,9,0,0,7,https://malegislature.gov/Bills/188/H73
188,H75,J13,2013-11-15 16:45,Please Vote?,11,0,0,6,https://malegislature.gov/Bills/188/H75
188,H751,J21,2013-08-14 15:00,"Shall the Joint Committee on Environment, Natural Resources & Agriculture move to report this bill favorably?",10,0,0,7,https://malegislature.gov/Bills/188/H751
188,H754,J21,2014-07-16 10:30,Shall the committee move this bill favorably to the House?,9,0,2,6,https://malegislature.gov/Bills/188/H754
188,H76,J13,2013-11-15 16:45,Please Vote?,10,0,1,6,https://malegislature.gov/Bills/188/H76
188,H77,J13,2013-10-25 17:00,Please Vote.,12,0,0,5,https://malegislature.gov/Bills/188/H77
188,H776,J21,2013-08-14 15:00,"Shall the Joint Committee on Environment, Natural Resources & Agriculture move to report this bill favorably?",10,0,0,7,https://malegislature.gov/Bills/188/H776
188,H78,J13,2013-10-04 17:00,Please Vote?,8,0,0,8,https://malegislature.gov/Bills/188/H78
188,H783,J21,2014-03-19 12:00,Shall the committee move this bill to study?,12,0,0,5,https://malegislature.gov/Bills/188/H783
188,H79,J13,2013-08-02 14:30,Please Vote,9,0,2,5,https://malegislature.gov/Bills/188/H79
188,H798,J21,2014-03-19 12:00,Shall the committee move this bill to study?,12,0,0,5,https://malegislature.gov/Bills/188/H798
188,H80,J13,2014-03-18 16:45,Please Vote!,5,0,1,11,https://malegislature.gov/Bills/188/H80
188,H804,J21,2013-08-14 15:00,"Shall the Joint Committee on Environment, Natural Resources & Agriculture move to report this bill favorably?",9,0,0,8,https://malegislature.gov/Bills/188/H804
188,H807,J37,2014-03-12 12:30,"Do you vote in favor of reporting H.807, as amended, “Ought to pass,"" and sent to the House of Representatives?",13,0,0,4,https://malegislature.gov/Bills/188/H807
188,H81,J13,2013-08-02 14:30,Please Vote,9,0,2,5,https://malegislature.gov/Bills/188/H81
188,H814,J21,2014-03-19 12:00,Shall the committee move this bill to study?,12,0,0,5,https://malegislature.gov/Bills/188/H814
188,H817,J21,2013-08-14 15:00,"Shall the Joint Committee on Environment, Natural Resources & Agriculture move to report this bill favorably?",10,0,0,7,https://malegislature.gov/Bills/188/H817
188,H82,J13,2013-08-02 14:30,Please Vote,10,0,1,5,https://malegislature.gov/Bills/188/H82
188,H829,J21,2014-03-19 12:00,Shall the committee move this bill to study?,12,0,0,5,https://malegislature.gov/Bills/188/H829
188,H83,J13,2013-05-24 15:00,Please Vote,8,0,0,7,https://malegislature.gov/Bills/188/H83
188,H84,J13,2014-03-18 16:45,Please Vote!,4,0,1,12,https://malegislature.gov/Bills/188/H84
188,H85,J13,2014-07-31 11:30,Please Vote Favorable?,13,0,0,4,https://malegislature.gov/Bills/188/H85
188,H87,J13,2014-03-19 14:30,Please Vote?,9,0,0,8,https://malegislature.gov/Bills/188/H87
188,H93,J13,2013-06-13 16:30,Please Vote,8,1,2,4,https://malegislature.gov/Bills/188/H93
188,H94,J13,2013-11-15 16:45,Please Vote?,10,1,0,6,https://malegislature.gov/Bills/188/H94
188,H95,J13,2014-01-16 17:00,Please Vote!,10,0,1,6,https://malegislature.gov/Bills/188/H95
188,H96,J13,2014-03-18 16:45,Please Vote!,4,1,1,11,https://malegislature.gov/Bills/188/H96
188,S100,J17,2014-06-03 13:30,Should S100 be reported favorably out of Committee?,8,0,0,9,https://malegislature.gov/Bills/188/S100
188,S128,J17,2014-06-03 13:30,Should S128 be reported favorably out of Committee?,8,0,0,9,https://malegislature.gov/Bills/188/S128
188,S155,J17,2013-11-08 17:00,Should S155 be reported favorably out of Committee as amended?,14,0,1,2,https://malegislature.gov/Bills/188/S155
188,S1565,J37,2014-03-18 16:30,"Do you vote in favor of reporting S.1565“Ought to pass,” as amended, to the Senate?",14,1,0,2,https://malegislature.gov/Bills/188/S1565
188,S1573,J37,2014-03-12 12:30,"Do you vote in favor of reporting S.1573/H.2941, as amended, “Ought to pass,” and sent to the Senate?",12,0,0,5,https://malegislature.gov/Bills/188/S1573
188,S1580,J37,2013-11-13 16:00,"The Chairs recommend the bill is reported favorably, as redrafted. ",0,0,6,11,https://malegislature.gov/Bills/188/S1580
188,S1586,J37,2014-03-04 12:00,Are you in favor of reporting S.1586 as amended “Ought to pass”?,9,3,3,2,https://malegislature.gov/Bills/188/S1586
188,S1589,J37,2014-03-18 16:30,"Do you vote in favor of reporting S.1589 “Ought to pass,” as amended, to the Senate?",15,0,0,2,https://malegislature.gov/Bills/188/S1589
188,S1593,J37,2014-01-08 15:00,"The Chairs recommend that S.1593 (Finegold), An Act relative to credit for thermal energy generated with renewable fuels, be redrafted, given a favorable report as redrafted, and be sent to the Senate",15,0,0,2,https://malegislature.gov/Bills/188/S1593
188,S1611,J37,2014-06-13 12:20,"Do you vote in favor of reporting this bill “Ought to pass,” as amended, to the Senate?",16,0,0,1,https://malegislature.gov/Bills/188/S1611
188,S1622,J30,2013-12-09 16:00,Should the committee report out S.1622 favorably?,13,0,0,4,https://malegislature.gov/Bills/188/S1622
188,S1623,J30,2013-05-30 16:30,Should this bill be reported favorably from the committee?,9,0,1,5,https://malegislature.gov/Bills/188/S1623
188,S1627,J30,2013-12-09 16:00,Should the committee report out S.1627 favorably?,8,1,3,5,https://malegislature.gov/Bills/188/S1627
188,S1629,J30,2013-12-09 16:00,Should the committee report out S.1629 favorably?,10,0,2,5,https://malegislature.gov/Bills/188/S1629
188,S1635,J27,2013-10-18 16:00,favorable,1,0,0,19,https://malegislature.gov/Bills/188/S1635
188,S165,J17,2014-06-03 13:30,Should S165 be reported favorably out of Committee?,8,0,0,9,https://malegislature.gov/Bills/188/S165
188,S1678,J27,2013-04-03 16:00,discharge to Veterans Committee,0,0,0,20,https://malegislature.gov/Bills/188/S1678
188,S1679,J27,2013-10-02 14:00,favorable,0,0,0,20,https://malegislature.gov/Bills/188/S1679
188,S1683,J27,2014-02-21 11:35,favorable,0,0,0,20,https://malegislature.gov/Bills/188/S1683
188,S1687,J27,2013-10-02 14:00,favorable,0,0,0,20,https://malegislature.gov/Bills/188/S1687
188,S1692,J27,2013-04-03 16:00,discharge to Veterans Committee,0,0,0,20,https://malegislature.gov/Bills/188/S1692
188,S1695,J27,2013-06-21 12:39,favorable,0,0,0,20,https://malegislature.gov/Bills/188/S1695
188,S1719,J27,2013-09-24 14:00,favorable,0,0,0,20,https://malegislature.gov/Bills/188/S1719
188,S175,J12,2013-07-26 13:00,Shall the committee make a favorable report?,10,0,0,8,https://malegislature.gov/Bills/188/S175
188,S177,J37,2014-05-14 16:30,"Do you vote in favor of reporting S. 177 “Ought to pass,” to the Senate?",12,0,1,4,https://malegislature.gov/Bills/188/S177
188,S1864,J27,2013-11-08 16:05,favorable,0,0,0,20,https://malegislature.gov/Bills/188/S1864
188,S1873,J37,2014-06-06 12:10,"Do you vote to report favorably on S1873, as amended, to the Senate?",15,0,0,2,https://malegislature.gov/Bills/188/S1873
188,S1874,J27,2013-11-08 16:06,favorable,0,0,0,20,https://malegislature.gov/Bills/188/S1874
188,S19,J13,2013-06-13 16:30,Please Vote,9,0,3,3,https://malegislature.gov/Bills/188/S19
188,S1908,J37,2014-06-06 12:10,"Do you vote to report favorably on S1908, as amended, to the Senate",15,0,0,2,https://malegislature.gov/Bills/188/S1908
188,S1911,J13,2014-03-18 16:45,Please Vote!,6,0,0,11,https://malegislature.gov/Bills/188/S1911
188,S1927,J27,2014-02-21 11:34,favorable,0,0,0,20,https://malegislature.gov/Bills/188/S1927
188,S1967,J27,2014-02-21 11:28,favorable,0,0,0,20,https://malegislature.gov/Bills/188/S1967
188,S20,J13,2014-01-16 17:00,Please Vote!,9,0,2,6,https://malegislature.gov/Bills/188/S20
188,S2020,J37,2014-06-06 12:10,"Do you vote to report favorably on S2020, as amended, to the Senate?",15,0,0,2,https://malegislature.gov/Bills/188/S2020
188,S21,J13,2013-08-02 14:30,Please Vote,10,0,0,6,https://malegislature.gov/Bills/188/S21
188,S2194,J17,2014-07-15 14:00,Should S2194 be reported favorably out of Committee?,10,0,0,7,https://malegislature.gov/Bills/188/S2194
188,S22,J13,2013-08-02 14:30,Please Vote,10,0,1,5,https://malegislature.gov/Bills/188/S22
188,S2233,J17,2014-07-15 14:00,Should S2233 be reported favorably out of Committee?,10,0,0,7,https://malegislature.gov/Bills/188/S2233
188,S2278,J37,2014-07-30 17:30,"Do you vote to report favorably on S.2278 as redrafted, sending the bill to the Senate?",14,1,0,2,https://malegislature.gov/Bills/188/S2278
188,S2289,J17,2014-07-29 14:30,Should Senate Bill 2289 be reported favorably out of Committe?,7,0,0,10,https://malegislature.gov/Bills/188/S2289
188,S23,J13,2013-08-02 14:30,Please Vote,11,0,0,5,https://malegislature.gov/Bills/188/S23
188,S2397,J26,2014-12-16 10:31,the bill,0,0,0,17,https://malegislature.gov/Bills/188/S2397
188,S24,J13,2014-03-18 16:45,Please Vote!,6,0,0,11,https://malegislature.gov/Bills/188/S24
188,S25,J13,2013-05-24 15:00,Please Vote,8,0,0,7,https://malegislature.gov/Bills/188/S25
188,S26,J13,2013-05-24 15:00,Please Vote,8,0,0,7,https://malegislature.gov/Bills/188/S26
188,S27,J13,2014-07-31 11:30,Please vote favorable?,13,0,0,4,https://malegislature.gov/Bills/188/S27
188,S28,J13,2014-06-13 16:45,Please Vote?,10,2,2,3,https://malegislature.gov/Bills/188/S28
188,S29,J13,2014-06-13 16:45,Please Vote?,5,8,1,3,https://malegislature.gov/Bills/188/S29
188,S30,J13,2014-06-13 16:45,Please Vote?,10,2,2,3,https://malegislature.gov/Bills/188/S30
188,S32,J13,2013-10-25 17:00,Please Vote.,12,0,0,5,https://malegislature.gov/Bills/188/S32
188,S33,J13,2013-05-24 15:00,Please Vote,8,0,0,7,https://malegislature.gov/Bills/188/S33
188,S34,J13,2014-03-19 14:30,Please Vote?,9,0,0,8,https://malegislature.gov/Bills/188/S34
188,S35,J13,2013-05-24 15:00,Please Vote,6,0,2,7,https://malegislature.gov/Bills/188/S35
188,S37,J13,2013-06-13 16:30,Please Vote,8,1,2,4,https://malegislature.gov/Bills/188/S37
188,S379,J37,2014-07-15 12:30,Do you vote to report favorably on H2973 as redrafted to the House of Representatives?,5,3,1,8,https://malegislature.gov/Bills/188/S379
188,S38,J13,2014-03-18 12:00,Please Vote?,5,0,0,12,https://malegislature.gov/Bills/188/S38
188,S39,J13,2013-10-04 17:00,Please Vote?,9,0,0,7,https://malegislature.gov/Bills/188/S39
188,S40,J13,2014-03-18 12:00,Please Vote?,5,0,1,11,https://malegislature.gov/Bills/188/S40
188,S43,J13,2013-11-15 16:45,Please Vote?,11,0,0,6,https://malegislature.gov/Bills/188/S43
188,S44,J13,2014-03-19 14:30,Please Vote?,9,0,0,8,https://malegislature.gov/Bills/188/S44
188,S47,J13,2013-11-15 16:45,Please Vote?,10,0,0,7,https://malegislature.gov/Bills/188/S47
188,S48,J13,2014-02-19 16:30,Please Vote!,7,0,2,8,https://malegislature.gov/Bills/188/S48
188,S49,J13,2014-03-18 16:45,Please Vote!,6,0,0,11,https://malegislature.gov/Bills/188/S49
188,S52,J13,2014-03-18 16:45,Please Vote!,6,0,0,11,https://malegislature.gov/Bills/188/S52
188,S53,J13,2013-05-24 15:00,Please Vote,7,0,1,7,https://malegislature.gov/Bills/188/S53
188,S54,J13,2013-08-02 14:30,Please Vote,10,0,0,6,https://malegislature.gov/Bills/188/S54
188,S55,J13,2013-08-02 14:30,Please Vote,11,0,0,5,https://malegislature.gov/Bills/188/S55
188,S56,J13,2013-11-15 16:45,Please Vote?,10,0,1,6,https://malegislature.gov/Bills/188/S56
188,S57,J13,2014-02-19 16:30,Bill No.	Title	Sponsor,8,0,1,8,https://malegislature.gov/Bills/188/S57
188,S58,J13,2013-10-04 17:00,Please Vote?,9,0,0,7,https://malegislature.gov/Bills/188/S58
188,S60,J13,2014-03-18 16:45,Please Vote!,6,0,0,11,https://malegislature.gov/Bills/188/S60
188,S64,J13,2014-03-18 12:00,Please Vote?,6,0,0,11,https://malegislature.gov/Bills/188/S64
188,S66,J13,2013-08-02 14:30,Please Vote,10,0,0,6,https://malegislature.gov/Bills/188/S66
188,S908,J13,2013-10-04 17:00,Please Vote?,9,0,0,7,https://malegislature.gov/Bills/188/S908
188,S91,J17,2014-06-03 13:30,Should S91 be reported favorably out of Committee as amended?,8,0,0,9,https://malegislature.gov/Bills/188/S91
188,S97,J17,2014-02-12 15:15,Should Senate Bill No. 97 be reported favorably out of Committee as amended?,7,0,0,10,https://malegislature.gov/Bills/188/S97
188,S972,J21,2014-03-19 12:00,Shall the committee move this bill to study?,12,0,0,5,https://malegislature.gov/Bills/188/S972
189,H101,J13,2015-07-17 12:00,Please vote,9,0,3,5,https://malegislature.gov/Bills/189/H101
189,H108,J13,2015-09-18 14:00,Please Vote.,11,0,0,6,https://malegislature.gov/Bills/189/H108
189,H110,J13,2015-12-16 14:00,Please Vote.,10,0,1,6,https://malegislature.gov/Bills/189/H110
189,H112,J13,2016-03-14 11:00,Please vote?,14,0,0,3,https://malegislature.gov/Bills/189/H112
189,H113,J13,2015-07-17 12:00,Please vote,10,0,2,5,https://malegislature.gov/Bills/189/H113
189,H114,J13,2015-09-18 14:00,Please Vote.,12,0,0,5,https://malegislature.gov/Bills/189/H114
189,H118,J13,2016-03-14 11:00,Please vote?,12,0,2,3,https://malegislature.gov/Bills/189/H118
189,H120,J13,2015-12-23 13:30,Please Vote.,11,0,1,5,https://malegislature.gov/Bills/189/H120
189,H121,J13,2016-03-14 11:00,Please vote?,13,0,1,3,https://malegislature.gov/Bills/189/H121
189,H124,J13,2016-03-14 11:00,Please vote?,12,0,2,3,https://malegislature.gov/Bills/189/H124
189,H125,J13,2015-12-23 13:30,Please Vote.,8,1,2,6,https://malegislature.gov/Bills/189/H125
189,H126,J13,2015-12-23 13:30,Please Vote.,11,0,1,5,https://malegislature.gov/Bills/189/H126
189,H127,J13,2015-08-27 16:00,Please Vote,12,0,0,5,https://malegislature.gov/Bills/189/H127
189,H128,J13,2015-09-18 14:00,Please Vote.,8,0,0,9,https://malegislature.gov/Bills/189/H128
189,H129,J13,2015-08-27 16:00,Please Vote,13,0,0,4,https://malegislature.gov/Bills/189/H129
189,H130,J13,2015-08-27 16:00,Please Vote ,12,0,0,5,https://malegislature.gov/Bills/189/H130
189,H131,J13,2015-12-23 13:30,Please Vote.,10,0,2,5,https://malegislature.gov/Bills/189/H131
189,H132,J13,2016-03-14 11:00,Please vote?,14,0,0,3,https://malegislature.gov/Bills/189/H132
189,H133,J13,2015-12-23 13:30,Please Vote.,11,0,1,5,https://malegislature.gov/Bills/189/H133
189,H135,J13,2015-07-17 12:00,Please vote,9,0,3,5,https://malegislature.gov/Bills/189/H135
189,H136,J13,2016-03-14 11:00,Please vote?,14,0,0,3,https://malegislature.gov/Bills/189/H136
189,H1432,J13,2016-03-16 15:00,Please Vote?,12,0,0,5,https://malegislature.gov/Bills/189/H1432
189,H164,J17,2016-01-27 15:00,"Should H.164 receive ""ought to pass"" recommendation and then be referred to the Senate?",1,0,0,15,https://malegislature.gov/Bills/189/H164
189,H166,J17,2016-01-27 15:00,"Should H.166 be recommeded as ""ought to pass""?",0,0,0,16,https://malegislature.gov/Bills/189/H166
189,H169,J17,2016-01-27 15:00,"Should H.169 be recommended as ""ought to pass""?",0,0,0,16,https://malegislature.gov/Bills/189/H169
189,H1699,J43,2015-09-17 16:00,"Should this bill, as amended, be reported favorably?",6,0,1,9,https://malegislature.gov/Bills/189/H1699
189,H176,J17,2016-02-11 12:00,"Should H.176 receive an ""ought to pass"" as recommended?",0,0,0,16,https://malegislature.gov/Bills/189/H176
189,H177,J17,2015-11-24 14:00,Should H.177 ought to be discharged to the Joint Committee on Public Health?,1,0,0,16,https://malegislature.gov/Bills/189/H177
189,H1846,J10,2015-05-13 16:30,On whether to report the bill favorably,7,0,0,9,https://malegislature.gov/Bills/189/H1846
189,H187,J17,2015-12-23 15:30,Should H.187 pass as drafted?,0,0,0,17,https://malegislature.gov/Bills/189/H187
189,H199,J17,2015-11-24 14:00,Should H.199 pass as amended?,1,0,0,16,https://malegislature.gov/Bills/189/H199
189,H200,J17,2016-02-05 12:00,Should H.200 ought to pass as recommended?,0,0,0,16,https://malegislature.gov/Bills/189/H200
189,H206,J17,2016-02-05 12:00,Should H.206 ought to pass as recommended?,0,0,0,16,https://malegislature.gov/Bills/189/H206
189,H2112,S30,2016-07-26 10:35,Ought to pass with an amendment,9,0,4,5,https://malegislature.gov/Bills/189/H2112
189,H217,J17,2016-02-11 12:00,"Should H.217 receive an ""ought to pass"" as recommended?",0,0,0,16,https://malegislature.gov/Bills/189/H217
189,H218,J17,2016-01-27 15:00,"Should H.218 be recommended as ""ought to pass"" and the referred to the Senate with S.150?",0,0,0,16,https://malegislature.gov/Bills/189/H218
189,H220,J17,2016-01-27 15:00,"Should H.220 be recommended as ""ought to pass""?",0,0,0,16,https://malegislature.gov/Bills/189/H220
189,H221,J17,2016-02-11 12:00,"Should H.221 receive an ""ought to pass"" as recommended?",0,0,0,16,https://malegislature.gov/Bills/189/H221
189,H225,J17,2016-02-05 12:00,Should H.225 ought to pass as recommended?,0,0,0,16,https://malegislature.gov/Bills/189/H225
189,H228,J17,2015-11-24 14:00,Should H.228 pass as amended?,1,0,0,16,https://malegislature.gov/Bills/189/H228
189,H230,J17,2016-01-27 15:00,"Should H.230 be recommended as ""ought to pass""?",0,0,0,16,https://malegislature.gov/Bills/189/H230
189,H236,J17,2016-02-05 12:00,Should H.236 ought to pass as recommended?,0,0,0,16,https://malegislature.gov/Bills/189/H236
189,H243,J17,2016-01-27 15:00,"Should H.243 be recommended as ""ought to pass""?",0,0,0,16,https://malegislature.gov/Bills/189/H243
189,H247,J17,2016-01-27 15:00,"Should H.247 be recommended as ""ought to pass""?",0,0,0,16,https://malegislature.gov/Bills/189/H247
189,H248,J17,2016-01-27 15:00,"Should H.248 be recommended as ""ought to pass""?",0,0,0,16,https://malegislature.gov/Bills/189/H248
189,H252,J17,2016-02-05 12:00,Should H.252 ought to pass as recommended?,0,0,0,16,https://malegislature.gov/Bills/189/H252
189,H253,J17,2016-02-11 12:00,"Should H.253 receive an ""ought to pass"" as recommended?",0,0,0,16,https://malegislature.gov/Bills/189/H253
189,H272,J17,2016-01-27 15:00,"Should H.272 be recommended as ""ought to pass""?",0,0,0,16,https://malegislature.gov/Bills/189/H272
189,H275,J17,2016-01-27 15:00,"Should H.275 be recommended as ""ought to pass""?",0,0,0,16,https://malegislature.gov/Bills/189/H275
189,H2782,S30,2016-09-01 10:35,Ought to pass with an amendment,16,0,0,2,https://malegislature.gov/Bills/189/H2782
189,H2837,S30,2016-07-18 10:35,Ought to pass with an amendment,17,0,0,1,https://malegislature.gov/Bills/189/H2837
189,H2837,S32,2016-06-10 11:00,Shall the bill (H2837) receive a favorable report from the Committee?,5,0,0,2,https://malegislature.gov/Bills/189/H2837
189,H3187,S32,2015-03-27 16:00,"Shall the bill in question (H3187 A) be reported with a favorable ""Ought to Pass"" recommendation?",5,0,0,2,https://malegislature.gov/Bills/189/H3187
189,H3206,J10,2015-04-09 13:30,On recommending favorable report of H.3206,3,0,0,13,https://malegislature.gov/Bills/189/H3206
189,H3207,J13,2015-12-16 14:00,Please Vote.,10,0,1,6,https://malegislature.gov/Bills/189/H3207
189,H3208,J13,2016-03-14 11:00,Please vote?,14,0,0,3,https://malegislature.gov/Bills/189/H3208
189,H3212,J13,2015-07-17 12:00,Please vote,10,0,2,5,https://malegislature.gov/Bills/189/H3212
189,H3323,J17,2015-07-31 16:00,Shouild H3332 pass as amended?,1,0,0,16,https://malegislature.gov/Bills/189/H3323
189,H3326,S30,2016-12-22 10:35,Ought to pass,12,0,2,4,https://malegislature.gov/Bills/189/H3326
189,H3355,J17,2015-07-31 16:00,Should H.3367 pass as amended?,11,0,0,6,https://malegislature.gov/Bills/189/H3355
189,H3360,J10,2015-05-14 16:00,Question on whether to give the bill a favorable recommendation,5,0,0,11,https://malegislature.gov/Bills/189/H3360
189,H3365,S30,2016-02-04 11:00,Ought to pass,18,0,0,0,https://malegislature.gov/Bills/189/H3365
189,H3367,J17,2015-07-31 16:00,Should H.3367 pass as amended?,1,0,0,16,https://malegislature.gov/Bills/189/H3367
189,H3378,J13,2015-07-17 12:00,Please vote,10,0,1,6,https://malegislature.gov/Bills/189/H3378
189,H3379,J13,2015-12-23 13:30,Please Vote.,10,0,2,5,https://malegislature.gov/Bills/189/H3379
189,H3384,J17,2015-10-16 16:00,Should H.3384 ought to pass?,1,0,0,16,https://malegislature.gov/Bills/189/H3384
189,H3549,J17,2015-07-31 16:00,Should H.3549 pass as amended?,1,0,0,16,https://malegislature.gov/Bills/189/H3549
189,H3560,S30,2016-07-26 10:35,Ought to pass with an amendment,14,0,0,4,https://malegislature.gov/Bills/189/H3560
189,H3585,J10,2015-07-09 16:00,Shall the committee report out favorably H.3585 ?,2,0,1,13,https://malegislature.gov/Bills/189/H3585
189,H3590,J17,2016-01-27 15:00,"Should H.3590 be recommended as ""ought to pass""?",0,0,0,16,https://malegislature.gov/Bills/189/H3590
189,H3597,J17,2015-07-31 16:00,Should H.3597 pass as amended?,1,0,0,16,https://malegislature.gov/Bills/189/H3597
189,H3611,S30,2016-04-28 10:40,Ought to pass – by substitution of a New Draft ,14,0,3,1,https://malegislature.gov/Bills/189/H3611
189,H3614,J17,2015-07-31 16:00,Should H.3614 pass as amended?,1,0,0,16,https://malegislature.gov/Bills/189/H3614
189,H3656,J17,2016-02-05 12:00,Should H.3656 ought to pass as recommended?,0,0,0,16,https://malegislature.gov/Bills/189/H3656
189,H3726,J17,2016-02-11 12:00,"Should H.3726 receive an ""ought to pass"" as recommended?",0,0,0,16,https://malegislature.gov/Bills/189/H3726
189,H3744,S30,2016-03-10 10:08,Ought to pass,18,0,0,0,https://malegislature.gov/Bills/189/H3744
189,H3748,S30,2016-07-28 10:35,Ought to pass,15,0,0,3,https://malegislature.gov/Bills/189/H3748
189,H3753,J13,2015-12-16 14:00,Please Vote.,10,0,1,6,https://malegislature.gov/Bills/189/H3753
189,H3777,S30,2017-01-03 10:35,Ought to pass with an amendment,14,0,1,3,https://malegislature.gov/Bills/189/H3777
189,H3783,J17,2015-10-16 16:00,Should H.3783 ought to pass?,1,0,0,16,https://malegislature.gov/Bills/189/H3783
189,H3806,S30,2016-04-21 10:00,Ought to pass with an amendment -- New Text,14,0,3,1,https://malegislature.gov/Bills/189/H3806
189,H3816,J10,2015-10-27 15:00,Whether to report out favorably the text of H.3816,7,0,0,10,https://malegislature.gov/Bills/189/H3816
189,H3819,J10,2015-10-29 16:00,On whether to report out favorably the text of H.3819,6,0,0,11,https://malegislature.gov/Bills/189/H3819
189,H3834,J10,2015-11-06 11:00,On whether to report favorably the text of H.3834,4,0,1,12,https://malegislature.gov/Bills/189/H3834
189,H3858,S30,2016-01-28 18:35,Ought to pass with an amendment -- New text,17,0,0,0,https://malegislature.gov/Bills/189/H3858
189,H3862,S30,2016-12-29 10:35,Ought to pass,14,0,0,4,https://malegislature.gov/Bills/189/H3862
189,H3872,J17,2016-01-22 15:00,"Should H.3872 be recommended as ""ought to pass""?",0,0,0,17,https://malegislature.gov/Bills/189/H3872
189,H3874,S30,2016-04-13 10:10,Ought to pass,12,0,0,6,https://malegislature.gov/Bills/189/H3874
189,H3876,S30,2016-01-28 18:30,Ought to pass,16,0,1,0,https://malegislature.gov/Bills/189/H3876
189,H3880,J17,2016-01-22 15:00,"SHould H.3880 be recommended as ""ought to pass""?",0,0,0,17,https://malegislature.gov/Bills/189/H3880
189,H3891,J17,2016-01-22 15:00,"Should H.3891be recommened as ""ought to pass""?",0,0,0,17,https://malegislature.gov/Bills/189/H3891
189,H3896,J17,2016-01-22 15:00,"Should H.3896 be recommened as ""ought to pass""?",0,0,0,17,https://malegislature.gov/Bills/189/H3896
189,H3911,S30,2016-11-17 10:35,Ought to pass with an amendment,17,0,0,1,https://malegislature.gov/Bills/189/H3911
189,H3921,S30,2016-04-13 10:15,Ought to pass,12,0,0,6,https://malegislature.gov/Bills/189/H3921
189,H3934,J17,2016-01-22 15:00,"Should H.3934be recommened as ""ought to pass""?",0,0,0,17,https://malegislature.gov/Bills/189/H3934
189,H3939,S30,2016-07-05 10:35,Ought to pass,15,0,0,3,https://malegislature.gov/Bills/189/H3939
189,H3945,J13,2016-03-14 11:00,Please vote?,14,0,0,3,https://malegislature.gov/Bills/189/H3945
189,H3952,J17,2016-02-05 12:00,Should H.3952 ought to pass as recommended?,0,0,0,16,https://malegislature.gov/Bills/189/H3952
189,H3958,S30,2016-03-14 10:10,Ought to pass,18,0,0,0,https://malegislature.gov/Bills/189/H3958
189,H3960,S30,2017-01-03 10:35,Ought to pass,16,0,0,2,https://malegislature.gov/Bills/189/H3960
189,H3970,S30,2016-07-26 10:35,Ought to pass with an amendment,14,0,0,4,https://malegislature.gov/Bills/189/H3970
189,H3973,S30,2016-08-18 10:35,Ought to pass with an amendment,15,0,0,3,https://malegislature.gov/Bills/189/H3973
189,H4017,S30,2016-03-10 10:09,Ought to pass,18,0,0,0,https://malegislature.gov/Bills/189/H4017
189,H4023,S30,2016-06-20 10:35,Ought to pass ,12,0,1,5,https://malegislature.gov/Bills/189/H4023
189,H4035,S30,2016-06-23 10:35,Ought to pass,18,0,0,0,https://malegislature.gov/Bills/189/H4035
189,H4051,J10,2016-03-24 16:00,Whether the committee will report H.4051 favorably,6,0,1,10,https://malegislature.gov/Bills/189/H4051
189,H4064,S30,2016-06-23 10:35,ought to pass - by substitution of new text,14,0,4,0,https://malegislature.gov/Bills/189/H4064
189,H4100,S30,2016-07-19 10:35,Ought to pass,17,0,0,1,https://malegislature.gov/Bills/189/H4100
189,H4122,S30,2016-05-12 11:45,Ought to pass,15,0,0,3,https://malegislature.gov/Bills/189/H4122
189,H4124,S30,2016-05-12 11:45,Ought to pass,15,0,0,3,https://malegislature.gov/Bills/189/H4124
189,H4131,S30,2016-06-23 10:35,Ought to pass,18,0,0,0,https://malegislature.gov/Bills/189/H4131
189,H4133,S32,2016-04-05 12:00,Shall the bill receive a favorable report from the committee?,6,0,0,1,https://malegislature.gov/Bills/189/H4133
189,H4180,J17,2016-05-06 12:00,Should H.4180 pass as amended?,0,0,0,16,https://malegislature.gov/Bills/189/H4180
189,H4189,S30,2016-06-02 10:35,Ought to pass,17,0,0,1,https://malegislature.gov/Bills/189/H4189
189,H4192,J13,2016-05-13 14:00,Please vote Favorably? ,11,0,0,6,https://malegislature.gov/Bills/189/H4192
189,H4201,S30,2016-05-17 11:30,Ought to pass – by substitution of a New Draft ,16,0,2,0,https://malegislature.gov/Bills/189/H4201
189,H4220,S30,2016-07-26 10:35,Ought to pass,14,0,0,4,https://malegislature.gov/Bills/189/H4220
189,H4247,J13,2016-05-13 14:00,Please Vote to place in Study?,9,2,0,6,https://malegislature.gov/Bills/189/H4247
189,H4249,S30,2016-12-22 10:35,Ought to pass,14,0,0,4,https://malegislature.gov/Bills/189/H4249
189,H4266,S30,2016-06-30 10:35,Ought to pass,15,0,0,3,https://malegislature.gov/Bills/189/H4266
189,H4267,S30,2016-06-30 10:35,Ought to pass,15,0,0,3,https://malegislature.gov/Bills/189/H4267
189,H4285,S30,2016-06-09 10:35,Ought to pass - by substitution of new text,16,0,0,2,https://malegislature.gov/Bills/189/H4285
189,H4291,S30,2016-06-23 10:35,Ought to pass,18,0,0,0,https://malegislature.gov/Bills/189/H4291
189,H4292,S30,2016-07-19 10:35,Ought to pass,17,0,0,1,https://malegislature.gov/Bills/189/H4292
189,H4301,S30,2016-06-30 10:35,Ought to pass,15,0,0,3,https://malegislature.gov/Bills/189/H4301
189,H4351,S30,2016-07-19 10:35,Ought to pass – by substitution of a New Text,12,1,4,1,https://malegislature.gov/Bills/189/H4351
189,H4366,S30,2016-12-08 10:35,Ought to pass,14,0,0,4,https://malegislature.gov/Bills/189/H4366
189,H4385,S30,2016-06-24 10:35,Ought to pass – by substitution of a New Text,14,0,3,1,https://malegislature.gov/Bills/189/H4385
189,H4403,S30,2017-01-03 10:35,Ought to pass with an amendment,15,0,0,3,https://malegislature.gov/Bills/189/H4403
189,H4419,S30,2016-07-07 10:35,Ought to pass – by substitution of a New Text,12,0,2,4,https://malegislature.gov/Bills/189/H4419
189,H4424,S30,2016-07-21 10:35,Ought to pass – by substitution of a New Text,16,0,0,2,https://malegislature.gov/Bills/189/H4424
189,H4424,S32,2016-07-18 16:00,Ought to pass – by substitution of a New Text,5,0,0,2,https://malegislature.gov/Bills/189/H4424
189,H4437,S30,2016-07-19 10:35,Ought to pass,17,0,0,1,https://malegislature.gov/Bills/189/H4437
189,H4441,S30,2016-07-28 10:35,Ought to pass,15,0,0,3,https://malegislature.gov/Bills/189/H4441
189,H4480,S30,2016-08-11 10:35,Ought to pass with an amendment,17,0,0,1,https://malegislature.gov/Bills/189/H4480
189,H4481,S30,2016-09-01 10:35,Ought to pass,15,0,0,3,https://malegislature.gov/Bills/189/H4481
189,H4483,S30,2016-07-12 10:50,Ought to pass – by substitution of a New Text,15,0,0,3,https://malegislature.gov/Bills/189/H4483
189,H4483,S32,2016-07-11 16:30,Ought to pass by substituting a new text,6,0,0,1,https://malegislature.gov/Bills/189/H4483
189,H4556,S30,2016-12-22 10:35,Ought to pass,14,0,0,4,https://malegislature.gov/Bills/189/H4556
189,H4562,S30,2016-12-29 10:35,Ought to pass,13,0,0,5,https://malegislature.gov/Bills/189/H4562
189,H4579,S30,2016-09-12 10:35,Ought to pass,16,0,0,2,https://malegislature.gov/Bills/189/H4579
189,H4597,S30,2016-09-29 10:35,Ought to pass,14,0,0,4,https://malegislature.gov/Bills/189/H4597
189,H4641,S30,2016-10-20 10:35,Ought to pass,16,0,0,2,https://malegislature.gov/Bills/189/H4641
189,H4642,S30,2016-11-17 10:35,Ought to pass,17,0,0,1,https://malegislature.gov/Bills/189/H4642
189,H4704,S30,2016-11-10 10:35,Ought to pass,14,0,0,4,https://malegislature.gov/Bills/189/H4704
189,H4730,S30,2017-01-03 10:35,Ought to pass,15,0,0,3,https://malegislature.gov/Bills/189/H4730
189,H4732,S30,2016-12-22 10:35,Ought to pass,14,0,0,4,https://malegislature.gov/Bills/189/H4732
189,H4735,S30,2016-12-15 10:35,Ought to pass,14,0,0,4,https://malegislature.gov/Bills/189/H4735
189,H4736,S30,2017-01-03 10:35,Ought to pass,13,0,0,5,https://malegislature.gov/Bills/189/H4736
189,H67,J13,2015-09-18 14:00,Please Vote.,12,0,0,5,https://malegislature.gov/Bills/189/H67
189,H68,J13,2016-03-16 15:00,Please vote to place in study?,10,0,2,5,https://malegislature.gov/Bills/189/H68
189,H70,J13,2015-12-16 14:00,Please Vote.,9,0,2,6,https://malegislature.gov/Bills/189/H70
189,H71,J13,2016-03-14 11:00,Please vote?,13,0,1,3,https://malegislature.gov/Bills/189/H71
189,H74,J13,2015-09-18 14:00,Please Vote.,12,0,0,5,https://malegislature.gov/Bills/189/H74
189,H75,J13,2016-03-14 11:00,Please vote?,13,0,1,3,https://malegislature.gov/Bills/189/H75
189,H76,J13,2016-03-16 15:00,Please Vote?,11,0,1,5,https://malegislature.gov/Bills/189/H76
189,H78,J13,2016-03-14 11:00,Please vote?,14,0,0,3,https://malegislature.gov/Bills/189/H78
189,H79,J13,2016-03-14 11:00,Please vote?,11,0,1,5,https://malegislature.gov/Bills/189/H79
189,H81,J13,2016-03-14 11:00,Please vote?,14,0,0,3,https://malegislature.gov/Bills/189/H81
189,H82,J13,2015-07-17 12:00,Please vote,10,0,2,5,https://malegislature.gov/Bills/189/H82
189,H84,J13,2016-03-14 11:00,Please vote?,13,0,1,3,https://malegislature.gov/Bills/189/H84
189,H85,J13,2015-12-16 14:00,Please Vote.,10,0,1,6,https://malegislature.gov/Bills/189/H85
189,H86,J13,2015-08-27 16:00,Please Vote,13,0,1,3,https://malegislature.gov/Bills/189/H86
189,H90,J13,2015-12-16 14:00,Please Vote.,10,0,1,6,https://malegislature.gov/Bills/189/H90
189,H91,J13,2015-08-27 16:00,Please Vote,11,0,1,5,https://malegislature.gov/Bills/189/H91
189,H94,J13,2015-09-18 14:00,Please Vote.,12,0,0,5,https://malegislature.gov/Bills/189/H94
189,H95,J13,2016-03-14 11:00,Please vote?,14,0,0,3,https://malegislature.gov/Bills/189/H95
189,H96,J13,2016-03-14 11:00,Please vote?,12,0,2,3,https://malegislature.gov/Bills/189/H96
189,H97,J13,2015-08-27 16:00,Please Vote,11,1,1,4,https://malegislature.gov/Bills/189/H97
189,H98,J13,2015-07-17 12:00,Please vote,10,0,1,6,https://malegislature.gov/Bills/189/H98
189,S101,J13,2015-07-17 12:00,Please vote,10,0,2,5,https://malegislature.gov/Bills/189/S101
189,S102,J13,2015-12-16 14:00,Please Vote.,10,0,1,6,https://malegislature.gov/Bills/189/S102
189,S103,J13,2016-03-16 15:00,Please Vote?,12,0,0,5,https://malegislature.gov/Bills/189/S103
189,S104,J13,2015-12-16 14:00,Please Vote.,10,0,1,6,https://malegislature.gov/Bills/189/S104
189,S104,S30,2016-04-28 10:40,Ought to pass – by substitution of a New Draft ,17,0,0,1,https://malegislature.gov/Bills/189/S104
189,S105,J13,2015-08-27 16:00,Please Vote,14,0,0,3,https://malegislature.gov/Bills/189/S105
189,S106,J13,2015-09-18 14:00,Please Vote.,12,0,0,5,https://malegislature.gov/Bills/189/S106
189,S1064,S30,2016-05-19 10:35,Ought to pass ,14,0,1,3,https://malegislature.gov/Bills/189/S1064
189,S107,J13,2016-03-14 11:00,Please vote?,11,0,3,3,https://malegislature.gov/Bills/189/S107
189,S1103,S30,2016-06-23 10:35,Ought to pass – by substitution of a New Draft,16,0,1,1,https://malegislature.gov/Bills/189/S1103
189,S1151,S30,2016-06-13 10:35,Ought to pass – by substitution of a New Draft ,14,0,3,1,https://malegislature.gov/Bills/189/S1151
189,S1168,S30,2016-02-04 14:08,Ought to pass – by substitution of a New Draft,16,0,2,0,https://malegislature.gov/Bills/189/S1168
189,S1220,S30,2016-07-28 10:35,Ought to pass – by substitution of a New Draft,15,0,0,3,https://malegislature.gov/Bills/189/S1220
189,S1289,S30,2016-07-27 10:35,Ought to pass – by substitution of a New Draft,14,0,0,4,https://malegislature.gov/Bills/189/S1289
189,S1291,S30,2016-07-21 10:35,Ought to pass – by substitution of a New Draft,15,0,1,2,https://malegislature.gov/Bills/189/S1291
189,S131,S30,2016-06-27 10:35,Ought to pass – by substitution of a New Draft ,14,0,1,3,https://malegislature.gov/Bills/189/S131
189,S136,J17,2016-01-27 15:00,"Should S.136 be recommended as ""ought to pass""?",0,0,0,16,https://malegislature.gov/Bills/189/S136
189,S138,S30,2016-12-08 10:35,Ought to pass – by substitution of a New Draft,13,0,1,4,https://malegislature.gov/Bills/189/S138
189,S149,J17,2016-01-27 15:00,"Should S149 receive ""ought to pass"" recommendation and accompany H.164 to the Senate?",0,0,0,16,https://malegislature.gov/Bills/189/S149
189,S1494,S30,2016-06-09 10:35,Ought to pass,16,0,0,2,https://malegislature.gov/Bills/189/S1494
189,S150,J17,2016-01-27 15:00,"Should S.150 be recommended as ""ought to pass"" and the referred to the Senate with H.218?",0,0,0,16,https://malegislature.gov/Bills/189/S150
189,S1502,S30,2016-07-15 12:45,Ought to pass – by substitution of a New Draft,13,0,3,2,https://malegislature.gov/Bills/189/S1502
189,S152,S30,2016-06-09 10:35,Ought to pass – by substitution of a New Draft,16,0,0,2,https://malegislature.gov/Bills/189/S152
189,S159,J17,2015-11-24 14:00,Should S.159 pass and be sent to the House Clerk as companion to H.199?,1,0,0,16,https://malegislature.gov/Bills/189/S159
189,S1617,S30,2016-10-27 10:35,Ought to pass – by substitution of a New Draft,13,0,2,3,https://malegislature.gov/Bills/189/S1617
189,S1631,S32,2015-09-16 16:00,Shall the bill (S1631) receive a favorable report from the Committee?,6,0,0,1,https://malegislature.gov/Bills/189/S1631
189,S1646,S32,2016-07-31 14:45,Whether the bill (S1646) ought to pass,7,0,0,0,https://malegislature.gov/Bills/189/S1646
189,S1653,S30,2016-06-02 10:35,Ought to pass – by substitution of a New Draft ,14,0,3,1,https://malegislature.gov/Bills/189/S1653
189,S1682,S30,2016-07-26 10:35,Ought to pass – by substitution of a New Draft,12,0,2,4,https://malegislature.gov/Bills/189/S1682
189,S173,J17,2016-01-27 15:00,"Should S.173 be recommended as ""ought to pass""?",0,0,0,16,https://malegislature.gov/Bills/189/S173
189,S175,S30,2016-03-17 10:42,Ought to pass,18,0,0,0,https://malegislature.gov/Bills/189/S175
189,S1758,S30,2016-07-27 10:35,Ought to pass – by substitution of a New Draft,15,0,0,3,https://malegislature.gov/Bills/189/S1758
189,S183,J17,2016-01-27 15:00,"Should S.183 be recommended as ""ought to pass""?",0,0,0,16,https://malegislature.gov/Bills/189/S183
189,S1895,S30,2016-07-19 10:35,Ought to pass – by substitution of a New Draft,15,0,2,1,https://malegislature.gov/Bills/189/S1895
189,S1928,S30,2016-07-05 10:35,Ought to pass,14,0,1,3,https://malegislature.gov/Bills/189/S1928
189,S1955,S30,2016-12-15 10:35,Ought to pass – by substitution of a New Draft,10,0,2,6,https://malegislature.gov/Bills/189/S1955
189,S1978,J37,2015-09-17 17:00,"Shall S1978 be reported out of committee?  A ""Yes"" vote shall mean this bill ""Ought to pass"" and a ""No"" vote shall mean the bill will be ""Held for further consideration""",13,0,0,4,https://malegislature.gov/Bills/189/S1978
189,S1990,S30,2016-07-28 10:35,Ought to pass – by substitution of a New Draft,15,0,0,3,https://malegislature.gov/Bills/189/S1990
189,S1990,S32,2015-09-16 16:00,Shall the bill (S1990) receive a favorable report from the Committee?,6,0,0,1,https://malegislature.gov/Bills/189/S1990
189,S2028,S30,2016-02-04 11:00,Ought to pass,18,0,0,0,https://malegislature.gov/Bills/189/S2028
189,S2031,S30,2016-01-28 18:24,Ought to pass – by substitution of a New Draft,16,0,1,0,https://malegislature.gov/Bills/189/S2031
189,S2056,S30,2016-06-20 10:35,Ought to pass – by substitution of a New Draft ,13,0,0,5,https://malegislature.gov/Bills/189/S2056
189,S2056,S32,2016-01-15 12:00,Shall the bills receive a favorable report from the Committee?,6,0,0,1,https://malegislature.gov/Bills/189/S2056
189,S2060,S30,2016-03-03 10:54,Ought to pass – by substitution of a New Draft,17,0,1,0,https://malegislature.gov/Bills/189/S2060
189,S2069,S30,2016-02-04 11:18,Ought to pass with an amendment,17,1,0,0,https://malegislature.gov/Bills/189/S2069
189,S2073,S30,2016-01-28 18:26,Ought to pass with an amendment,16,0,1,0,https://malegislature.gov/Bills/189/S2073
189,S2108,S30,2016-03-03 10:01,Ought to pass – by substitution of a New Draft,13,0,4,1,https://malegislature.gov/Bills/189/S2108
189,S2117,S30,2016-07-28 10:35,Ought to pass – by substitution of a New Draft,15,0,0,3,https://malegislature.gov/Bills/189/S2117
189,S2117,S32,2016-05-12 13:00,Shall the bill receive a favorable report from the Committee?,6,0,0,1,https://malegislature.gov/Bills/189/S2117
189,S2124,S30,2016-06-23 10:35,Ought to pass,14,0,3,1,https://malegislature.gov/Bills/189/S2124
189,S2129,S30,2016-03-03 10:05,Ought to pass with an amendment,18,0,0,0,https://malegislature.gov/Bills/189/S2129
189,S2132,S30,2016-03-03 10:06,Ought to pass – by substitution of a New Draft,18,0,0,0,https://malegislature.gov/Bills/189/S2132
189,S2133,S30,2016-07-05 10:35,Ought to pass – by substitution of a New Draft,15,0,0,3,https://malegislature.gov/Bills/189/S2133
189,S2133,S32,2016-03-22 12:00,Shall the bill as amended receive a favorable report from the Committee?,5,0,0,2,https://malegislature.gov/Bills/189/S2133
189,S2144,S30,2016-06-02 10:35,Ought to pass – by substitution of a New Draft,10,0,6,2,https://malegislature.gov/Bills/189/S2144
189,S2148,S30,2016-06-13 10:35,Ought to pass – by substitution of a New Draft ,17,0,0,1,https://malegislature.gov/Bills/189/S2148
189,S2151,S30,2016-10-06 10:35,Ought to pass – by substitution of a New Draft,15,0,0,3,https://malegislature.gov/Bills/189/S2151
189,S2152,S30,2016-04-21 10:00,Ought to pass – by substitution of a New Draft,15,0,2,1,https://malegislature.gov/Bills/189/S2152
189,S2157,S30,2016-06-30 10:35,Ought to pass – by substitution of a New Draft,15,0,0,3,https://malegislature.gov/Bills/189/S2157
189,S2159,S30,2016-07-21 10:35,Ought to pass – by substitution of a New Draft,11,0,4,3,https://malegislature.gov/Bills/189/S2159
189,S2171,S30,2016-04-28 10:40,Ought to pass – by substitution of a New Draft ,15,0,2,1,https://malegislature.gov/Bills/189/S2171
189,S2200,S30,2016-05-12 11:45,Ought to pass – by substitution of a New Draft ,14,0,2,2,https://malegislature.gov/Bills/189/S2200
189,S2207,S30,2016-07-08 10:35,Ought to pass – by substitution of a New Draft,11,0,5,2,https://malegislature.gov/Bills/189/S2207
189,S2219,S30,2016-07-26 10:35,Ought to pass,14,0,0,4,https://malegislature.gov/Bills/189/S2219
189,S2219,S32,2016-04-29 15:00,Shall the bill receive a favorable report from the Committee?,5,0,0,2,https://malegislature.gov/Bills/189/S2219
189,S2228,S30,2016-06-02 10:35,Ought to pass – by substitution of a New Draft ,17,0,0,1,https://malegislature.gov/Bills/189/S2228
189,S2230,S30,2016-07-07 10:35,Ought to pass – by substitution of a New Draft ,10,0,4,4,https://malegislature.gov/Bills/189/S2230
189,S2238,S30,2016-05-12 11:45,Ought to pass,15,0,0,3,https://malegislature.gov/Bills/189/S2238
189,S2242,S30,2016-07-27 10:35,Ought to pass – by substitution of a New Draft,16,0,0,2,https://malegislature.gov/Bills/189/S2242
189,S2253,S30,2016-07-21 10:35,Ought to pass – by substitution of a New Draft,15,0,1,2,https://malegislature.gov/Bills/189/S2253
189,S2264,S30,2016-07-28 10:35,Ought to pass – by substitution of a New Draft,13,0,2,3,https://malegislature.gov/Bills/189/S2264
189,S2266,S30,2016-11-10 10:45,Ought to pass with an amendment,14,0,0,4,https://malegislature.gov/Bills/189/S2266
189,S2271,S30,2016-06-30 10:35,Ought to pass – by substitution of a New Draft,13,0,1,4,https://malegislature.gov/Bills/189/S2271
189,S2272,S30,2016-07-18 10:35,Ought to pass,17,0,0,1,https://malegislature.gov/Bills/189/S2272
189,S2272,S32,2016-05-12 13:00,Shall the bill receive a favorable report from the Committee?,6,0,0,1,https://malegislature.gov/Bills/189/S2272
189,S2275,S30,2016-07-18 10:35,Ought to pass,16,0,1,1,https://malegislature.gov/Bills/189/S2275
189,S2276,S30,2016-12-22 10:35,Ought to pass – by substitution of a New Draft,10,0,3,5,https://malegislature.gov/Bills/189/S2276
189,S2278,S30,2016-06-30 10:35,Ought to pass,9,0,5,4,https://malegislature.gov/Bills/189/S2278
189,S2288,S30,2016-06-30 10:35,Ought to pass – by substitution of a New Draft,13,0,2,3,https://malegislature.gov/Bills/189/S2288
189,S2289,S30,2017-01-03 10:36,Ought to pass – by substitution of a New Draft,17,0,0,1,https://malegislature.gov/Bills/189/S2289
189,S2331,S30,2016-10-20 10:35,Ought to pass – by substitution of a New Draft,16,0,0,2,https://malegislature.gov/Bills/189/S2331
189,S2427,S30,2016-10-20 10:35,Ought to pass with an amendment,16,0,0,2,https://malegislature.gov/Bills/189/S2427
189,S2427,S32,2016-09-23 12:00,"Shall the bill receive an ""ought to pass"" recommendation?",5,0,0,2,https://malegislature.gov/Bills/189/S2427
189,S2456,S30,2016-07-27 10:35,Ought to pass – by substitution of a New Draft,14,0,2,2,https://malegislature.gov/Bills/189/S2456
189,S2484,S30,2016-09-29 10:35,Ought to pass with an amendment,14,0,0,4,https://malegislature.gov/Bills/189/S2484
189,S2492,S30,2016-10-11 10:35,Ought to pass – by substitution of a New Draft,16,0,0,2,https://malegislature.gov/Bills/189/S2492
189,S2494,S30,2016-10-20 10:35,Ought to pass with an amendment,16,0,0,2,https://malegislature.gov/Bills/189/S2494
189,S2506,S30,2016-12-08 10:35,Ought to pass with an amendment,14,0,0,4,https://malegislature.gov/Bills/189/S2506
189,S2510,S30,2016-12-22 10:35,Ought to pass with an amendment,14,0,0,4,https://malegislature.gov/Bills/189/S2510
189,S2518,S30,2017-01-03 10:35,Ought to pass – by substitution of a New Draft,16,0,0,2,https://malegislature.gov/Bills/189/S2518
189,S2519,S30,2016-12-29 10:35,Ought to pass,13,0,0,5,https://malegislature.gov/Bills/189/S2519
189,S327,S30,2016-03-31 10:15,Ought to pass – by substitution of a New Draft,12,0,5,1,https://malegislature.gov/Bills/189/S327
189,S454,S30,2016-06-02 10:35,Ought to pass – by substitution of a New Draft ,14,0,3,1,https://malegislature.gov/Bills/189/S454
189,S457,S30,2016-06-02 10:35,Ought to pass – by substitution of a New Draft ,13,0,4,1,https://malegislature.gov/Bills/189/S457
189,S494,S30,2016-06-27 10:35,Ought to pass – by substitution of a New Draft ,14,0,1,3,https://malegislature.gov/Bills/189/S494
189,S495,S30,2016-06-23 22:35,Ought to pass – by substitution of a New Draft,17,0,0,1,https://malegislature.gov/Bills/189/S495
189,S533,S30,2016-04-21 10:00,Ought to pass – by substitution of a New Draft,17,0,0,1,https://malegislature.gov/Bills/189/S533
189,S539,S30,2016-07-21 10:35,Ought to pass – by substitution of a New Draft,14,0,2,2,https://malegislature.gov/Bills/189/S539
189,S63,J13,2015-07-17 12:00,Please Vote,10,0,2,5,https://malegislature.gov/Bills/189/S63
189,S65,J13,2015-12-23 13:30,Please Vote.,9,0,2,6,https://malegislature.gov/Bills/189/S65
189,S657,S30,2016-03-17 10:38,Ought to pass with an amendment,18,0,0,0,https://malegislature.gov/Bills/189/S657
189,S66,J13,2016-03-14 11:00,Please vote?,12,0,2,3,https://malegislature.gov/Bills/189/S66
189,S661,S30,2016-03-17 10:40,Ought to pass with an amendment,18,0,0,0,https://malegislature.gov/Bills/189/S661
189,S67,J13,2015-07-17 12:00,Please vote,11,0,1,5,https://malegislature.gov/Bills/189/S67
189,S679,S30,2016-07-27 10:35,Ought to pass – by substitution of a New Draft,16,0,0,2,https://malegislature.gov/Bills/189/S679
189,S69,J13,2015-12-23 13:30,Please Vote.,10,0,1,6,https://malegislature.gov/Bills/189/S69
189,S70,J13,2015-12-23 13:30,Please Vote.,10,1,1,5,https://malegislature.gov/Bills/189/S70
189,S71,J13,2015-07-17 12:00,Please vote,10,0,1,6,https://malegislature.gov/Bills/189/S71
189,S71,S30,2016-07-27 10:35,Ought to pass – by substitution of a New Draft,10,0,4,4,https://malegislature.gov/Bills/189/S71
189,S715,S30,2016-07-11 10:35,Ought to pass – by substitution of a New Draft,15,0,1,2,https://malegislature.gov/Bills/189/S715
189,S72,J13,2015-07-17 12:00,Please vote,10,0,2,5,https://malegislature.gov/Bills/189/S72
189,S729,S30,2016-06-30 10:35,Ought to pass – by substitution of a New Draft,9,0,6,3,https://malegislature.gov/Bills/189/S729
189,S73,J13,2016-03-16 15:00,Please Vote?,10,1,1,5,https://malegislature.gov/Bills/189/S73
189,S746,S30,2016-06-30 10:35,Ought to pass – by substitution of a New Draft,12,0,4,2,https://malegislature.gov/Bills/189/S746
189,S75,J13,2015-07-17 12:00,Please vote,10,0,2,5,https://malegislature.gov/Bills/189/S75
189,S76,J13,2015-07-17 12:00,Please vote,10,0,1,6,https://malegislature.gov/Bills/189/S76
189,S77,J13,2016-03-14 11:00,Please vote?,14,0,0,3,https://malegislature.gov/Bills/189/S77
189,S77,S30,2016-07-27 10:43,Ought to pass – by substitution of a New Draft,15,0,0,3,https://malegislature.gov/Bills/189/S77
189,S79,J13,2015-12-23 13:30,Please Vote.,9,0,2,6,https://malegislature.gov/Bills/189/S79
189,S794,S30,2016-07-11 10:35,Ought to pass – by substitution of a New Draft,16,0,0,2,https://malegislature.gov/Bills/189/S794
189,S81,J13,2015-12-23 13:30,Please Vote.,11,0,1,5,https://malegislature.gov/Bills/189/S81
189,S82,J13,2016-03-14 11:00,Please vote?,13,0,1,3,https://malegislature.gov/Bills/189/S82
189,S83,J13,2015-08-27 16:00,Please Vote,13,0,1,3,https://malegislature.gov/Bills/189/S83
189,S843,S30,2016-07-08 10:35,Ought to pass – by substitution of a New Draft ,12,0,4,2,https://malegislature.gov/Bills/189/S843
189,S86,J13,2015-12-16 14:00,Please Vote.,10,0,1,6,https://malegislature.gov/Bills/189/S86
189,S87,J13,2015-08-27 16:00,Please Vote,13,0,0,4,https://malegislature.gov/Bills/189/S87
189,S88,J13,2015-12-16 14:00,Please Vote.,10,0,1,6,https://malegislature.gov/Bills/189/S88
189,S89,J13,2015-07-17 12:00,Please vote,11,0,1,5,https://malegislature.gov/Bills/189/S89
189,S90,J13,2016-03-16 15:00,Please Vote?,11,0,1,5,https://malegislature.gov/Bills/189/S90
189,S905,S30,2016-07-08 10:35,Ought to pass – by substitution of a New Draft,10,0,6,2,https://malegislature.gov/Bills/189/S905
189,S91,J13,2015-12-23 13:30,Please Vote.,11,0,1,5,https://malegislature.gov/Bills/189/S91
189,S92,J13,2015-09-18 14:00,Please Vote.,12,0,0,5,https://malegislature.gov/Bills/189/S92
189,S93,J13,2016-03-14 11:00,Please vote?,13,0,1,3,https://malegislature.gov/Bills/189/S93
189,S94,J13,2015-12-16 14:00,Please Vote.,10,0,1,6,https://malegislature.gov/Bills/189/S94
189,S95,J13,2015-07-17 12:00,Please vote,10,0,2,5,https://malegislature.gov/Bills/189/S95
189,S958,S30,2016-03-03 10:00,Ought to pass – by substitution of a New Draft,16,0,2,0,https://malegislature.gov/Bills/189/S958
189,S96,J13,2016-03-16 15:00,Please Vote?,11,0,1,5,https://malegislature.gov/Bills/189/S96
189,S969,S30,2016-07-05 10:35,Ought to pass – by substitution of a New Draft,11,0,3,4,https://malegislature.gov/Bills/189/S969
189,S985,J43,2015-09-24 17:00,On the favorable report of S985,7,0,3,6,https://malegislature.gov/Bills/189/S985
189,S989,S30,2016-05-05 10:35,Ought to pass – by substitution of a New Draft ,13,0,3,2,https://malegislature.gov/Bills/189/S989
189,S992,S30,2016-07-21 10:35,Ought to pass – by substitution of a New Draft,12,1,2,3,https://malegislature.gov/Bills/189/S992
190,H100,J13,2018-01-30 13:00,Please Vote?,11,0,1,3,https://malegislature.gov/Bills/190/H100
190,H101,J13,2017-06-30 12:00,Please Vote?,15,0,0,2,https://malegislature.gov/Bills/190/H101
190,H109,J13,2018-01-30 13:00,Please Vote?,12,0,0,3,https://malegislature.gov/Bills/190/H109
190,H1110,S30,2018-01-25 10:35,Ought to pass with an amendment,14,0,0,3,https://malegislature.gov/Bills/190/H1110
190,H112,J13,2018-01-30 13:00,Please Vote as Amended?,11,0,1,3,https://malegislature.gov/Bills/190/H112
190,H113,J13,2018-01-30 13:00,Please Vote?,10,0,2,3,https://malegislature.gov/Bills/190/H113
190,H114,J13,2017-06-30 12:30,Please Vote?,14,1,0,2,https://malegislature.gov/Bills/190/H114
190,H115,J13,2018-02-01 15:00,Please Vote?,11,0,1,2,https://malegislature.gov/Bills/190/H115
190,H116,J13,2018-02-01 15:00,Please Vote?,10,0,2,2,https://malegislature.gov/Bills/190/H116
190,H117,J13,2018-02-01 15:00,Please Vote?,10,0,2,2,https://malegislature.gov/Bills/190/H117
190,H118,J13,2018-02-06 17:30,Please Vote?,13,0,0,1,https://malegislature.gov/Bills/190/H118
190,H119,J13,2018-02-01 15:00,Please Vote?,11,0,1,2,https://malegislature.gov/Bills/190/H119
190,H1190,J13,2017-06-30 12:00,Please Vote?,14,0,1,2,https://malegislature.gov/Bills/190/H1190
190,H120,J13,2017-11-09 14:00,Please Vote?,10,0,1,5,https://malegislature.gov/Bills/190/H120
190,H121,J13,2018-01-30 13:00,Please Vote as Amended?,10,0,2,3,https://malegislature.gov/Bills/190/H121
190,H122,J13,2018-01-30 13:00,Please Vote as Amended?,11,0,1,3,https://malegislature.gov/Bills/190/H122
190,H1464,S30,2017-04-05 10:35,Ought to pass,16,0,0,2,https://malegislature.gov/Bills/190/H1464
190,H19,S30,2018-12-31 10:35,Ought to pass,9,0,1,6,https://malegislature.gov/Bills/190/H19
190,H1922,J31,2018-01-04 12:00,Release H1922 favorably from committee?,9,0,3,5,https://malegislature.gov/Bills/190/H1922
190,H1929,J31,2018-01-04 12:00,Send H.1929 to study?,11,0,1,5,https://malegislature.gov/Bills/190/H1929
190,H1948,J31,2017-11-06 15:00,Release H1948 Favorably from committee?,10,0,0,7,https://malegislature.gov/Bills/190/H1948
190,H1952,J13,2017-06-30 12:00,Please Vote?,15,0,0,2,https://malegislature.gov/Bills/190/H1952
190,H1953,J13,2018-02-01 15:00,Please Vote as Amended?,11,0,1,2,https://malegislature.gov/Bills/190/H1953
190,H1957,J13,2018-01-30 13:00,Please Vote?,11,0,1,3,https://malegislature.gov/Bills/190/H1957
190,H1958,J13,2018-02-01 15:00,Please Vote as Amended?,11,0,1,2,https://malegislature.gov/Bills/190/H1958
190,H1960,J13,2018-02-01 15:00,Please Vote as Amended?,11,0,1,2,https://malegislature.gov/Bills/190/H1960
190,H1962,J13,2018-02-01 15:00,Please Vote?,12,0,0,2,https://malegislature.gov/Bills/190/H1962
190,H1963,J13,2018-02-01 15:00,Please Vote?,11,0,1,2,https://malegislature.gov/Bills/190/H1963
190,H1967,J13,2018-02-01 15:00,Please Vote?,11,0,1,2,https://malegislature.gov/Bills/190/H1967
190,H1968,J13,2018-01-30 13:00,Please Vote as Amended?,11,0,1,3,https://malegislature.gov/Bills/190/H1968
190,H1969,J13,2018-01-30 13:00,Please Vote?,11,0,1,3,https://malegislature.gov/Bills/190/H1969
190,H2763,J31,2017-11-06 15:00,Release H2763 Favorably From Committee?,11,0,0,6,https://malegislature.gov/Bills/190/H2763
190,H2776,S30,2017-03-23 10:35,Ought to pass,12,0,0,6,https://malegislature.gov/Bills/190/H2776
190,H2783,S30,2017-04-05 10:35,Ought to pass – by substitution of a New Draft,15,0,0,2,https://malegislature.gov/Bills/190/H2783
190,H2783,S32,2017-04-03 16:30,Shall the bill as amended receive a favorable report from the Committee?,6,0,0,1,https://malegislature.gov/Bills/190/H2783
190,H2792,S30,2017-04-06 10:35,Ought to pass,15,0,0,2,https://malegislature.gov/Bills/190/H2792
190,H2797,J13,2017-11-09 14:00,Please Vote?,10,0,1,5,https://malegislature.gov/Bills/190/H2797
190,H2798,J13,2018-02-01 15:00,Please Vote as Amended?,10,0,1,3,https://malegislature.gov/Bills/190/H2798
190,H2799,J13,2018-02-01 15:00,Please Vote?,10,0,1,3,https://malegislature.gov/Bills/190/H2799
190,H2800,J13,2018-02-01 15:00,Please Vote?,10,0,1,3,https://malegislature.gov/Bills/190/H2800
190,H2801,J13,2018-02-01 15:00,Please Vote?,10,0,1,3,https://malegislature.gov/Bills/190/H2801
190,H2802,J13,2018-02-01 15:00,Please Vote?,10,0,1,3,https://malegislature.gov/Bills/190/H2802
190,H2803,J13,2018-02-01 15:00,Please Vote?,10,0,1,3,https://malegislature.gov/Bills/190/H2803
190,H2804,J13,2018-02-06 17:30,Please Vote?,10,3,0,1,https://malegislature.gov/Bills/190/H2804
190,H2805,J13,2018-02-06 17:30,Please Vote as Amended?,12,0,1,1,https://malegislature.gov/Bills/190/H2805
190,H2807,J13,2017-11-09 14:00,Please Vote?,10,0,1,5,https://malegislature.gov/Bills/190/H2807
190,H2969,S30,2018-12-31 14:15,Ought to pass,5,0,0,11,https://malegislature.gov/Bills/190/H2969
190,H3150,J13,2018-02-01 15:00,Please Vote?,9,0,2,3,https://malegislature.gov/Bills/190/H3150
190,H3450,S30,2017-04-24 10:35,Ought to pass,16,0,0,1,https://malegislature.gov/Bills/190/H3450
190,H3456,S30,2017-06-01 10:35,Ought to pass,16,0,0,0,https://malegislature.gov/Bills/190/H3456
190,H3462,S30,2017-05-18 10:35,Ought to pass,16,0,0,0,https://malegislature.gov/Bills/190/H3462
190,H3463,J13,2018-02-01 15:00,Please Vote?,11,0,0,3,https://malegislature.gov/Bills/190/H3463
190,H3517,J13,2017-11-09 14:00,Please Vote?,9,1,1,5,https://malegislature.gov/Bills/190/H3517
190,H3601,S30,2017-05-16 11:00,Ought to pass with an amendment -- New text,16,0,0,0,https://malegislature.gov/Bills/190/H3601
190,H3645,S30,2017-05-18 10:35,Ought to pass,16,0,0,0,https://malegislature.gov/Bills/190/H3645
190,H3647,S30,2017-06-01 10:35,Ought to pass,16,0,0,0,https://malegislature.gov/Bills/190/H3647
190,H3651,S30,2017-06-12 10:35,Ought to pass,16,0,0,0,https://malegislature.gov/Bills/190/H3651
190,H3657,J13,2018-02-06 17:30,Please Vote?,13,0,0,1,https://malegislature.gov/Bills/190/H3657
190,H3680,S30,2017-06-22 10:35,Ought to pass – by substitution of a New Draft,16,0,0,0,https://malegislature.gov/Bills/190/H3680
190,H3681,J13,2017-11-09 14:00,Please Vote?,10,0,1,5,https://malegislature.gov/Bills/190/H3681
190,H3695,S30,2017-06-29 10:33,Ought to pass,12,0,0,4,https://malegislature.gov/Bills/190/H3695
190,H3715,S30,2017-06-29 10:33,Ought to pass with an amendment,12,0,0,4,https://malegislature.gov/Bills/190/H3715
190,H3718,S30,2017-06-01 10:35,Ought to pass with an amendment,16,0,0,0,https://malegislature.gov/Bills/190/H3718
190,H3720,S30,2017-07-20 10:37,Ought to pass with an amendment,15,0,0,1,https://malegislature.gov/Bills/190/H3720
190,H3722,S30,2017-08-03 10:35,Ought to pass,18,0,0,0,https://malegislature.gov/Bills/190/H3722
190,H3723,S30,2017-07-13 10:33,Ought to pass,15,0,0,1,https://malegislature.gov/Bills/190/H3723
190,H3734,S30,2017-07-31 10:35,Ought to pass,17,0,0,1,https://malegislature.gov/Bills/190/H3734
190,H3740,S30,2017-07-20 10:37,Ought to pass – by substitution of a New Draft,11,0,4,1,https://malegislature.gov/Bills/190/H3740
190,H3795,S30,2017-08-03 10:35,Ought to pass,18,0,0,0,https://malegislature.gov/Bills/190/H3795
190,H3796,S30,2017-08-03 10:35,Ought to pass,18,0,0,0,https://malegislature.gov/Bills/190/H3796
190,H3801,J13,2018-02-06 17:30,Please Vote?,13,0,0,1,https://malegislature.gov/Bills/190/H3801
190,H3837,S30,2018-01-18 10:38,Ought to pass,15,0,0,2,https://malegislature.gov/Bills/190/H3837
190,H3847,J13,2018-02-01 15:00,Please Vote?,10,0,1,3,https://malegislature.gov/Bills/190/H3847
190,H3848,S30,2017-09-05 10:35,Ought to pass,18,0,0,0,https://malegislature.gov/Bills/190/H3848
190,H3868,S30,2018-04-09 10:30,Ought to pass,17,0,0,1,https://malegislature.gov/Bills/190/H3868
190,H3877,S30,2017-10-12 14:30,Ought to pass,16,0,0,2,https://malegislature.gov/Bills/190/H3877
190,H3886,S30,2017-10-26 10:35,Ought to pass,16,0,0,2,https://malegislature.gov/Bills/190/H3886
190,H3920,S30,2017-11-15 10:30,Ought to pass with an amendment,17,0,0,1,https://malegislature.gov/Bills/190/H3920
190,H3922,S30,2017-10-19 14:15,Ought to pass,16,0,0,2,https://malegislature.gov/Bills/190/H3922
190,H3932,S30,2017-10-19 14:15,Ought to pass,16,0,0,2,https://malegislature.gov/Bills/190/H3932
190,H3943,S30,2017-10-26 10:35,Ought to pass with an amendment,16,0,0,2,https://malegislature.gov/Bills/190/H3943
190,H3945,S30,2017-12-11 10:35,Ought to pass,18,0,0,0,https://malegislature.gov/Bills/190/H3945
190,H3946,S30,2017-12-04 10:35,Ought to pass with an amendment,15,0,0,3,https://malegislature.gov/Bills/190/H3946
190,H3947,S30,2018-01-16 10:35,Ought to pass,15,0,0,2,https://malegislature.gov/Bills/190/H3947
190,H3949,S30,2017-10-26 10:35,Ought to pass with an amendment,16,0,0,2,https://malegislature.gov/Bills/190/H3949
190,H3965,S30,2017-11-16 10:35,Ought to pass,16,0,0,2,https://malegislature.gov/Bills/190/H3965
190,H3975,S30,2017-11-30 10:30,Ought to pass with an amendment,15,0,0,3,https://malegislature.gov/Bills/190/H3975
190,H3989,S30,2018-01-11 10:35,Ought to pass,17,0,0,0,https://malegislature.gov/Bills/190/H3989
190,H3993,S30,2017-11-20 10:35,Ought to pass,15,0,0,3,https://malegislature.gov/Bills/190/H3993
190,H3995,S30,2018-03-29 11:50,Ought to pass,16,0,0,2,https://malegislature.gov/Bills/190/H3995
190,H40,J13,2017-11-09 14:00,Please Vote?,10,1,0,5,https://malegislature.gov/Bills/190/H40
190,H4001,S30,2018-12-31 10:35,Ought to pass with an amendment,10,0,0,6,https://malegislature.gov/Bills/190/H4001
190,H4007,S30,2017-12-04 10:35,Ought to pass with an amendment,17,0,0,1,https://malegislature.gov/Bills/190/H4007
190,H4009,S30,2017-11-13 15:34,Ought to pass – by substitution of a New Draft,15,0,3,0,https://malegislature.gov/Bills/190/H4009
190,H4012,S30,2018-04-04 10:47,Ought to pass with an amendment,13,0,2,3,https://malegislature.gov/Bills/190/H4012
190,H4021,S30,2017-12-26 10:42,Ought to pass,12,0,0,6,https://malegislature.gov/Bills/190/H4021
190,H4026,J13,2017-11-09 14:00,Please Vote?,10,0,1,5,https://malegislature.gov/Bills/190/H4026
190,H4035,S30,2017-11-20 10:35,Ought to pass,15,0,0,3,https://malegislature.gov/Bills/190/H4035
190,H4037,S30,2018-03-09 10:35,Ought to pass – by substitution of a New Draft,18,0,0,0,https://malegislature.gov/Bills/190/H4037
190,H4045,S30,2018-02-01 11:00,Ought to pass – by substitution of a New Draft,16,0,1,1,https://malegislature.gov/Bills/190/H4045
190,H4045,S32,2018-01-10 10:00,Shall the bill receive a favorable report from the Committee as amended?” ,6,0,0,0,https://malegislature.gov/Bills/190/H4045
190,H4051,S30,2018-12-31 10:35,Ought to pass,10,0,0,6,https://malegislature.gov/Bills/190/H4051
190,H4059,S30,2018-03-05 10:35,Ought to pass,17,0,0,1,https://malegislature.gov/Bills/190/H4059
190,H4060,S30,2017-12-21 10:35,Ought to pass,17,0,0,1,https://malegislature.gov/Bills/190/H4060
190,H4074,J13,2018-02-07 13:30,Please Vote?,12,0,0,2,https://malegislature.gov/Bills/190/H4074
190,H4090,S30,2018-04-19 12:30,Ought to pass,15,0,0,2,https://malegislature.gov/Bills/190/H4090
190,H4104,J13,2018-02-07 13:30,Please Vote?,12,0,0,2,https://malegislature.gov/Bills/190/H4104
190,H4107,S30,2018-12-20 10:35,Ought to pass,13,0,1,2,https://malegislature.gov/Bills/190/H4107
190,H4116,S30,2018-07-17 12:33,Ought to pass with an amendment - New Text,16,0,0,1,https://malegislature.gov/Bills/190/H4116
190,H4134,S30,2018-03-22 12:55,Ought to pass – by substitution of a New Draft,15,0,0,3,https://malegislature.gov/Bills/190/H4134
190,H4134,S32,2018-02-27 14:00,Shall the bill receive a favorable report from the Committee as amended?,6,0,0,0,https://malegislature.gov/Bills/190/H4134
190,H4150,S30,2018-03-15 10:35,Ought to pass,16,0,0,2,https://malegislature.gov/Bills/190/H4150
190,H4239,S30,2018-03-01 10:35,Ought to pass,16,0,0,2,https://malegislature.gov/Bills/190/H4239
190,H4241,S30,2018-04-19 12:30,Ought to pass with an amendment,14,0,0,3,https://malegislature.gov/Bills/190/H4241
190,H4245,S30,2018-03-22 12:55,Ought to pass,15,0,0,3,https://malegislature.gov/Bills/190/H4245
190,H4261,S30,2018-07-19 13:33,Ought to pass,13,0,0,4,https://malegislature.gov/Bills/190/H4261
190,H4272,J31,2018-01-04 12:00,Send H1926 to study?,8,3,1,5,https://malegislature.gov/Bills/190/H4272
190,H4293,J13,2018-02-01 15:00,Please Vote as Redrafted?,10,0,1,3,https://malegislature.gov/Bills/190/H4293
190,H4301,S30,2018-06-25 10:35,Ought to pass,15,0,0,2,https://malegislature.gov/Bills/190/H4301
190,H4327,S30,2018-03-29 11:50,Ought to pass – by substitution of a New Draft,13,2,1,2,https://malegislature.gov/Bills/190/H4327
190,H4354,S30,2018-05-03 10:45,Ought to pass with an amendment,15,0,0,2,https://malegislature.gov/Bills/190/H4354
190,H4373,S30,2018-07-19 13:33,Ought to pass,13,0,1,3,https://malegislature.gov/Bills/190/H4373
190,H4382,S30,2018-04-23 11:00,Ought to pass with an amendment,14,0,1,2,https://malegislature.gov/Bills/190/H4382
190,H4486,S30,2018-06-21 10:35,Ought to pass with an amendment,15,0,1,1,https://malegislature.gov/Bills/190/H4486
190,H4491,J13,2018-05-09 16:00,Please Vote as Redrafted and will carry H.77?,8,0,0,6,https://malegislature.gov/Bills/190/H4491
190,H4492,J13,2018-05-09 16:00,Please Vote as Redrafted and will carry H.104,9,0,1,4,https://malegislature.gov/Bills/190/H4492
190,H4501,S30,2018-05-29 12:35,Ought to pass with an amendment,10,0,2,5,https://malegislature.gov/Bills/190/H4501
190,H4516,S30,2018-07-18 12:15,Ought to pass,11,0,1,5,https://malegislature.gov/Bills/190/H4516
190,H4541,J13,2018-06-20 11:00,Please Vote to Place in a Study Order?,11,1,0,3,https://malegislature.gov/Bills/190/H4541
190,H4546,S30,2018-07-16 11:45,Ought to pass,15,1,1,0,https://malegislature.gov/Bills/190/H4546
190,H4566,S30,2018-12-27 10:35,Ought to pass with an amendment - New Text,13,0,1,2,https://malegislature.gov/Bills/190/H4566
190,H4573,S30,2018-07-25 10:45,Ought to pass,17,0,0,0,https://malegislature.gov/Bills/190/H4573
190,H4573,S32,2018-07-20 12:00,Shall the bill receive a favorable report from the Committee?,5,0,0,2,https://malegislature.gov/Bills/190/H4573
190,H4613,S30,2018-07-09 12:00,Ought to pass with an amendment - New Text,15,0,1,1,https://malegislature.gov/Bills/190/H4613
190,H4613,S32,2018-07-06 12:00,Shall the bill receive a favorable report from the Committee as amended?,6,0,0,1,https://malegislature.gov/Bills/190/H4613
190,H4668,S30,2018-07-25 10:45,Ought to pass,15,1,1,0,https://malegislature.gov/Bills/190/H4668
190,H4668,S32,2018-07-20 12:00,Shall the bill receive a favorable report from the Committee?,5,0,0,2,https://malegislature.gov/Bills/190/H4668
190,H4669,S30,2018-07-25 10:45,Ought to pass,17,0,0,0,https://malegislature.gov/Bills/190/H4669
190,H4669,S32,2018-07-20 12:00,Shall the bill receive a favorable report from the Committee?,5,0,0,2,https://malegislature.gov/Bills/190/H4669
190,H4671,S30,2018-07-09 12:00,Ought to pass,14,0,1,2,https://malegislature.gov/Bills/190/H4671
190,H4732,S30,2018-07-23 12:15,Ought to pass with an amendment - New Text,15,0,0,2,https://malegislature.gov/Bills/190/H4732
190,H4732,S32,2018-07-20 12:00,Shall the bill receive a favorable report from the Committee as amended?,5,0,0,2,https://malegislature.gov/Bills/190/H4732
190,H4742,S30,2018-07-17 12:33,Ought to pass with an amendment - New Text,16,0,0,1,https://malegislature.gov/Bills/190/H4742
190,H4756,S30,2018-07-16 11:45,Ought to pass with an amendment - New Text,16,0,1,0,https://malegislature.gov/Bills/190/H4756
190,H4792,J13,2018-02-06 17:30,Please vote to place into a Study?,12,1,0,1,https://malegislature.gov/Bills/190/H4792
190,H4793,J13,2018-05-08 15:00,Please Vote to Place into Study?,9,1,0,4,https://malegislature.gov/Bills/190/H4793
190,H4794,J13,2018-06-20 11:00,Please Vote to Place in a Study Order?,12,0,0,3,https://malegislature.gov/Bills/190/H4794
190,H4848,S30,2018-10-25 10:35,Ought to pass,15,0,0,1,https://malegislature.gov/Bills/190/H4848
190,H4851,S30,2018-12-27 10:35,Ought to pass with an amendment - New Text,12,0,2,2,https://malegislature.gov/Bills/190/H4851
190,H4852,S30,2018-12-27 10:35,Ought to pass with an amendment - New Text,14,0,0,2,https://malegislature.gov/Bills/190/H4852
190,H4890,S30,2018-10-01 10:35,Ought to pass,13,0,0,3,https://malegislature.gov/Bills/190/H4890
190,H4891,S30,2018-10-01 10:35,Ought to pass,13,0,0,3,https://malegislature.gov/Bills/190/H4891
190,H4905,S30,2018-10-18 10:35,Ought to pass,13,0,0,3,https://malegislature.gov/Bills/190/H4905
190,H4922,S30,2018-12-31 10:35,Ought to pass,10,0,0,6,https://malegislature.gov/Bills/190/H4922
190,H4942,S30,2018-12-31 10:35,Ought to pass,9,0,1,6,https://malegislature.gov/Bills/190/H4942
190,H4962,S30,2018-12-31 10:35,Ought to pass,10,0,0,6,https://malegislature.gov/Bills/190/H4962
190,H4988,S30,2018-12-20 10:35,Ought to pass with an amendment - New Text,16,0,0,0,https://malegislature.gov/Bills/190/H4988
190,H5008,S30,2018-12-31 10:35,Ought to pass,10,0,0,6,https://malegislature.gov/Bills/190/H5008
190,H55,TS30,2017-02-06 10:35,Ought to pass,13,0,0,3,https://malegislature.gov/Bills/190/H55
190,H70,S30,2017-02-16 10:35,Ought to pass,16,0,0,2,https://malegislature.gov/Bills/190/H70
190,H718,S30,2018-12-27 10:35,Ought to pass,13,0,1,2,https://malegislature.gov/Bills/190/H718
190,H75,J13,2018-01-30 13:00,Please Vote?,11,0,1,3,https://malegislature.gov/Bills/190/H75
190,H76,J13,2018-01-30 13:00,Please Vote?,11,0,1,3,https://malegislature.gov/Bills/190/H76
190,H783,J13,2018-05-08 15:00,Please Vote?,10,0,0,4,https://malegislature.gov/Bills/190/H783
190,H81,J13,2017-06-30 12:00,Please Vote?,14,0,1,2,https://malegislature.gov/Bills/190/H81
190,H82,J13,2018-01-30 13:00,Please Vote as Amended?,10,0,2,3,https://malegislature.gov/Bills/190/H82
190,H83,J13,2018-01-30 13:00,Please Vote?,11,0,1,3,https://malegislature.gov/Bills/190/H83
190,H84,J13,2017-06-30 12:00,Please Vote?,13,2,0,2,https://malegislature.gov/Bills/190/H84
190,H85,J13,2017-09-21 12:00,Please Vote?,9,1,1,6,https://malegislature.gov/Bills/190/H85
190,H86,J13,2018-01-30 13:00,Please Vote?,11,0,1,3,https://malegislature.gov/Bills/190/H86
190,H88,J13,2018-01-30 13:00,Please Vote as Amended?,11,0,1,3,https://malegislature.gov/Bills/190/H88
190,H89,J13,2018-01-30 13:00,Please Vote?,11,0,1,3,https://malegislature.gov/Bills/190/H89
190,H905,S30,2017-06-22 10:35,Ought to pass,16,0,0,0,https://malegislature.gov/Bills/190/H905
190,H91,J13,2018-01-30 13:00,Please Vote as Amended?,11,0,1,3,https://malegislature.gov/Bills/190/H91
190,H92,J13,2018-01-30 13:00,Please Vote as Amended?,11,0,1,3,https://malegislature.gov/Bills/190/H92
190,H94,J13,2018-02-06 17:30,Please Vote as Amended?,13,0,0,1,https://malegislature.gov/Bills/190/H94
190,H96,J13,2018-01-30 13:00,Please Vote?,11,0,1,3,https://malegislature.gov/Bills/190/H96
190,H97,J13,2018-01-30 13:00,Please Vote?,10,1,1,3,https://malegislature.gov/Bills/190/H97
190,H98,J13,2018-01-30 13:00,Please Vote?,11,0,1,3,https://malegislature.gov/Bills/190/H98
190,H99,J13,2018-01-30 13:00,Please Vote?,12,0,0,3,https://malegislature.gov/Bills/190/H99
190,S104,S30,2018-01-11 10:35,Ought to pass – by substitution of a New Draft,15,0,2,0,https://malegislature.gov/Bills/190/S104
190,S1047,S30,2018-07-31 21:15,Ought to pass – by substitution of a New Draft,12,0,3,1,https://malegislature.gov/Bills/190/S1047
190,S1155,S30,2018-03-09 10:35,Ought to pass – by substitution of a New Draft,17,0,1,0,https://malegislature.gov/Bills/190/S1155
190,S1175,S30,2018-06-14 10:35,Ought to pass with an amendment,13,0,1,3,https://malegislature.gov/Bills/190/S1175
190,S1184,S30,2018-07-31 20:00,Ought to pass with an amendment,13,0,0,3,https://malegislature.gov/Bills/190/S1184
190,S1273,S30,2018-07-31 20:00,Ought to pass with an amendment,13,0,0,3,https://malegislature.gov/Bills/190/S1273
190,S129,S30,2018-03-29 11:50,Ought to pass – by substitution of a New Draft,15,0,1,2,https://malegislature.gov/Bills/190/S129
190,S1314,S30,2018-02-22 10:35,Ought to pass – by substitution of a New Draft,15,0,0,3,https://malegislature.gov/Bills/190/S1314
190,S1342,S30,2018-03-19 10:55,Ought to pass – by substitution of a New Draft,12,0,1,5,https://malegislature.gov/Bills/190/S1342
190,S137,S30,2018-12-10 10:35,Ought to pass with an amendment,12,0,1,3,https://malegislature.gov/Bills/190/S137
190,S1373,S30,2018-07-26 10:35,Ought to pass – by substitution of a New Draft,14,0,0,3,https://malegislature.gov/Bills/190/S1373
190,S1380,S30,2018-07-18 12:15,Ought to pass – by substitution of a New Draft,11,0,1,5,https://malegislature.gov/Bills/190/S1380
190,S1414,S30,2017-03-23 10:35,Ought to pass – by substitution of a New Draft,13,0,0,5,https://malegislature.gov/Bills/190/S1414
190,S143,S30,2018-03-19 10:55,Ought to pass with an amendment,14,0,0,4,https://malegislature.gov/Bills/190/S143
190,S157,S30,2018-07-16 11:45,Ought to pass – by substitution of a New Draft,16,0,0,1,https://malegislature.gov/Bills/190/S157
190,S1676,S30,2018-06-25 10:35,Ought to pass – by substitution of a New Draft,15,0,0,2,https://malegislature.gov/Bills/190/S1676
190,S1676,S32,2017-12-12 16:30,Shall the bill receive a favorable report from the Committee as amended?,6,0,0,1,https://malegislature.gov/Bills/190/S1676
190,S17,TS30,2017-02-10 10:35,Ought to pass – by substitution of a New Draft,14,0,0,2,https://malegislature.gov/Bills/190/S17
190,S1754,J25,2017-07-13 13:20,Yes/No?,0,0,0,16,https://malegislature.gov/Bills/190/S1754
190,S178,S30,2018-02-22 10:35,Ought to pass,15,0,0,3,https://malegislature.gov/Bills/190/S178
190,S1857,S30,2018-06-25 10:35,Ought to pass – by substitution of a New Draft,16,0,0,1,https://malegislature.gov/Bills/190/S1857
190,S1906,S30,2018-06-21 10:35,Ought to pass – by substitution of a New Draft,16,0,0,1,https://malegislature.gov/Bills/190/S1906
190,S1982,S30,2018-01-25 10:35,Ought to pass – by substitution of a New Draft,13,0,1,3,https://malegislature.gov/Bills/190/S1982
190,S2014,J31,2017-09-18 11:00,Release S2014 favorably from committee?,7,0,0,10,https://malegislature.gov/Bills/190/S2014
190,S2042,S30,2017-04-27 10:35,Ought to pass – by substitution of a New Draft,15,0,0,2,https://malegislature.gov/Bills/190/S2042
190,S2044,S30,2017-06-22 10:33,Ought to pass,16,0,0,0,https://malegislature.gov/Bills/190/S2044
190,S2048,S30,2017-05-18 10:35,Ought to pass – by substitution of a New Draft,16,0,0,0,https://malegislature.gov/Bills/190/S2048
190,S2049,S30,2017-05-03 10:35,Ought to pass – by substitution of a New Draft,14,0,0,3,https://malegislature.gov/Bills/190/S2049
190,S2071,S30,2017-07-13 10:33,Ought to pass – by substitution of a New Draft,11,0,3,2,https://malegislature.gov/Bills/190/S2071
190,S2072,S30,2017-09-28 10:46,Ought to pass – by substitution of a New Draft,15,0,0,3,https://malegislature.gov/Bills/190/S2072
190,S2075,J13,2017-11-09 14:00,Please Vote?,9,1,1,5,https://malegislature.gov/Bills/190/S2075
190,S2081,S30,2017-07-24 10:35,Ought to pass,13,0,3,0,https://malegislature.gov/Bills/190/S2081
190,S2082,S30,2017-12-07 10:35,Ought to pass with an amendment,16,0,0,2,https://malegislature.gov/Bills/190/S2082
190,S2083,S30,2018-10-18 10:35,Ought to pass with an amendment,14,0,0,2,https://malegislature.gov/Bills/190/S2083
190,S2084,S30,2017-07-13 10:33,Ought to pass with an amendment,15,0,0,1,https://malegislature.gov/Bills/190/S2084
190,S209,S30,2018-11-15 10:35,Ought to pass – by substitution of a New Draft,11,0,0,5,https://malegislature.gov/Bills/190/S209
190,S2099,S30,2017-09-28 10:33,Ought to pass – by substitution of a New Draft,15,0,0,3,https://malegislature.gov/Bills/190/S2099
190,S21,S30,2017-03-13 10:35,Ought to pass – by substitution of a New Draft,9,0,0,9,https://malegislature.gov/Bills/190/S21
190,S2101,S30,2017-07-31 10:34,Ought to pass with an amendment,17,0,0,1,https://malegislature.gov/Bills/190/S2101
190,S2102,S32,2017-11-07 16:30,Shall the bill receive a favorable report from the Committee?,6,0,0,1,https://malegislature.gov/Bills/190/S2102
190,S2107,S30,2017-07-13 10:33,Ought to pass – by substitution of a New Draft,15,0,0,1,https://malegislature.gov/Bills/190/S2107
190,S2109,S30,2017-10-26 10:35,Ought to pass,16,0,0,2,https://malegislature.gov/Bills/190/S2109
190,S2116,S30,2017-07-31 10:35,Ought to pass,17,0,0,1,https://malegislature.gov/Bills/190/S2116
190,S2117,S30,2017-08-31 10:35,Ought to pass with an amendment,14,0,0,4,https://malegislature.gov/Bills/190/S2117
190,S2123,S30,2017-08-31 10:35,Ought to pass with an amendment,16,0,0,2,https://malegislature.gov/Bills/190/S2123
190,S2139,S30,2018-01-18 10:35,Ought to pass – by substitution of a New Draft,14,0,3,0,https://malegislature.gov/Bills/190/S2139
190,S2166,S30,2017-10-26 10:35,Ought to pass,16,0,0,2,https://malegislature.gov/Bills/190/S2166
190,S2170,S30,2017-10-19 14:15,Ought to pass – by substitution of a New Draft,15,0,3,0,https://malegislature.gov/Bills/190/S2170
190,S2176,S30,2017-12-21 10:35,Ought to pass with an amendment,17,0,0,1,https://malegislature.gov/Bills/190/S2176
190,S2177,S30,2017-10-12 14:30,Ought to pass – by substitution of a New Draft,15,0,0,3,https://malegislature.gov/Bills/190/S2177
190,S2182,S30,2018-01-11 10:35,Ought to pass – by substitution of a New Draft,16,0,0,1,https://malegislature.gov/Bills/190/S2182
190,S2190,S30,2017-11-02 11:35,Ought to pass – by substitution of a New Draft,14,0,3,1,https://malegislature.gov/Bills/190/S2190
190,S2190,S61,2017-10-26 08:00,Recommended New Draft,5,0,1,0,https://malegislature.gov/Bills/190/S2190
190,S2202,S30,2017-11-02 11:35,Ought to pass – by substitution of a New Draft,11,0,3,4,https://malegislature.gov/Bills/190/S2202
190,S2209,S30,2018-07-09 12:00,Ought to pass – by substitution of a New Draft,13,0,1,3,https://malegislature.gov/Bills/190/S2209
190,S2212,S30,2018-12-31 10:35,Ought to pass,10,0,0,6,https://malegislature.gov/Bills/190/S2212
190,S2213,J13,2017-11-09 14:00,Please Vote?,10,0,1,5,https://malegislature.gov/Bills/190/S2213
190,S2213,S30,2018-07-16 11:45,Ought to pass – by substitution of a New Draft,16,0,1,0,https://malegislature.gov/Bills/190/S2213
190,S2217,S30,2018-06-21 10:35,Ought to pass – by substitution of a New Draft,15,0,0,2,https://malegislature.gov/Bills/190/S2217
190,S2236,S30,2018-07-17 12:33,Ought to pass – by substitution of a New Draft,13,0,1,3,https://malegislature.gov/Bills/190/S2236
190,S2238,S30,2018-06-07 13:05,Ought to pass – by substitution of a New Draft,12,0,3,2,https://malegislature.gov/Bills/190/S2238
190,S2239,J13,2018-02-07 13:30,Please Vote?,12,0,0,2,https://malegislature.gov/Bills/190/S2239
190,S2242,J31,2018-01-04 12:00,Send S2019 to Study?,11,0,1,5,https://malegislature.gov/Bills/190/S2242
190,S2243,J31,2018-01-04 12:00,Release S379   Favorably From committee?,11,0,2,4,https://malegislature.gov/Bills/190/S2243
190,S2251,S30,2018-02-14 10:35,Ought to pass with an amendment,18,0,0,0,https://malegislature.gov/Bills/190/S2251
190,S2266,S30,2018-04-23 11:00,Ought to pass,15,0,1,1,https://malegislature.gov/Bills/190/S2266
190,S2306,S30,2018-03-19 10:55,Ought to pass – by substitution of a New Draft,14,0,0,4,https://malegislature.gov/Bills/190/S2306
190,S2319,S30,2018-07-19 13:32,Ought to pass,14,0,0,3,https://malegislature.gov/Bills/190/S2319
190,S2319,S32,2018-06-21 16:00,Shall the bill receive a favorable report from the Committee?,5,0,0,2,https://malegislature.gov/Bills/190/S2319
190,S2324,S30,2018-07-16 11:45,Ought to pass,17,0,0,0,https://malegislature.gov/Bills/190/S2324
190,S2325,S30,2018-05-03 10:45,Ought to pass – by substitution of a New Draft,14,0,1,2,https://malegislature.gov/Bills/190/S2325
190,S2326,S30,2018-04-19 12:30,Ought to pass – by substitution of a New Draft,14,0,0,3,https://malegislature.gov/Bills/190/S2326
190,S2327,S30,2018-06-07 13:05,Ought to pass – by substitution of a New Draft,14,0,1,2,https://malegislature.gov/Bills/190/S2327
190,S2336,S30,2018-07-17 12:33,Ought to pass – by substitution of a New Draft,13,0,2,2,https://malegislature.gov/Bills/190/S2336
190,S2345,J13,2018-02-06 17:30,Please vote to place into a Study?,12,1,0,1,https://malegislature.gov/Bills/190/S2345
190,S2362,S30,2018-06-21 10:35,Ought to pass – by substitution of a New Draft,16,0,0,1,https://malegislature.gov/Bills/190/S2362
190,S2369,S30,2018-07-19 13:32,Ought to pass,13,0,1,3,https://malegislature.gov/Bills/190/S2369
190,S2369,S32,2018-06-21 16:00,Shall the bill receive a favorable report from the Committee?,5,0,0,2,https://malegislature.gov/Bills/190/S2369
190,S2377,S30,2018-06-18 10:35,Ought to pass – by substitution of a New Draft,13,1,1,2,https://malegislature.gov/Bills/190/S2377
190,S2382,S30,2018-06-14 10:35,Ought to pass with an amendment,12,0,2,3,https://malegislature.gov/Bills/190/S2382
190,S2387,S30,2018-07-24 10:45,Ought to pass – by substitution of a New Draft,15,0,1,1,https://malegislature.gov/Bills/190/S2387
190,S2394,S30,2018-07-19 13:33,Ought to pass – by substitution of a New Draft,12,0,2,3,https://malegislature.gov/Bills/190/S2394
190,S2395,S30,2018-07-19 13:32,Ought to pass,14,0,0,3,https://malegislature.gov/Bills/190/S2395
190,S2395,S32,2018-06-21 16:00,Shall the bill receive a favorable report from the Committee?,5,0,0,2,https://malegislature.gov/Bills/190/S2395
190,S2411,J13,2018-02-01 15:00,Please Vote as Redrafted?,11,0,0,3,https://malegislature.gov/Bills/190/S2411
190,S2412,J13,2018-02-06 17:30,Please Vote as Redrafted?,10,2,1,1,https://malegislature.gov/Bills/190/S2412
190,S2441,S30,2018-07-24 10:45,Ought to pass – by substitution of a New Draft,16,0,0,1,https://malegislature.gov/Bills/190/S2441
190,S2443,S30,2018-07-16 11:45,Ought to pass – by substitution of a New Draft,17,0,0,0,https://malegislature.gov/Bills/190/S2443
190,S2444,S30,2018-05-14 10:30,Ought to pass,14,0,0,3,https://malegislature.gov/Bills/190/S2444
190,S2446,S30,2018-08-02 10:30,Ought to pass with an amendment,13,0,1,2,https://malegislature.gov/Bills/190/S2446
190,S2450,S30,2018-06-14 10:35,Ought to pass with an amendment,14,0,0,3,https://malegislature.gov/Bills/190/S2450
190,S2459,S30,2018-07-24 10:45,Ought to pass – by substitution of a New Draft,16,0,0,1,https://malegislature.gov/Bills/190/S2459
190,S249,S30,2018-03-15 10:35,Ought to pass – by substitution of a New Draft,15,0,0,3,https://malegislature.gov/Bills/190/S249
190,S25,J13,2018-01-30 13:00,Please Vote?,11,0,1,3,https://malegislature.gov/Bills/190/S25
190,S2500,S30,2018-07-19 13:33,Ought to pass – by substitution of a New Draft,11,0,3,3,https://malegislature.gov/Bills/190/S2500
190,S2520,J13,2018-05-08 15:00,Please Vote as Redrafted?,10,0,0,4,https://malegislature.gov/Bills/190/S2520
190,S2521,J13,2018-05-08 15:00,Please Vote to Place into Study?,9,1,0,4,https://malegislature.gov/Bills/190/S2521
190,S2559,S30,2018-07-24 10:45,Ought to pass,16,0,0,1,https://malegislature.gov/Bills/190/S2559
190,S256,S30,2017-07-13 10:34,Ought to pass – by substitution of a New Draft,15,0,0,1,https://malegislature.gov/Bills/190/S256
190,S2582,S30,2018-07-24 10:45,Ought to pass,16,0,0,1,https://malegislature.gov/Bills/190/S2582
190,S26,J13,2018-01-30 13:00,Please Vote?,11,0,1,3,https://malegislature.gov/Bills/190/S26
190,S2603,S30,2018-07-24 10:45,Ought to pass,16,0,0,1,https://malegislature.gov/Bills/190/S2603
190,S28,J13,2018-01-30 13:00,Please Vote as Amended?,10,0,2,3,https://malegislature.gov/Bills/190/S28
190,S290,S30,2018-03-09 10:35,Ought to pass – by substitution of a New Draft,17,0,1,0,https://malegislature.gov/Bills/190/S290
190,S30,J13,2017-06-30 12:30,Please Vote?,15,0,0,2,https://malegislature.gov/Bills/190/S30
190,S31,J13,2017-06-30 12:00,Please Vote?,14,0,0,3,https://malegislature.gov/Bills/190/S31
190,S33,J13,2018-01-30 13:00,Please Vote?,10,1,1,3,https://malegislature.gov/Bills/190/S33
190,S34,J13,2017-09-21 12:00,Please Vote?,10,1,1,5,https://malegislature.gov/Bills/190/S34
190,S35,J13,2018-02-06 17:30,Please Vote?,11,0,2,1,https://malegislature.gov/Bills/190/S35
190,S36,J13,2018-01-30 13:00,Please Vote?,10,0,2,3,https://malegislature.gov/Bills/190/S36
190,S37,J13,2018-01-30 13:00,Please Vote?,10,1,1,3,https://malegislature.gov/Bills/190/S37
190,S38,J13,2018-01-30 13:00,Please Vote?,11,0,1,3,https://malegislature.gov/Bills/190/S38
190,S40,J13,2018-02-01 15:00,Please Vote?,11,0,0,3,https://malegislature.gov/Bills/190/S40
190,S41,J13,2018-02-01 15:00,Please Vote as Amended?,10,0,1,3,https://malegislature.gov/Bills/190/S41
190,S42,J13,2018-02-01 15:00,Please Vote?,9,0,2,3,https://malegislature.gov/Bills/190/S42
190,S429,S30,2018-01-16 10:35,Ought to pass – by substitution of a New Draft,11,1,2,3,https://malegislature.gov/Bills/190/S429
190,S43,J13,2018-02-01 15:00,Please Vote?,10,0,1,3,https://malegislature.gov/Bills/190/S43
190,S44,J13,2018-02-01 15:00,Please Vote?,10,0,1,3,https://malegislature.gov/Bills/190/S44
190,S46,J13,2018-02-06 17:30,Please Vote?,11,2,0,1,https://malegislature.gov/Bills/190/S46
190,S47,J13,2018-02-01 15:00,Please Vote?,9,0,2,3,https://malegislature.gov/Bills/190/S47
190,S472,S30,2017-10-30 10:35,Ought to pass – by substitution of a New Draft,14,0,3,1,https://malegislature.gov/Bills/190/S472
190,S479,S30,2018-06-07 13:05,Ought to pass – by substitution of a New Draft,12,0,3,2,https://malegislature.gov/Bills/190/S479
190,S48,J13,2018-02-01 15:00,Please Vote as Amended?,9,1,1,3,https://malegislature.gov/Bills/190/S48
190,S49,J13,2018-02-01 15:00,Please Vote?,10,0,1,3,https://malegislature.gov/Bills/190/S49
190,S50,J13,2018-02-01 15:00,Please Vote?,10,0,1,3,https://malegislature.gov/Bills/190/S50
190,S51,J13,2018-02-06 17:30,Please Vote?,13,0,0,1,https://malegislature.gov/Bills/190/S51
190,S52,J13,2018-02-01 15:00,Please Vote as Amended?,10,0,1,3,https://malegislature.gov/Bills/190/S52
190,S53,J13,2018-01-30 13:00,Please Vote?,12,0,0,3,https://malegislature.gov/Bills/190/S53
190,S54,J13,2017-11-09 14:00,Please Vote?,9,0,1,6,https://malegislature.gov/Bills/190/S54
190,S55,J13,2017-11-09 14:00,Please Vote?,9,0,1,6,https://malegislature.gov/Bills/190/S55
190,S56,J13,2017-11-09 14:00,Please Vote?,9,0,1,6,https://malegislature.gov/Bills/190/S56
190,S58,J13,2018-01-30 13:00,Please Vote?,11,0,1,3,https://malegislature.gov/Bills/190/S58
190,S59,J13,2018-01-30 13:00,Please Vote as Amended?,11,0,1,3,https://malegislature.gov/Bills/190/S59
190,S591,S30,2018-02-08 10:35,Ought to pass – by substitution of a New Draft,14,0,3,1,https://malegislature.gov/Bills/190/S591
190,S60,J13,2017-11-09 14:00,Please Vote?,9,0,1,6,https://malegislature.gov/Bills/190/S60
190,S62,J13,2017-06-30 12:00,Please Vote?,14,0,1,2,https://malegislature.gov/Bills/190/S62
190,S63,J13,2017-11-09 14:00,Please Vote?,9,0,1,6,https://malegislature.gov/Bills/190/S63
190,S65,J13,2018-02-01 15:00,Please Vote?,10,0,1,3,https://malegislature.gov/Bills/190/S65
190,S66,J13,2018-02-01 15:00,Please Vote as Amended?,10,0,1,3,https://malegislature.gov/Bills/190/S66
190,S67,J13,2018-01-30 13:00,Please Vote?,11,0,1,3,https://malegislature.gov/Bills/190/S67
190,S676,S30,2018-02-08 10:35,Ought to pass – by substitution of a New Draft,15,0,1,2,https://malegislature.gov/Bills/190/S676
190,S679,S30,2018-02-22 10:35,Ought to pass – by substitution of a New Draft,14,0,0,4,https://malegislature.gov/Bills/190/S679
190,S680,S30,2018-01-11 10:35,Ought to pass with an amendment,17,0,0,0,https://malegislature.gov/Bills/190/S680
190,S704,S30,2018-02-22 10:35,Ought to pass – by substitution of a New Draft,15,0,0,3,https://malegislature.gov/Bills/190/S704
190,S743,S30,2018-03-15 10:35,Ought to pass – by substitution of a New Draft,15,0,0,3,https://malegislature.gov/Bills/190/S743
190,S75,J13,2018-02-01 15:00,Please Vote?,11,0,0,3,https://malegislature.gov/Bills/190/S75
190,S76,J13,2018-02-01 15:00,Please Vote?,11,0,0,3,https://malegislature.gov/Bills/190/S76
190,S771,S30,2018-12-10 10:35,Ought to pass,14,0,0,2,https://malegislature.gov/Bills/190/S771
190,S78,J13,2018-02-01 15:00,Please Vote?,10,1,0,3,https://malegislature.gov/Bills/190/S78
190,S784,S30,2018-01-18 10:35,Ought to pass – by substitution of a New Draft,15,0,2,0,https://malegislature.gov/Bills/190/S784
190,S79,J13,2017-11-09 14:00,Please Vote?,10,0,1,5,https://malegislature.gov/Bills/190/S79
190,S991,S30,2018-03-01 10:35,Ought to pass – by substitution of a New Draft,17,0,1,0,https://malegislature.gov/Bills/190/S991
191,H102,J13,2019-11-22 16:00,Do you agree with the motion that the bill be reported favorably by committee?,16,0,0,1,https://malegislature.gov/Bills/191/H102
191,H107,J13,2020-01-25 11:00,Do you agree with the motion that this bill be reported favorably by committee?,15,0,0,1,https://malegislature.gov/Bills/191/H107
191,H108,J13,2020-02-04 16:03,Do you agree with the motion that this bill be reported favorably by committee?,15,0,0,2,https://malegislature.gov/Bills/191/H108
191,H111,J13,2020-02-04 16:03,Do you agree with the motion that the bills listed below be reported favorably by committee?,15,0,0,2,https://malegislature.gov/Bills/191/H111
191,H114,J13,2020-02-05 15:10,Do you agree with the motion that this bill be reported favorably by committee?,16,0,0,1,https://malegislature.gov/Bills/191/H114
191,H121,J13,2020-01-31 12:00,Do you agree with the motion that this bill be reported favorably by committee?,15,0,0,2,https://malegislature.gov/Bills/191/H121
191,H124,J13,2019-07-02 15:45,Do you agree with the motion that this bill be reported favorably by committee? ,15,0,0,2,https://malegislature.gov/Bills/191/H124
191,H128,J13,2019-05-31 16:00,Do you agree with the motion that the bill be reported favorably by committee?,17,0,0,0,https://malegislature.gov/Bills/191/H128
191,H134,J13,2020-01-29 16:00,Do you agree with the motion that this bill be reported favorably by committee?,16,0,0,1,https://malegislature.gov/Bills/191/H134
191,H135,J13,2020-02-04 16:00,Do you agree with the motion that this bill be reported favorably by committee?,15,0,0,2,https://malegislature.gov/Bills/191/H135
191,H136,J13,2020-02-05 15:05,Do you agree with the motion that this bill be reported favorably by committee?,16,0,0,1,https://malegislature.gov/Bills/191/H136
191,H137,J13,2019-05-31 16:00,Do you agree with the motion that the bill be reported favorably by committee?,17,0,0,0,https://malegislature.gov/Bills/191/H137
191,H148,J13,2020-01-25 11:00,Do you agree with the motion that this bill be reported favorably by committee?,15,0,0,1,https://malegislature.gov/Bills/191/H148
191,H1492,J13,2020-01-29 16:00,Do you agree with the motion that this bill be reported favorably by committee?,16,0,0,1,https://malegislature.gov/Bills/191/H1492
191,H154,J13,2020-01-25 11:00,Do you agree with the motion that this bill be reported favorably by committee?,15,0,0,1,https://malegislature.gov/Bills/191/H154
191,H155,J13,2020-01-29 16:00,Do you agree with the motion that this bill be reported favorably by committee?,16,0,0,1,https://malegislature.gov/Bills/191/H155
191,H159,J13,2020-02-04 16:00,Do you agree with the motion that this bill be reported favorably by committee?,15,0,0,2,https://malegislature.gov/Bills/191/H159
191,H160,J13,2020-02-04 16:00,Do you agree with the motion that this bill be reported favorably by committee?,15,0,0,2,https://malegislature.gov/Bills/191/H160
191,H162,J13,2020-01-31 12:00,Do you agree with the motion that this bill be reported favorably by committee?,14,0,1,2,https://malegislature.gov/Bills/191/H162
191,H169,J13,2019-11-22 16:00,Do you agree with the motion that the bill be reported favorably by committee?  ,15,0,1,1,https://malegislature.gov/Bills/191/H169
191,H174,J13,2020-09-01 15:00,Do you agree with the motion that this bill be reported favorably by committee?,15,0,0,2,https://malegislature.gov/Bills/191/H174
191,H175,J13,2019-07-30 16:30,Do you agree with the motion that the bill be reported favorably by committee?,16,0,0,1,https://malegislature.gov/Bills/191/H175
191,H3594,S30,2019-03-25 10:30,Ought to pass with an amendment - New Text,14,0,3,1,https://malegislature.gov/Bills/191/H3594
191,H3819,S30,2019-06-20 10:30,Ought to pass with an amendment - New Text,16,0,0,2,https://malegislature.gov/Bills/191/H3819
191,H3854,S30,2019-06-20 10:35,Ought to pass with an amendment - New Text,15,0,1,2,https://malegislature.gov/Bills/191/H3854
191,H3904,S30,2019-07-11 10:30,Ought to pass with an amendment - New Text,14,0,1,3,https://malegislature.gov/Bills/191/H3904
191,H3906,J15,2019-06-26 13:13,Ought to pass,13,0,2,2,https://malegislature.gov/Bills/191/H3906
191,H4012,S30,2019-10-11 11:05,Ought to pass with an amendment,14,0,1,3,https://malegislature.gov/Bills/191/H4012
191,H4024,J13,2019-07-30 16:30,Do you agree with the motion that the bill be reported favorably by committee?,15,0,1,1,https://malegislature.gov/Bills/191/H4024
191,H4034,J15,2019-12-16 17:00,Chair recommends favorable report,13,0,0,4,https://malegislature.gov/Bills/191/H4034
191,H4058,J15,2019-12-16 17:00,Chair recommends favorable report,13,0,0,4,https://malegislature.gov/Bills/191/H4058
191,H4074,J13,2019-09-16 11:00,Do you agree with the motion that this be reported favorably by committee?,16,0,0,1,https://malegislature.gov/Bills/191/H4074
191,H4087,S30,2019-10-31 10:30,Ought to pass – by substitution of a New Draft,16,0,1,1,https://malegislature.gov/Bills/191/H4087
191,H4099,S30,2019-10-25 14:00,Ought to pass with an amendment - New Text,15,0,2,1,https://malegislature.gov/Bills/191/H4099
191,H4132,S30,2019-11-20 16:00,Reports (in part) a Bill,18,0,0,0,https://malegislature.gov/Bills/191/H4132
191,H4162,J13,2019-11-01 12:00,Do you agree with the motion that this bill be reported favorably by committee?,17,0,0,0,https://malegislature.gov/Bills/191/H4162
191,H4163,J13,2019-11-01 12:00,Do you agree with the motion that this bill be reported favorably by committee?,17,0,0,0,https://malegislature.gov/Bills/191/H4163
191,H4176,S30,2019-12-12 10:45,Ought to pass,12,0,1,4,https://malegislature.gov/Bills/191/H4176
191,H4178,S30,2020-07-06 10:05,Ought to pass – by substitution of a New Draft,16,0,1,1,https://malegislature.gov/Bills/191/H4178
191,H4184,S30,2020-03-05 10:35,Ought to pass,17,0,0,1,https://malegislature.gov/Bills/191/H4184
191,H4218,S30,2020-01-10 13:30,Ought to pass with an amendment - New Text,14,0,0,2,https://malegislature.gov/Bills/191/H4218
191,H4231,J13,2019-11-22 16:00,Do you agree with the motion that the bill be reported favorably by committee?,15,0,1,1,https://malegislature.gov/Bills/191/H4231
191,H4232,J13,2019-11-22 16:00,Do you agree with the motion that the bill be reported favorably by committee?,16,0,0,1,https://malegislature.gov/Bills/191/H4232
191,H4233,J13,2019-11-22 16:00,Do you agree with the motion that the bill be reported favorably by committee?,16,0,0,1,https://malegislature.gov/Bills/191/H4233
191,H4236,J13,2019-11-22 16:00,Do you agree with the motion that the bill be reported favorably by committee?,16,0,0,1,https://malegislature.gov/Bills/191/H4236
191,H4280,J13,2020-01-25 11:00,Do you agree with the motion that this bill be reported favorably by committee?,15,0,0,1,https://malegislature.gov/Bills/191/H4280
191,H4281,J13,2020-02-05 15:05,Do you agree with the motion that this bill be reported favorably by committee?,16,0,0,1,https://malegislature.gov/Bills/191/H4281
191,H4347,J13,2020-01-29 16:00,Do you agree with the motion that this bill be reported favorably by committee?,16,0,0,1,https://malegislature.gov/Bills/191/H4347
191,H4348,J13,2020-01-29 16:00,Do you agree with the motion that this bill be reported favorably by committee?,16,0,0,1,https://malegislature.gov/Bills/191/H4348
191,H4349,J13,2020-01-29 16:00,Do you agree with the motion that this bill be reported favorably by committee?,16,0,0,1,https://malegislature.gov/Bills/191/H4349
191,H4350,J15,2020-06-18 21:18,Lowell local municipal elections,9,0,1,7,https://malegislature.gov/Bills/191/H4350
191,H4362,S30,2020-06-26 14:00,Ought to pass with an amendment - New Text,15,0,1,2,https://malegislature.gov/Bills/191/H4362
191,H4374,J13,2020-01-31 12:00,Do you agree with the motion that this bill be reported favorably by committee?,15,0,0,2,https://malegislature.gov/Bills/191/H4374
191,H4483,J13,2020-02-04 16:00,Do you agree with the motion that the bills listed below be reported favorably by committee?,15,0,0,2,https://malegislature.gov/Bills/191/H4483
191,H4484,J13,2020-02-05 15:10,Do you agree with the motion that this bill be reported favorably by committee?,15,0,1,1,https://malegislature.gov/Bills/191/H4484
191,H4485,J13,2020-02-05 15:10,Do you agree with the motion that this bill be reported favorably by committee?,16,0,0,1,https://malegislature.gov/Bills/191/H4485
191,H4486,J13,2020-02-04 16:03,Do you agree with the motion that this bill be reported favorably by committee?,15,0,0,2,https://malegislature.gov/Bills/191/H4486
191,H4487,J13,2020-02-05 15:10,Do you agree with the motion that this bill be reported favorably by committee?,15,0,1,1,https://malegislature.gov/Bills/191/H4487
191,H4488,J13,2020-02-04 16:03,Do you agree with the motion that this bill be reported favorably by committee?,15,0,0,2,https://malegislature.gov/Bills/191/H4488
191,H4489,J13,2020-02-04 16:00,Do you agree with the motion that this bill be reported favorably by committee?,15,0,0,2,https://malegislature.gov/Bills/191/H4489
191,H4490,J13,2020-02-04 16:00,Do you agree with the motion that this bill be reported favorably by committee?,15,0,0,2,https://malegislature.gov/Bills/191/H4490
191,H4491,J13,2020-02-04 16:00,Do you agree with the motion that this bill be reported favorably by committee?,15,0,0,2,https://malegislature.gov/Bills/191/H4491
191,H4492,J13,2020-02-04 16:00,Do you agree with the motion that this bill be reported favorably by committee?,15,0,0,2,https://malegislature.gov/Bills/191/H4492
191,H4493,J13,2020-02-05 15:05,Do you agree with the motion that this bill be reported favorably by committee?,16,0,0,1,https://malegislature.gov/Bills/191/H4493
191,H4494,J13,2020-02-04 16:00,Do you agree with the motion that this bill be reported favorably by committee?,15,0,0,2,https://malegislature.gov/Bills/191/H4494
191,H4495,J13,2020-02-04 16:00,Do you agree with the motion that this bill be reported favorably by committee?,14,1,0,2,https://malegislature.gov/Bills/191/H4495
191,H4496,J13,2020-02-04 16:00,Do you agree with the motion that this bill be reported favorably by committee?,15,0,0,2,https://malegislature.gov/Bills/191/H4496
191,H4497,J13,2020-02-04 16:00,Do you agree with the motion that this bill be reported favorably by committee?,15,0,0,2,https://malegislature.gov/Bills/191/H4497
191,H4498,J13,2020-02-04 16:00,Do you agree with the motion that this bill be reported favorably by committee?,15,0,0,2,https://malegislature.gov/Bills/191/H4498
191,H4499,J13,2020-02-04 16:00,Do you agree with the motion that this bill be reported favorably by committee?,15,0,0,2,https://malegislature.gov/Bills/191/H4499
191,H4500,J13,2020-02-04 16:00,Do you agree with the motion that this bill be reported favorably by committee?,15,0,0,2,https://malegislature.gov/Bills/191/H4500
191,H4503,S30,2020-03-12 10:35,Ought to pass with an amendment - New Text,16,0,1,1,https://malegislature.gov/Bills/191/H4503
191,H4547,S30,2020-07-10 11:00,Ought to pass with an amendment - New Text,16,0,1,1,https://malegislature.gov/Bills/191/H4547
191,H4547,S32,2020-06-02 13:06,Ought to pass – by substitution of a New Draft,6,0,1,0,https://malegislature.gov/Bills/191/H4547
191,H4615,S30,2020-04-09 09:30,Ought to pass with an amendment - New Text,13,0,3,2,https://malegislature.gov/Bills/191/H4615
191,H4616,S30,2020-04-09 09:30,Ought to pass with an amendment - New Text,15,0,1,2,https://malegislature.gov/Bills/191/H4616
191,H4622,J13,2020-04-15 17:00,Do you agree with the motion that this bill be reported favorably by committee?,16,0,0,1,https://malegislature.gov/Bills/191/H4622
191,H4636,S30,2020-06-04 09:30,Ought to pass,16,0,0,2,https://malegislature.gov/Bills/191/H4636
191,H4649,S30,2020-12-30 10:35,Ought to pass,14,0,1,3,https://malegislature.gov/Bills/191/H4649
191,H4672,S30,2020-05-08 09:30,Ought to pass with an amendment - New Text,15,0,2,1,https://malegislature.gov/Bills/191/H4672
191,H4679,J13,2020-04-24 14:00,Do you agree with the motion that this bill be reported favorably by committee?,16,0,0,1,https://malegislature.gov/Bills/191/H4679
191,H4687,J13,2020-05-01 15:00,Do you agree with the motion that this bill be reported favorably by committee?,17,0,0,0,https://malegislature.gov/Bills/191/H4687
191,H4688,J13,2020-05-01 15:00,Do you agree with the motion that this bill be reported favorably by committee?,17,0,0,0,https://malegislature.gov/Bills/191/H4688
191,H4733,S30,2020-06-26 14:00,Ought to pass with an amendment - New Text,15,0,1,2,https://malegislature.gov/Bills/191/H4733
191,H4733,S32,2020-06-09 17:15,Ought to pass – by substitution of a New Draft,5,1,1,0,https://malegislature.gov/Bills/191/H4733
191,H4751,S30,2020-06-10 17:05,Ought to pass with an amendment,11,0,4,3,https://malegislature.gov/Bills/191/H4751
191,H4778,S30,2020-06-09 15:30,Ought to pass – by substitution of a New Text,15,0,0,3,https://malegislature.gov/Bills/191/H4778
191,H4808,S30,2020-06-29 10:05,Ought to pass – by substitution of a New Draft,18,0,0,0,https://malegislature.gov/Bills/191/H4808
191,H4852,S30,2020-07-31 12:05,Ought to pass – by substitution of a New Draft,15,0,1,2,https://malegislature.gov/Bills/191/H4852
191,H4898,J13,2020-07-28 16:00,Do you agree with the motion that this bill be reported favorably by committee?,17,0,0,0,https://malegislature.gov/Bills/191/H4898
191,H4900,S30,2020-12-23 10:35,Ought to pass with an amendment,16,0,1,1,https://malegislature.gov/Bills/191/H4900
191,H4921,S30,2021-01-05 18:45,Ought to pass,15,0,1,2,https://malegislature.gov/Bills/191/H4921
191,H4924,S30,2021-01-05 18:45,Ought to pass,14,0,1,3,https://malegislature.gov/Bills/191/H4924
191,H4926,S30,2020-12-10 10:35,Ought to pass with an amendment,17,0,0,1,https://malegislature.gov/Bills/191/H4926
191,H4965,J13,2020-09-01 15:00,Do you agree with the motion that this bill be reported favorably by committee?,15,0,0,2,https://malegislature.gov/Bills/191/H4965
191,H4982,S30,2020-12-10 10:35,Ought to pass,17,0,0,1,https://malegislature.gov/Bills/191/H4982
191,H4983,S30,2020-12-10 10:35,Ought to pass,17,0,0,1,https://malegislature.gov/Bills/191/H4983
191,H5000,J13,2020-04-24 14:00,Do you agree with the motion that this bill be placed into a study order?,14,1,1,1,https://malegislature.gov/Bills/191/H5000
191,H5088,J13,2020-02-04 16:00,Do you agree with the motion that this bill along with others provided be reported to a study order by committee?,14,0,1,2,https://malegislature.gov/Bills/191/H5088
191,H5151,S30,2020-11-12 12:00,Ought to pass with an amendment - New Text,0,0,0,18,https://malegislature.gov/Bills/191/H5151
191,H5158,J15,2020-12-11 16:15,Bedford Home Rule,8,0,0,9,https://malegislature.gov/Bills/191/H5158
191,H5210,S30,2021-01-05 18:45,Ought to pass,14,0,1,3,https://malegislature.gov/Bills/191/H5210
191,H634,J15,2019-06-03 12:38,Release H634 favorably from committee?,14,0,0,3,https://malegislature.gov/Bills/191/H634
191,H641,J15,2019-06-03 12:37,Release H641 Favorably from committee?,14,0,0,3,https://malegislature.gov/Bills/191/H641
191,H698,J15,2019-06-03 12:40,Release H698 favorably from committee?,14,0,0,3,https://malegislature.gov/Bills/191/H698
191,H78,J15,2019-04-24 14:00,Report H. 78 out favorably,14,1,1,1,https://malegislature.gov/Bills/191/H78
191,H87,J13,2020-02-04 16:00,Do you agree with the motion that the bills listed below be reported favorably by committee?,15,0,0,2,https://malegislature.gov/Bills/191/H87
191,H89,J13,2020-01-31 12:00,Do you agree with the motion that this bill be reported favorably by committee?,14,0,1,2,https://malegislature.gov/Bills/191/H89
191,H94,J13,2020-02-05 15:10,Do you agree with the motion that this bill be reported favorably by committee?,16,0,0,1,https://malegislature.gov/Bills/191/H94
191,H97,J13,2020-02-05 15:10,Do you agree with the motion that this bill be reported favorably by committee?,15,1,0,1,https://malegislature.gov/Bills/191/H97
191,H98,J13,2020-04-24 14:00,Do you agree with the motion that this bill be reported favorably by committee?,11,0,5,1,https://malegislature.gov/Bills/191/H98
191,S104,S30,2020-07-19 18:10,Ought to pass – by substitution of a New Draft,16,0,1,1,https://malegislature.gov/Bills/191/S104
191,S1184,S32,2020-03-03 17:00,Ought to pass,4,0,1,2,https://malegislature.gov/Bills/191/S1184
191,S12,J15,2019-04-24 14:26,Send S.12 to study?,9,7,0,1,https://malegislature.gov/Bills/191/S12
191,S1230,S30,2019-09-16 10:35,OTP with amendment,15,0,0,3,https://malegislature.gov/Bills/191/S1230
191,S13,J15,2019-04-24 14:24,Send s.13 to study?,12,4,0,1,https://malegislature.gov/Bills/191/S13
191,S1306,S30,2020-07-23 10:00,Ought to pass – by substitution of a New Draft,15,0,1,2,https://malegislature.gov/Bills/191/S1306
191,S1316,J13,2020-04-24 14:00,Do you agree with the motion that this bill be placed into a study order?,14,1,1,1,https://malegislature.gov/Bills/191/S1316
191,S1332,S30,2020-07-30 11:00,Ought to pass – by substitution of a New Draft,16,0,1,1,https://malegislature.gov/Bills/191/S1332
191,S1372,S30,2020-07-27 10:00,Ought to pass – by substitution of a New Draft,12,1,3,2,https://malegislature.gov/Bills/191/S1372
191,S1376,S30,2020-02-20 10:35,Ought to pass – by substitution of a New Draft,12,0,2,4,https://malegislature.gov/Bills/191/S1376
191,S160,S30,2020-03-12 10:30,Ought to pass – by substitution of a New Draft,16,0,0,2,https://malegislature.gov/Bills/191/S160
191,S1854,S30,2019-06-12 10:30,Ought to pass – by substitution of a New Draft,17,0,0,1,https://malegislature.gov/Bills/191/S1854
191,S1855,S30,2019-10-11 11:05,Ought to pass with an amendment,15,0,0,3,https://malegislature.gov/Bills/191/S1855
191,S1881,S30,2020-03-05 10:35,Ought to pass with an amendment,17,0,0,1,https://malegislature.gov/Bills/191/S1881
191,S1881,S32,2019-10-04 10:00,Ought to pass,7,0,0,0,https://malegislature.gov/Bills/191/S1881
191,S1923,S30,2020-01-23 10:35,Ought to pass – by substitution of a New Draft,14,0,1,3,https://malegislature.gov/Bills/191/S1923
191,S1925,S30,2020-01-23 10:35,Ought to pass – by substitution of a New Draft,14,0,1,3,https://malegislature.gov/Bills/191/S1925
191,S1986,S30,2020-01-23 10:33,Ought to pass – by substitution of a New Draft,14,0,1,3,https://malegislature.gov/Bills/191/S1986
191,S2042,S30,2019-04-18 10:30,Ought to pass – by substitution of a New Draft,16,0,0,2,https://malegislature.gov/Bills/191/S2042
191,S2043,S30,2020-02-20 10:35,Ought to pass – by substitution of a New Draft,13,0,1,4,https://malegislature.gov/Bills/191/S2043
191,S2192,S30,2019-04-18 10:30,Ought to pass – by substitution of a New Draft,14,1,1,2,https://malegislature.gov/Bills/191/S2192
191,S2198,S30,2019-05-02 10:30,Ought to pass – by substitution of a New Draft,14,0,2,2,https://malegislature.gov/Bills/191/S2198
191,S2201,S30,2019-06-20 10:30,Ought to pass – by substitution of a New Draft,15,0,1,2,https://malegislature.gov/Bills/191/S2201
191,S2255,S30,2019-06-12 10:30,Reports (in part) a Bill,17,0,0,1,https://malegislature.gov/Bills/191/S2255
191,S2278,S30,2019-07-18 13:45,Ought to pass – by substitution of a New Draft,17,0,1,0,https://malegislature.gov/Bills/191/S2278
191,S2287,S30,2019-09-05 10:30,Ought to pass – by substitution of a New Draft,15,0,0,3,https://malegislature.gov/Bills/191/S2287
191,S2290,J15,2020-03-03 23:00,Chairs recommend favorable reports,10,0,0,7,https://malegislature.gov/Bills/191/S2290
191,S2302,S30,2020-06-04 09:30,Ought to pass – by substitution of a New Draft,14,0,0,4,https://malegislature.gov/Bills/191/S2302
191,S2308,S30,2019-07-31 17:15,Ought to pass with an amendment,17,0,1,0,https://malegislature.gov/Bills/191/S2308
191,S2325,S30,2019-08-22 10:30,Reports (in part) a Bill,14,0,0,4,https://malegislature.gov/Bills/191/S2325
191,S2335,S30,2020-06-26 14:00,Ought to pass – by substitution of a New Draft,15,0,1,2,https://malegislature.gov/Bills/191/S2335
191,S2343,J13,2019-09-16 11:00,Do you agree with the motion that this bill be reported favorably by committee?,16,0,0,1,https://malegislature.gov/Bills/191/S2343
191,S2343,S30,2019-10-11 11:05,Ought to pass with an amendment,15,0,0,3,https://malegislature.gov/Bills/191/S2343
191,S2348,S30,2019-09-24 12:07,Ought to pass with an amendment,15,0,2,1,https://malegislature.gov/Bills/191/S2348
191,S2352,S30,2020-06-26 14:00,Ought to pass – by substitution of a New Draft,15,0,1,2,https://malegislature.gov/Bills/191/S2352
191,S2378,S30,2019-10-21 12:15,Reports (in part) a Bill,17,0,1,0,https://malegislature.gov/Bills/191/S2378
191,S2384,S30,2020-07-10 11:00,Ought to pass,16,0,1,1,https://malegislature.gov/Bills/191/S2384
191,S2394,J15,2019-12-16 17:00,Chairs recommend favorable report,13,0,0,4,https://malegislature.gov/Bills/191/S2394
191,S2395,J13,2019-11-01 12:00,Do you agree with the motion that this bill be reported favorably by committee?,16,0,0,1,https://malegislature.gov/Bills/191/S2395
191,S2399,S30,2020-01-10 13:30,Ought to pass – by substitution of a New Draft,13,1,0,2,https://malegislature.gov/Bills/191/S2399
191,S24,J13,2019-05-31 16:00,Do you agree with the motion that the bill be reported favorably by committee?,17,0,0,0,https://malegislature.gov/Bills/191/S24
191,S24,S30,2019-07-18 13:45,Ought to pass – by substitution of a New Draft,18,0,0,0,https://malegislature.gov/Bills/191/S24
191,S2410,S30,2019-11-18 10:30,Reports (in part) a Bill,14,2,2,0,https://malegislature.gov/Bills/191/S2410
191,S2417,S30,2019-11-20 10:30,Reports (in part) a Bill,17,0,1,0,https://malegislature.gov/Bills/191/S2417
191,S2426,J13,2019-11-22 16:00,Do you agree with the motion that the bill be reported favorably by committee?,16,0,0,1,https://malegislature.gov/Bills/191/S2426
191,S2427,J13,2019-11-22 16:00,Do you agree with the motion that the bill be reported favorably by committee?,16,0,0,1,https://malegislature.gov/Bills/191/S2427
191,S2427,S30,2020-02-20 10:35,Ought to pass – by substitution of a New Draft,13,0,0,5,https://malegislature.gov/Bills/191/S2427
191,S2428,J13,2019-11-22 16:00,Do you agree with the motion that the bill be reported favorably by committee?,16,0,0,1,https://malegislature.gov/Bills/191/S2428
191,S2429,J13,2019-11-22 16:00,Do you agree with the motion that the bill be reported favorably by committee?,16,0,0,1,https://malegislature.gov/Bills/191/S2429
191,S2433,S30,2020-07-27 10:00,Ought to pass – by substitution of a New Draft,15,0,1,2,https://malegislature.gov/Bills/191/S2433
191,S2467,S30,2020-03-12 10:30,Ought to pass – by substitution of a New Draft,15,0,0,3,https://malegislature.gov/Bills/191/S2467
191,S2470,S30,2020-07-16 18:00,Ought to pass – by substitution of a New Draft,9,0,3,6,https://malegislature.gov/Bills/191/S2470
191,S2472,S30,2020-06-26 14:00,Ought to pass – by substitution of a New Draft,15,0,1,2,https://malegislature.gov/Bills/191/S2472
191,S2482,J13,2020-01-25 11:00,Do you agree with the motion that this bill be reported favorably by committee?,15,0,0,1,https://malegislature.gov/Bills/191/S2482
191,S2489,J13,2020-01-29 16:00,Do you agree with the motion that this bill be reported favorably by committee?,16,0,0,1,https://malegislature.gov/Bills/191/S2489
191,S2490,J13,2020-01-29 16:00,Do you agree with the motion that this bill be reported favorably by committee?,16,0,0,1,https://malegislature.gov/Bills/191/S2490
191,S2493,S30,2020-12-10 10:35,Ought to pass – by substitution of a New Draft,17,0,0,1,https://malegislature.gov/Bills/191/S2493
191,S2497,J15,2020-03-03 23:00,Chairs recommend favorable report,10,0,0,7,https://malegislature.gov/Bills/191/S2497
191,S2532,J13,2020-02-04 16:00,Do you agree with the motion that this bill along with others provided be reported to a study order by committee?,14,0,1,2,https://malegislature.gov/Bills/191/S2532
191,S2535,S30,2020-03-05 10:35,Ought to pass,17,0,0,1,https://malegislature.gov/Bills/191/S2535
191,S2539,S30,2020-07-27 10:00,Ought to pass – by substitution of a New Draft,15,0,1,2,https://malegislature.gov/Bills/191/S2539
191,S2580,S30,2020-12-15 10:00,Ought to pass with an amendment - New Text,17,0,0,1,https://malegislature.gov/Bills/191/S2580
191,S2581,S30,2020-07-27 10:00,Ought to pass – by substitution of a New Draft,15,0,1,2,https://malegislature.gov/Bills/191/S2581
191,S2590,J13,2020-02-04 16:00,Do you agree with the motion that this bill be reported favorably by committee?,15,0,0,2,https://malegislature.gov/Bills/191/S2590
191,S2599,S30,2020-03-18 10:35,Ought to pass,17,0,0,1,https://malegislature.gov/Bills/191/S2599
191,S26,J13,2019-11-22 16:00,Do you agree with the motion that the bill be reported favorably by committee?  ,16,0,0,1,https://malegislature.gov/Bills/191/S26
191,S2608,S30,2020-03-22 19:00,Ought to pass with an amendment,15,0,0,3,https://malegislature.gov/Bills/191/S2608
191,S2615,S30,2020-03-24 14:40,Ought to pass with an amendment,16,0,0,2,https://malegislature.gov/Bills/191/S2615
191,S2618,S30,2020-03-30 12:35,Ought to pass with an amendment - New Text,17,0,0,1,https://malegislature.gov/Bills/191/S2618
191,S2621,S30,2020-03-31 17:25,Ought to pass	(in part),15,0,1,2,https://malegislature.gov/Bills/191/S2621
191,S2640,S30,2020-04-16 09:35,Reports (in part) a Bill,17,0,0,1,https://malegislature.gov/Bills/191/S2640
191,S2642,S30,2020-04-21 09:30,Ought to pass	(in part),14,0,0,4,https://malegislature.gov/Bills/191/S2642
191,S2647,S30,2020-04-22 09:30,Ought to pass	(in part),16,0,1,1,https://malegislature.gov/Bills/191/S2647
191,S2661,J13,2020-02-04 16:00,Do you agree with the motion that this bill be reported favorably by committee?,15,0,0,2,https://malegislature.gov/Bills/191/S2661
191,S2662,J13,2020-01-31 12:00,Do you agree with the motion that this bill be reported favorably by committee?,13,0,2,2,https://malegislature.gov/Bills/191/S2662
191,S2663,J13,2020-02-04 16:00,Do you agree with the motion that this bill be reported favorably by committee?,15,0,0,2,https://malegislature.gov/Bills/191/S2663
191,S2667,J13,2020-01-31 12:00,Do you agree with the motion that this bill be reported favorably by committee?,15,0,0,2,https://malegislature.gov/Bills/191/S2667
191,S2668,S30,2020-11-05 10:35,Ought to pass – by substitution of a New Draft,16,0,1,1,https://malegislature.gov/Bills/191/S2668
191,S2673,S30,2020-05-01 09:30,Reports (in part) a Bill,15,0,1,2,https://malegislature.gov/Bills/191/S2673
191,S2674,J13,2020-02-04 16:00,Do you agree with the motion that the bills listed below be reported favorably by committee?,15,0,0,2,https://malegislature.gov/Bills/191/S2674
191,S2686,J13,2020-04-24 14:00,Do you agree with the motion that this bill be placed into a study order?,14,1,1,1,https://malegislature.gov/Bills/191/S2686
191,S2718,J13,2020-02-05 15:05,Do you agree with the motion that this bill be reported favorably by committee?,15,0,1,1,https://malegislature.gov/Bills/191/S2718
191,S2719,J13,2020-02-05 15:05,Do you agree with the motion that this bill be reported favorably by committee?,16,0,0,1,https://malegislature.gov/Bills/191/S2719
191,S2721,J13,2020-02-04 16:00,Do you agree with the motion that this bill be reported favorably by committee?,15,0,0,2,https://malegislature.gov/Bills/191/S2721
191,S2722,J13,2020-02-04 16:00,Do you agree with the motion that this bill be reported favorably by committee?,15,0,0,2,https://malegislature.gov/Bills/191/S2722
191,S2723,J13,2020-02-04 16:00,Do you agree with the motion that this bill be reported favorably by committee?,15,0,0,2,https://malegislature.gov/Bills/191/S2723
191,S2724,J13,2020-02-04 16:00,Do you agree with the motion that this bill be reported favorably by committee?,15,0,0,2,https://malegislature.gov/Bills/191/S2724
191,S2726,J13,2020-02-04 16:00,Do you agree with the motion that this bill be reported favorably by committee?,15,0,0,2,https://malegislature.gov/Bills/191/S2726
191,S2730,S30,2020-07-19 18:10,Ought to pass – by substitution of a New Draft,16,0,0,2,https://malegislature.gov/Bills/191/S2730
191,S2735,J13,2020-05-01 15:00,Do you agree with the motion that this bill be reported favorably by committee?,17,0,0,0,https://malegislature.gov/Bills/191/S2735
191,S2740,S30,2020-07-10 11:00,Ought to pass – by substitution of a New Draft,15,0,1,2,https://malegislature.gov/Bills/191/S2740
191,S2746,S30,2020-06-08 15:35,Ought to pass	(in part),15,1,1,1,https://malegislature.gov/Bills/191/S2746
191,S2750,J13,2020-04-24 14:00,Do you agree with the motion that this bill be reported favorably by committee?,16,0,0,1,https://malegislature.gov/Bills/191/S2750
191,S2767,S30,2020-10-22 10:35,Ought to pass with an amendment,16,0,1,1,https://malegislature.gov/Bills/191/S2767
191,S2784,S30,2020-12-10 10:35,Ought to pass – by substitution of a New Draft,17,0,0,1,https://malegislature.gov/Bills/191/S2784
191,S28,J13,2019-07-30 16:30,Do you agree with the motion that the bill be reported favorably by committee?,16,0,0,1,https://malegislature.gov/Bills/191/S28
191,S2800,S30,2020-07-06 10:05,Ought to pass	(in part),14,0,3,1,https://malegislature.gov/Bills/191/S2800
191,S2903,J15,2020-09-05 15:30,Wayland elected officials swearing in,10,0,0,7,https://malegislature.gov/Bills/191/S2903
191,S2905,J13,2020-09-01 15:00,Do you agree with the motion that this bill be reported favorably by committee?,15,0,0,2,https://malegislature.gov/Bills/191/S2905
191,S2930,S30,2020-10-26 10:35,Ought to pass with an amendment,17,0,0,1,https://malegislature.gov/Bills/191/S2930
191,S32,J13,2020-01-31 12:00,Do you agree with the motion that this bill be reported favorably by committee?,14,0,1,2,https://malegislature.gov/Bills/191/S32
191,S35,J13,2019-07-02 15:45,Do you agree with the motion that this bill be reported favorably by committee? ,15,0,0,2,https://malegislature.gov/Bills/191/S35
191,S36,J13,2019-11-22 16:00,Do you agree with the motion that the bill be reported favorably by committee?,16,0,0,1,https://malegislature.gov/Bills/191/S36
191,S42,J13,2020-04-24 14:00,Do you agree with the motion that this bill be reported favorably by committee?,16,0,0,1,https://malegislature.gov/Bills/191/S42
191,S457,S30,2019-08-01 10:30,Ought to pass – by substitution of a New Draft,14,0,0,4,https://malegislature.gov/Bills/191/S457
191,S46,J13,2019-11-22 16:00,Do you agree with the motion that the bill be reported favorably by committee?,16,0,0,1,https://malegislature.gov/Bills/191/S46
191,S50,J13,2019-07-30 16:30,Do you agree with the motion that the bill be reported favorably by committee?,16,0,0,1,https://malegislature.gov/Bills/191/S50
191,S527,S30,2020-02-06 10:35,Ought to pass – by substitution of a New Draft,17,0,0,1,https://malegislature.gov/Bills/191/S527
191,S55,J13,2020-02-04 16:00,Do you agree with the motion that the bills listed below be reported favorably by committee?,15,0,0,2,https://malegislature.gov/Bills/191/S55
191,S57,J13,2020-09-01 15:00,Do you agree with the motion that this bill be reported favorably by committee?,15,0,0,2,https://malegislature.gov/Bills/191/S57
191,S588,S30,2020-02-06 10:35,Ought to pass – by substitution of a New Draft,17,0,0,1,https://malegislature.gov/Bills/191/S588
191,S60,J13,2020-01-25 11:00,Do you agree with the motion that this bill be reported favorably by committee?,15,0,0,1,https://malegislature.gov/Bills/191/S60
191,S61,J13,2020-01-29 16:00,Do you agree with the motion that this bill be reported favorably by committee?,16,0,0,1,https://malegislature.gov/Bills/191/S61
191,S610,S30,2019-07-18 13:45,Ought to pass – by substitution of a New Draft,18,0,0,0,https://malegislature.gov/Bills/191/S610
191,S612,S30,2020-06-18 14:02,Ought to pass with an amendment,17,0,1,0,https://malegislature.gov/Bills/191/S612
191,S613,S30,2020-10-29 10:50,Ought to pass with an amendment,17,0,0,1,https://malegislature.gov/Bills/191/S613
191,S62,J13,2019-05-31 16:00,Do you agree with the motion that the bill be reported favorably by committee?,17,0,0,0,https://malegislature.gov/Bills/191/S62
191,S63,J13,2020-01-29 16:00,Do you agree with the motion that this bill be reported favorably by committee?,16,0,0,1,https://malegislature.gov/Bills/191/S63
191,S65,J13,2020-01-25 11:00,Do you agree with the motion that this bill be reported favorably by committee?,15,0,0,1,https://malegislature.gov/Bills/191/S65
191,S69,J13,2020-02-05 15:05,Do you agree with the motion that this bill be reported favorably by committee?,16,0,0,1,https://malegislature.gov/Bills/191/S69
191,S73,J13,2019-05-31 16:00,Do you agree with the motion that the bill be reported favorably by committee?,17,0,0,0,https://malegislature.gov/Bills/191/S73
191,S733,S30,2019-11-07 10:35,Ought to pass with an amendment,13,0,2,3,https://malegislature.gov/Bills/191/S733
191,S78,J13,2020-02-27 13:30,Do you agree with the motion that this bill be reported favorably by committee?,13,0,1,3,https://malegislature.gov/Bills/191/S78
192,H3178,S30,2021-11-17 10:35,Ought to pass,17,0,0,0,https://malegislature.gov/Bills/192/H3178
192,H3701,S30,2021-04-22 16:15,Ought to pass with an amendment - New Text,18,0,0,0,https://malegislature.gov/Bills/192/H3701
192,H3863,S30,2021-07-02 10:45,Ought to pass with an amendment - New Text,11,1,3,3,https://malegislature.gov/Bills/192/H3863
192,H3871,S30,2021-06-21 11:30,Ought to pass with an amendment - New Text,17,0,1,0,https://malegislature.gov/Bills/192/H3871
192,H3903,S30,2021-06-28 10:30,Ought to pass ? by substitution of a New Draft,18,0,0,0,https://malegislature.gov/Bills/192/H3903
192,H3993,S30,2022-04-22 16:00,Ought to pass with an amendment - New Text,13,0,4,0,https://malegislature.gov/Bills/192/H3993
192,H3999,S30,2021-09-17 10:35,Ought to pass with an amendment - New Text,16,0,0,1,https://malegislature.gov/Bills/192/H3999
192,H4001,S30,2021-05-11 09:50,Ought to pass with an amendment - New Text,14,0,1,3,https://malegislature.gov/Bills/192/H4001
192,H4126,S30,2022-02-28 10:35,Ought to pass with an amendment - New Text,16,0,0,1,https://malegislature.gov/Bills/192/H4126
192,H4215,S30,2022-07-25 11:00,Ought to pass with an amendment - New Text,16,0,1,0,https://malegislature.gov/Bills/192/H4215
192,H4234,S30,2021-10-03 13:30,Ought to pass with an amendment - New Text,16,0,1,0,https://malegislature.gov/Bills/192/H4234
192,H4250,S30,2022-07-29 11:00,Ought to pass with an amendment - New Text,16,0,0,1,https://malegislature.gov/Bills/192/H4250
192,H4338,S30,2022-07-25 11:00,Ought to pass with an amendment - New Text,11,0,3,3,https://malegislature.gov/Bills/192/H4338
192,H4339,S30,2022-07-25 11:00,Ought to pass with an amendment - New Text,15,0,2,0,https://malegislature.gov/Bills/192/H4339
192,H4345,S30,2022-01-24 09:35,Ought to pass with an amendment - New Text,16,0,1,0,https://malegislature.gov/Bills/192/H4345
192,H4432,S30,2022-03-17 12:30,Ought to pass with an amendment - New Text,17,0,0,0,https://malegislature.gov/Bills/192/H4432
192,H4441,S30,2022-03-03 13:15,Ought to pass with an amendment - New Text,14,0,2,1,https://malegislature.gov/Bills/192/H4441
192,H4442,S30,2022-07-08 10:30,Ought to pass with an amendment - New Text,16,0,1,0,https://malegislature.gov/Bills/192/H4442
192,H4443,S30,2022-07-25 11:00,Ought to pass,12,0,2,3,https://malegislature.gov/Bills/192/H4443
192,H4498,S30,2022-12-29 12:00,Ought to pass with an amendment - New Text,13,0,2,1,https://malegislature.gov/Bills/192/H4498
192,H4524,S30,2022-04-07 15:45,Ought to pass with an amendment - New Text,12,0,4,1,https://malegislature.gov/Bills/192/H4524
192,H4554,S30,2022-03-28 11:00,Ought to pass with an amendment - New Text,16,0,1,0,https://malegislature.gov/Bills/192/H4554
192,H4555,S30,2022-03-31 15:00,Ought to pass with an amendment - New Text,17,0,0,0,https://malegislature.gov/Bills/192/H4555
192,H4565,S30,2022-10-03 10:30,Ought to pass with an amendment - New Text,13,0,2,1,https://malegislature.gov/Bills/192/H4565
192,H4578,S30,2022-03-17 12:30,Ought to pass with an amendment - New Text,15,0,2,0,https://malegislature.gov/Bills/192/H4578
192,H4638,S30,2022-06-06 11:00,Ought to pass,15,0,1,1,https://malegislature.gov/Bills/192/H4638
192,H4701,S30,2022-05-10 12:45,Ought to pass with an amendment - New Text,15,0,2,0,https://malegislature.gov/Bills/192/H4701
192,H4792,S30,2022-07-25 11:00,Ought to pass with an amendment - New Text,17,0,0,0,https://malegislature.gov/Bills/192/H4792
192,H4793,S30,2022-10-03 10:30,Ought to pass with an amendment - New Text,14,0,1,1,https://malegislature.gov/Bills/192/H4793
192,H4794,S30,2022-07-29 11:00,Ought to pass with an amendment - New Text,16,0,1,0,https://malegislature.gov/Bills/192/H4794
192,H4807,S30,2022-06-10 11:15,Ought to pass with an amendment - New Text,14,0,2,1,https://malegislature.gov/Bills/192/H4807
192,H4916,S30,2022-07-07 15:15,Ought to pass with an amendment - New Text,15,0,2,0,https://malegislature.gov/Bills/192/H4916
192,H4929,S30,2022-07-25 11:00,Ought to pass with an amendment - New Text,16,0,1,0,https://malegislature.gov/Bills/192/H4929
192,H4931,S30,2023-01-03 18:40,Ought to pass with an amendment - New Text,14,0,0,2,https://malegislature.gov/Bills/192/H4931
192,H4932,S30,2022-07-07 15:15,Ought to pass,17,0,0,0,https://malegislature.gov/Bills/192/H4932
192,H5006,S30,2022-12-12 10:30,Ought to pass with an amendment - New Text,15,0,1,0,https://malegislature.gov/Bills/192/H5006
192,H5034,S30,2022-07-18 15:15,Ought to pass with an amendment - New Text,14,0,2,1,https://malegislature.gov/Bills/192/H5034
192,H5051,S30,2023-01-03 18:40,Ought to pass with an amendment - New Text,14,0,0,2,https://malegislature.gov/Bills/192/H5051
192,H5054,S30,2022-10-03 10:30,Ought to pass with an amendment - New Text,14,0,2,0,https://malegislature.gov/Bills/192/H5054
192,H5149,S30,2023-01-03 15:30,Ought to pass,14,0,2,0,https://malegislature.gov/Bills/192/H5149
192,H5356,S30,2022-12-29 12:00,Ought to pass with an amendment - New Text,14,0,1,1,https://malegislature.gov/Bills/192/H5356
192,H5365,S30,2022-12-12 10:30,Ought to pass with an amendment - New Text,15,0,1,0,https://malegislature.gov/Bills/192/H5365
192,H5421,S30,2023-01-03 15:30,Ought to pass with an amendment,13,0,2,1,https://malegislature.gov/Bills/192/H5421
192,H5422,S30,2023-01-03 18:40,Ought to pass,12,0,2,2,https://malegislature.gov/Bills/192/H5422
192,H5423,S30,2022-12-29 12:00,Ought to pass with an amendment - New Text,14,0,1,1,https://malegislature.gov/Bills/192/H5423
192,H596,S30,2022-07-25 11:00,Ought to pass,15,0,1,1,https://malegislature.gov/Bills/192/H596
192,H73,S30,2021-03-11 10:35,Ought to pass with an amendment,16,0,2,0,https://malegislature.gov/Bills/192/H73
192,H851,S30,2022-04-07 15:45,Ought to pass with an amendment - New Text,15,0,1,1,https://malegislature.gov/Bills/192/H851
192,H90,S30,2021-03-16 09:30,Ought to pass with an amendment - New Text,16,0,2,0,https://malegislature.gov/Bills/192/H90
192,S1276,S30,2021-11-09 13:00,Ought to pass – by substitution of a New Draft,15,0,2,0,https://malegislature.gov/Bills/192/S1276
192,S1322,S30,2022-07-08 10:30,Ought to pass – by substitution of a New Draft,17,0,0,0,https://malegislature.gov/Bills/192/S1322
192,S1358,S30,2021-07-29 10:35,Ought to pass – by substitution of a New Draft,18,0,0,0,https://malegislature.gov/Bills/192/S1358
192,S1407,S30,2022-06-24 10:30,Ought to pass – by substitution of a New Draft,16,0,1,0,https://malegislature.gov/Bills/192/S1407
192,S1445,S30,2022-02-28 10:35,Ought to pass – by substitution of a New Draft,16,0,0,1,https://malegislature.gov/Bills/192/S1445
192,S1520,S30,2022-06-27 10:30,Ought to pass – by substitution of a New Draft,15,0,2,0,https://malegislature.gov/Bills/192/S1520
192,S1522,S30,2022-06-06 11:00,Ought to pass – by substitution of a New Draft,15,0,1,1,https://malegislature.gov/Bills/192/S1522
192,S1606,S30,2021-11-09 13:00,Ought to pass – by substitution of a New Draft,17,0,0,0,https://malegislature.gov/Bills/192/S1606
192,S2041,S30,2022-07-14 10:30,Ought to pass – by substitution of a New Draft,16,0,0,1,https://malegislature.gov/Bills/192/S2041
192,S2064,S30,2022-07-29 11:00,Ought to pass – by substitution of a New Draft,16,0,1,0,https://malegislature.gov/Bills/192/S2064
192,S2276,S30,2022-01-10 10:35,Ought to pass – by substitution of a New Draft,16,0,0,1,https://malegislature.gov/Bills/192/S2276
192,S2282,S30,2021-09-17 10:35,Ought to pass – by substitution of a New Draft,13,0,3,1,https://malegislature.gov/Bills/192/S2282
192,S2372,S30,2022-03-28 11:00,Ought to pass – by substitution of a New Draft,16,0,1,0,https://malegislature.gov/Bills/192/S2372
192,S2384,S30,2022-10-03 10:30,Ought to pass – by substitution of a New Draft,16,0,0,0,https://malegislature.gov/Bills/192/S2384
192,S2467,S30,2021-06-08 10:35,Ought to pass	(in part),14,0,2,2,https://malegislature.gov/Bills/192/S2467
192,S2470,S30,2021-06-21 11:30,Ought to pass ? by substitution of a New Draft,14,0,4,0,https://malegislature.gov/Bills/192/S2470
192,S2495,S30,2021-09-17 10:35,Ought to pass – by substitution of a New Draft,13,0,2,2,https://malegislature.gov/Bills/192/S2495
192,S2502,S30,2021-10-14 14:30,Ought to pass – by substitution of a New Draft,15,0,0,2,https://malegislature.gov/Bills/192/S2502
192,S2525,S30,2021-10-14 14:30,Ought to pass – by substitution of a New Draft,14,0,1,2,https://malegislature.gov/Bills/192/S2525
192,S2567,S30,2022-11-03 10:30,Ought to pass – by substitution of a New Draft,15,0,1,0,https://malegislature.gov/Bills/192/S2567
192,S2583,S30,2022-02-28 10:35,Ought to pass – by substitution of a New Draft,16,0,0,1,https://malegislature.gov/Bills/192/S2583
192,S2660,S30,2022-03-31 15:00,Ought to pass – by substitution of a New Draft,12,0,5,0,https://malegislature.gov/Bills/192/S2660
192,S2671,S30,2022-06-17 10:30,Ought to pass – by substitution of a New Draft,10,0,5,2,https://malegislature.gov/Bills/192/S2671
192,S2747,S30,2022-07-29 11:00,Ought to pass – by substitution of a New Draft,14,0,1,2,https://malegislature.gov/Bills/192/S2747
192,S2780,S30,2023-01-03 18:40,Ought to pass – by substitution of a New Draft,13,0,0,3,https://malegislature.gov/Bills/192/S2780
192,S2836,S30,2022-06-17 10:30,Ought to pass – by substitution of a New Draft,11,0,4,2,https://malegislature.gov/Bills/192/S2836
192,S2848,S30,2022-11-03 10:30,Ought to pass – by substitution of a New Draft,15,0,1,0,https://malegislature.gov/Bills/192/S2848
192,S2883,S30,2022-06-30 15:15,Ought to pass – by substitution of a New Draft,14,0,3,0,https://malegislature.gov/Bills/192/S2883
192,S2982,S30,2022-07-05 10:45,Ought to pass	(in part),15,0,2,0,https://malegislature.gov/Bills/192/S2982
192,S3084,S30,2022-07-30 11:15,Ought to pass	(in part) - S3084 Facial Recognition,12,0,4,1,https://malegislature.gov/Bills/192/S3084
192,S3084,S30,2022-07-30 11:15,Ought to pass	(in part) - S3085 Homestead,14,0,2,1,https://malegislature.gov/Bills/192/S3084
192,S3084,S30,2022-07-30 11:15,Ought to pass	(in part) - S3086 Remote Notarization,13,0,2,2,https://malegislature.gov/Bills/192/S3084
192,S3084,S30,2022-07-30 11:15,Ought to pass with an amendment - New Text - S3087 Judiciary Bond Bill,13,0,3,1,https://malegislature.gov/Bills/192/S3084
192,S3138,S30,2022-12-22 10:30,Ought to pass – by substitution of a New Draft,16,0,0,0,https://malegislature.gov/Bills/192/S3138
192,S32,S30,2022-06-24 10:30,Ought to pass – by substitution of a New Draft,15,0,2,0,https://malegislature.gov/Bills/192/S32
192,S459,S30,2021-09-30 11:00,Ought to pass – by substitution of a New Draft,14,0,2,1,https://malegislature.gov/Bills/192/S459
192,S475,S30,2022-12-12 10:30,Ought to pass – by substitution of a New Draft,15,0,1,0,https://malegislature.gov/Bills/192/S475
192,S559,S30,2022-07-31 16:15,Ought to pass – by substitution of a New Draft,15,0,1,1,https://malegislature.gov/Bills/192/S559
192,S676,S30,2022-04-07 15:45,Ought to pass – by substitution of a New Draft,13,0,3,1,https://malegislature.gov/Bills/192/S676
192,S771,S30,2022-02-03 10:35,Ought to pass – by substitution of a New Draft,16,0,0,1,https://malegislature.gov/Bills/192/S771
192,S87,S30,2022-06-24 10:30,Ought to pass – by substitution of a New Draft,16,0,1,0,https://malegislature.gov/Bills/192/S87
192,S9,TS30,2021-01-26 17:05,Ought to pass,16,0,2,0,https://malegislature.gov/Bills/192/S9
192,S923,S30,2022-06-17 10:30,Ought to pass – by substitution of a New Draft,11,0,4,2,https://malegislature.gov/Bills/192/S923
193,H1999,S30,2024-12-23 10:45,Ought to pass with an amendment - New Text,16,0,0,1,https://malegislature.gov/Bills/193/H1999
193,H3547,S30,2023-03-27 17:00,Ought to pass with an amendment - New Text,16,0,1,1,https://malegislature.gov/Bills/193/H3547
193,H3770,S30,2023-06-08 10:30,Ought to pass with an amendment - New Text,15,0,1,1,https://malegislature.gov/Bills/193/H3770
193,H3862,S30,2023-06-08 10:30,Ought to pass,15,0,1,1,https://malegislature.gov/Bills/193/H3862
193,H3901,S30,2023-05-09 13:00,Ought to pass with an amendment - New Text,16,0,2,0,https://malegislature.gov/Bills/193/H3901
193,H3937,S30,2024-07-25 10:30,Ought to pass with an amendment - New Text,16,0,0,1,https://malegislature.gov/Bills/193/H3937
193,H4082,S30,2023-10-02 10:30,Ought to pass with an amendment,15,0,2,0,https://malegislature.gov/Bills/193/H4082
193,H4109,S30,2023-10-13 14:30,Ought to pass with an amendment - New Text,14,0,0,3,https://malegislature.gov/Bills/193/H4109
193,H4168,S30,2023-11-29 10:30,Ought to pass,16,0,0,1,https://malegislature.gov/Bills/193/H4168
193,H4193,S30,2024-07-22 11:00,Ought to pass with an amendment - New Text,14,0,2,1,https://malegislature.gov/Bills/193/H4193
193,H4241,S30,2024-03-14 12:30,Ought to pass with an amendment - New Text,16,0,0,1,https://malegislature.gov/Bills/193/H4241
193,H4350,S30,2024-07-29 11:00,Ought to pass with an amendment - New Text,16,0,1,0,https://malegislature.gov/Bills/193/H4350
193,H4466,S30,2024-03-18 12:00,Ought to pass with an amendment - New Text,13,0,4,0,https://malegislature.gov/Bills/193/H4466
193,H4528,S30,2024-08-29 10:30,Ought to pass with an amendment - New Text,14,0,0,3,https://malegislature.gov/Bills/193/H4528
193,H4601,S30,2024-05-07 12:30,Ought to pass with an amendment - New Text,16,0,1,0,https://malegislature.gov/Bills/193/H4601
193,H4648,S30,2024-06-03 12:00,Ought to pass with an amendment - New Text,13,0,2,2,https://malegislature.gov/Bills/193/H4648
193,H4653,S30,2024-07-15 11:30,Ought to pass with an amendment - New Text,14,0,3,0,https://malegislature.gov/Bills/193/H4653
193,H4671,S30,2024-06-10 10:30,Ought to pass with an amendment - New Text,16,0,1,0,https://malegislature.gov/Bills/193/H4671
193,H4698,S30,2024-07-22 11:00,Ought to pass with an amendment - New Text,14,0,2,1,https://malegislature.gov/Bills/193/H4698
193,H4700,S30,2024-07-25 10:30,Ought to pass with an amendment - New Text,16,0,0,1,https://malegislature.gov/Bills/193/H4700
193,H4726,S30,2024-06-24 11:30,Ought to pass with an amendment - New Text,14,0,3,0,https://malegislature.gov/Bills/193/H4726
193,H4746,S30,2024-07-22 11:00,Ought to pass,14,0,2,1,https://malegislature.gov/Bills/193/H4746
193,H4750,S30,2024-07-29 11:00,Ought to pass with an amendment - New Text,15,0,2,0,https://malegislature.gov/Bills/193/H4750
193,H4758,S30,2024-07-29 11:00,Ought to pass with an amendment - New Text,14,0,3,0,https://malegislature.gov/Bills/193/H4758
193,H4772,S30,2024-12-26 11:00,Ought to pass with an amendment - New Text,14,0,2,1,https://malegislature.gov/Bills/193/H4772
193,H4785,S30,2024-07-29 11:00,Ought to pass with an amendment - New Text,15,0,2,0,https://malegislature.gov/Bills/193/H4785
193,H4799,S30,2024-07-22 11:00,Ought to pass with an amendment - New Text,14,0,2,1,https://malegislature.gov/Bills/193/H4799
193,H4804,S30,2024-07-08 11:15,Ought to pass with an amendment - New Text,14,0,3,0,https://malegislature.gov/Bills/193/H4804
193,H4840,S30,2024-12-17 14:00,Ought to pass with an amendment - New Text,15,0,2,0,https://malegislature.gov/Bills/193/H4840
193,H4842,S30,2024-12-26 11:00,Ought to pass with an amendment - New Text,15,0,1,1,https://malegislature.gov/Bills/193/H4842
193,H4905,S30,2024-12-30 12:00,Ought to pass with an amendment - New Text,14,0,1,2,https://malegislature.gov/Bills/193/H4905
193,H4918,S30,2024-10-24 11:00,Ought to pass with an amendment - New Text,16,0,0,1,https://malegislature.gov/Bills/193/H4918
193,H4937,S30,2024-12-23 10:45,Ought to pass,16,0,0,1,https://malegislature.gov/Bills/193/H4937
193,H4940,S30,2024-12-26 11:00,Ought to pass with an amendment - New Text,15,0,1,1,https://malegislature.gov/Bills/193/H4940
193,H4941,S30,2024-12-30 12:00,Ought to pass with an amendment - New Text,15,0,0,2,https://malegislature.gov/Bills/193/H4941
193,H4965,S30,2024-12-17 14:00,Ought to pass with an amendment - New Text,16,0,1,0,https://malegislature.gov/Bills/193/H4965
193,H5077,S30,2024-10-23 13:30,Ought to pass with an amendment - New Text,15,0,2,0,https://malegislature.gov/Bills/193/H5077
193,H5139,S30,2024-12-23 10:45,Ought to pass with an amendment - New Text,16,0,0,1,https://malegislature.gov/Bills/193/H5139
193,H5151,S30,2024-12-30 12:00,Ought to pass,14,0,1,2,https://malegislature.gov/Bills/193/H5151
193,H58,S30,2023-03-06 11:45,Ought to pass with an amendment - New Text,15,0,2,1,https://malegislature.gov/Bills/193/H58
193,S1353,S30,2023-10-19 10:30,Ought to pass – by substitution of a New Draft,16,0,1,0,https://malegislature.gov/Bills/193/S1353
193,S1372,S30,2024-12-17 14:00,Ought to pass – by substitution of a New Draft,16,0,1,0,https://malegislature.gov/Bills/193/S1372
193,S1381,S30,2023-10-19 10:30,Ought to pass – by substitution of a New Draft,15,0,1,1,https://malegislature.gov/Bills/193/S1381
193,S1485,S30,2024-03-25 10:45,Ought to pass – by substitution of a New Draft,16,0,0,1,https://malegislature.gov/Bills/193/S1485
193,S1502,S30,2024-07-29 11:00,Ought to pass – by substitution of a New Draft,16,0,1,0,https://malegislature.gov/Bills/193/S1502
193,S1506,S30,2024-07-22 11:00,Ought to pass with an amendment - New Text,14,0,2,1,https://malegislature.gov/Bills/193/S1506
193,S152,S30,2024-01-02 10:30,Ought to pass – by substitution of a New Draft,14,0,2,1,https://malegislature.gov/Bills/193/S152
193,S171,S30,2024-04-22 10:30,Ought to pass – by substitution of a New Draft,14,0,3,0,https://malegislature.gov/Bills/193/S171
193,S190,S30,2024-01-12 11:00,Ought to pass – by substitution of a New Draft,16,0,0,1,https://malegislature.gov/Bills/193/S190
193,S1991,S30,2024-07-31 10:30,Ought to pass – by substitution of a New Draft,17,0,0,0,https://malegislature.gov/Bills/193/S1991
193,S2106,S30,2024-04-22 10:30,Ought to pass – by substitution of a New Draft,14,0,3,0,https://malegislature.gov/Bills/193/S2106
193,S2192,S30,2024-12-17 14:00,Ought to pass – by substitution of a New Draft,16,0,1,0,https://malegislature.gov/Bills/193/S2192
193,S2204,S30,2024-01-02 10:30,Ought to pass – by substitution of a New Draft,15,0,0,2,https://malegislature.gov/Bills/193/S2204
193,S2207,S30,2023-07-24 14:30,Ought to pass – by substitution of a New Draft,16,0,0,1,https://malegislature.gov/Bills/193/S2207
193,S2251,S30,2023-07-24 14:30,Ought to pass,14,0,0,3,https://malegislature.gov/Bills/193/S2251
193,S2335,S30,2024-12-17 14:00,Ought to pass – by substitution of a New Draft,16,0,1,0,https://malegislature.gov/Bills/193/S2335
193,S2393,S30,2024-07-25 10:30,Ought to pass – by substitution of a New Draft,16,0,0,1,https://malegislature.gov/Bills/193/S2393
193,S2408,S30,2024-06-03 12:00,Ought to pass – by substitution of a New Draft,14,0,1,2,https://malegislature.gov/Bills/193/S2408
193,S2412,S30,2024-07-25 10:30,Ought to pass – by substitution of a New Draft,16,0,0,1,https://malegislature.gov/Bills/193/S2412
193,S2426,S30,2023-07-24 14:30,Ought to pass	(in part),15,0,1,1,https://malegislature.gov/Bills/193/S2426
193,S2430,S30,2023-10-02 10:30,Ought to pass – by substitution of a New Draft,16,0,1,0,https://malegislature.gov/Bills/193/S2430
193,S2457,S30,2024-01-12 11:00,Ought to pass – by substitution of a New Draft,15,0,1,1,https://malegislature.gov/Bills/193/S2457
193,S2458,S30,2024-01-02 10:30,Ought to pass – by substitution of a New Draft,15,0,0,2,https://malegislature.gov/Bills/193/S2458
193,S2464,S30,2024-02-26 10:30,Ought to pass – by substitution of a New Draft,16,0,0,1,https://malegislature.gov/Bills/193/S2464
193,S2470,S30,2024-11-04 10:30,Ought to pass – by substitution of a New Draft,15,0,0,2,https://malegislature.gov/Bills/193/S2470
193,S2476,S30,2024-01-12 11:00,Ought to pass – by substitution of a New Draft,15,0,1,1,https://malegislature.gov/Bills/193/S2476
193,S2477,S30,2024-07-29 11:00,Ought to pass – by substitution of a New Draft,15,0,2,0,https://malegislature.gov/Bills/193/S2477
193,S2479,S30,2024-08-05 10:30,Ought to pass – by substitution of a New Draft,16,0,0,1,https://malegislature.gov/Bills/193/S2479
193,S2492,S30,2023-11-09 13:30,Ought to pass – by substitution of a New Draft,15,0,1,1,https://malegislature.gov/Bills/193/S2492
193,S2531,S30,2024-06-17 12:45,Ought to pass – by substitution of a New Draft,14,1,2,0,https://malegislature.gov/Bills/193/S2531
193,S2548,S30,2024-01-08 10:30,Ought to pass – by substitution of a New Draft,13,0,3,1,https://malegislature.gov/Bills/193/S2548
193,S2557,S30,2024-07-25 10:30,Ought to pass – by substitution of a New Draft,16,0,0,1,https://malegislature.gov/Bills/193/S2557
193,S2559,S30,2024-12-30 12:00,Ought to pass – by substitution of a New Draft,15,0,0,2,https://malegislature.gov/Bills/193/S2559
193,S2619,S30,2024-03-07 11:30,Ought to pass – by substitution of a New Draft,15,0,2,0,https://malegislature.gov/Bills/193/S2619
193,S2638,S30,2024-03-25 10:45,Ought to pass – by substitution of a New Draft,16,0,0,1,https://malegislature.gov/Bills/193/S2638
193,S2659,S30,2024-07-22 11:00,Ought to pass – by substitution of a New Draft,14,0,2,1,https://malegislature.gov/Bills/193/S2659
193,S268,S30,2024-02-22 10:30,Ought to pass – by substitution of a New Draft,14,0,3,0,https://malegislature.gov/Bills/193/S268
193,S2754,S30,2024-10-03 10:30,Ought to pass – by substitution of a New Draft,11,0,3,3,https://malegislature.gov/Bills/193/S2754
193,S2873,S30,2024-12-30 12:00,Ought to pass – by substitution of a New Draft,14,0,1,2,https://malegislature.gov/Bills/193/S2873
193,S2884,S30,2024-07-22 11:00,Ought to pass	(in part),14,0,2,1,https://malegislature.gov/Bills/193/S2884
193,S458,S30,2024-07-31 10:30,Ought to pass – by substitution of a New Draft,15,0,2,0,https://malegislature.gov/Bills/193/S458
193,S570,S30,2024-06-17 12:45,Ought to pass – by substitution of a New Draft,13,1,3,0,https://malegislature.gov/Bills/193/S570
193,S617,S30,2024-10-24 11:00,Ought to pass – by substitution of a New Draft,16,0,0,1,https://malegislature.gov/Bills/193/S617
193,S648,S30,2024-04-22 10:30,Ought to pass – by substitution of a New Draft,14,0,3,0,https://malegislature.gov/Bills/193/S648
194,H1000,J21,2025-09-29 16:22,Should the Committee report the following bill out favorably?,11,0,0,0,https://malegislature.gov/Bills/194/H1000
194,H1002,J21,2025-07-02 13:28,Should the Committee report the following bill out favorably?,11,0,0,0,https://malegislature.gov/Bills/194/H1002
194,H1005,J21,2026-03-16 14:55,Should the Committee report the following bill out favorably?,10,0,1,0,https://malegislature.gov/Bills/194/H1005
194,H1007,J21,2025-07-02 13:29,Should the Committee report the following bill out favorably?,11,0,0,0,https://malegislature.gov/Bills/194/H1007
194,H1008,J21,2025-07-02 13:30,Should the Committee report the following bill out favorably?,10,1,0,0,https://malegislature.gov/Bills/194/H1008
194,H1009,J21,2025-08-29 08:07,Should the Committee report the following bill out favorably?,10,1,0,0,https://malegislature.gov/Bills/194/H1009
194,H101,J33,2025-10-02 11:21,AITIC Committee Poll,9,1,0,1,https://malegislature.gov/Bills/194/H101
194,H1012,J21,2026-03-16 14:20,Should the Committee report the following bill out favorably?,10,0,1,0,https://malegislature.gov/Bills/194/H1012
194,H1013,J21,2025-11-25 16:10,H1013 - An Act establishing the municipal reforestation program,10,1,0,0,https://malegislature.gov/Bills/194/H1013
194,H1018,J21,2025-09-15 13:24,Should the Committee report the following bill out favorably?,10,0,1,0,https://malegislature.gov/Bills/194/H1018
194,H1020,J21,2026-03-16 14:27,Should the Committee report the following bill out favorably?,10,0,1,0,https://malegislature.gov/Bills/194/H1020
194,H1021,J21,2026-03-16 15:19,Should the Committee report the following bill out favorably?,9,0,2,0,https://malegislature.gov/Bills/194/H1021
194,H1023,J21,2025-07-31 13:15,Should the Committee report the following bill out favorably?,9,0,1,1,https://malegislature.gov/Bills/194/H1023
194,H1024,J21,2025-07-02 13:31,Should the Committee report the following bill out favorably?,10,1,0,0,https://malegislature.gov/Bills/194/H1024
194,H1024,S29,2025-10-20 10:00,Placed in the Orders of the Day,6,0,1,0,https://malegislature.gov/Bills/194/H1024
194,H1031,J21,2026-03-16 15:06,Should the Committee report the following bill out favorably?,10,0,1,0,https://malegislature.gov/Bills/194/H1031
194,H1033,J21,2026-01-22 16:19,An Act responding to the threat of invasive species,10,0,0,1,https://malegislature.gov/Bills/194/H1033
194,H1041,J21,2026-01-22 16:32,An Act to protect pollinators and public health,10,0,0,1,https://malegislature.gov/Bills/194/H1041
194,H1050,J21,2026-03-16 15:07,Should the Committee report the following bill out favorably?,9,1,1,0,https://malegislature.gov/Bills/194/H1050
194,H1051,J21,2026-03-16 15:10,Should the Committee report the following bill out favorably?,9,1,1,0,https://malegislature.gov/Bills/194/H1051
194,H1052,J21,2026-03-16 15:10,Should the Committee report the following bill out favorably?,10,0,1,0,https://malegislature.gov/Bills/194/H1052
194,H1055,J21,2025-12-22 17:30,Should the Committee report the following bill out favorably?,9,0,1,1,https://malegislature.gov/Bills/194/H1055
194,H1056,J21,2025-12-22 17:31,Should the Committee report the following bill out favorably?,9,0,1,1,https://malegislature.gov/Bills/194/H1056
194,H1059,J45,2025-11-05 17:00,Shall the bill be reported favorably?,10,0,1,0,https://malegislature.gov/Bills/194/H1059
194,H106,J33,2025-11-14 14:15,AITIC Committee Poll,9,1,0,1,https://malegislature.gov/Bills/194/H106
194,H1061,J21,2025-07-02 13:32,Should the Committee report the following bill out favorably?,10,1,0,0,https://malegislature.gov/Bills/194/H1061
194,H1064,J21,2025-09-29 16:24,Should the Committee report the following bill out favorably?,11,0,0,0,https://malegislature.gov/Bills/194/H1064
194,H1068,J21,2025-10-24 13:50,Should the Committee report the following bill out favorably?,8,1,0,2,https://malegislature.gov/Bills/194/H1068
194,H1069,J21,2025-07-02 13:32,Should the Committee report the following bill out favorably?,11,0,0,0,https://malegislature.gov/Bills/194/H1069
194,H1070,J21,2026-03-16 14:31,Should the Committee report the following bill out favorably?,10,0,1,0,https://malegislature.gov/Bills/194/H1070
194,H1073,J21,2025-07-02 13:32,Should the Committee report the following bill out favorably?,11,0,0,0,https://malegislature.gov/Bills/194/H1073
194,H1077,J11,2025-12-12 15:49,Do you think that this bill should be studied further?,11,0,0,0,https://malegislature.gov/Bills/194/H1077
194,H108,J21,2026-01-22 16:33,An Act to protect Massachusetts pollinators,10,0,0,1,https://malegislature.gov/Bills/194/H108
194,H1082,J11,2025-09-08 13:18,Favorable report on pharmacy matters,11,0,0,0,https://malegislature.gov/Bills/194/H1082
194,H1084,J11,2025-08-11 15:15,Poll/Vote?,11,0,0,0,https://malegislature.gov/Bills/194/H1084
194,H1085,J11,2025-08-11 15:15,Move bill favorably out of committee,11,0,0,0,https://malegislature.gov/Bills/194/H1085
194,H1087,J11,2025-08-11 15:27,Put bill into Study,11,0,0,0,https://malegislature.gov/Bills/194/H1087
194,H1089,J11,2026-01-05 14:54,Study Poll Relative to Banking Matters,11,0,0,0,https://malegislature.gov/Bills/194/H1089
194,H1097,J11,2025-08-11 15:15,Put bill into Study,11,0,0,0,https://malegislature.gov/Bills/194/H1097
194,H1098,J11,2025-12-12 15:49,Do you think that this bill should be studied further?,11,0,0,0,https://malegislature.gov/Bills/194/H1098
194,H1099,J11,2025-12-12 15:48,Do you think that this bill should be studied further?,11,0,0,0,https://malegislature.gov/Bills/194/H1099
194,H110,J45,2025-08-07 14:00,Shall the bill be reported favorably with changes?,10,0,1,0,https://malegislature.gov/Bills/194/H110
194,H1100,J11,2025-08-11 15:15,Move bill favorably out of committee,11,0,0,0,https://malegislature.gov/Bills/194/H1100
194,H1105,J11,2025-08-11 15:15,Move bill favorably out of committee,11,0,0,0,https://malegislature.gov/Bills/194/H1105
194,H1109,J11,2025-08-25 10:43,Should this bill be voted favorably out of committee?,11,0,0,0,https://malegislature.gov/Bills/194/H1109
194,H111,J45,2025-08-07 14:00,Shall the bill be reported favorably with changes?,10,0,1,0,https://malegislature.gov/Bills/194/H111
194,H1112,J11,2026-01-05 14:55,Study Poll Relative to Banking Matters,11,0,0,0,https://malegislature.gov/Bills/194/H1112
194,H1114,J11,2026-02-13 12:54,Study,11,0,0,0,https://malegislature.gov/Bills/194/H1114
194,H1115,J11,2026-01-05 14:56,Study relative to certain health insurance mandated benefit bills,11,0,0,0,https://malegislature.gov/Bills/194/H1115
194,H1116,J11,2026-01-16 14:26,Should this bill be studied further?,11,0,0,0,https://malegislature.gov/Bills/194/H1116
194,H1119,J11,2026-01-05 14:56,Study Poll Relative to Banking Matters,11,0,0,0,https://malegislature.gov/Bills/194/H1119
194,H1122,J11,2026-02-13 12:10,Study,11,0,0,0,https://malegislature.gov/Bills/194/H1122
194,H1123,J11,2025-08-11 15:15,Move bill favorably out of committee,11,0,0,0,https://malegislature.gov/Bills/194/H1123
194,H1124,J11,2025-08-25 10:18,Should this bill be studied?,11,0,0,0,https://malegislature.gov/Bills/194/H1124
194,H1126,J11,2025-10-09 15:25,Favorable report,11,0,0,0,https://malegislature.gov/Bills/194/H1126
194,H1126,J24,2026-07-16 15:00,Favorable Report,13,0,0,0,https://malegislature.gov/Bills/194/H1126
194,H1129,J11,2025-08-11 15:15,Move bill favorably out of committee,11,0,0,0,https://malegislature.gov/Bills/194/H1129
194,H1132,J11,2025-12-23 13:59,Favorable report,11,0,0,0,https://malegislature.gov/Bills/194/H1132
194,H1139,J11,2025-08-11 15:15,Move bill favorably out of committee,11,0,0,0,https://malegislature.gov/Bills/194/H1139
194,H1145,J11,2026-02-13 12:55,Study,11,0,0,0,https://malegislature.gov/Bills/194/H1145
194,H1150,J11,2025-08-11 15:15,Put bill into Study,11,0,0,0,https://malegislature.gov/Bills/194/H1150
194,H1152,J11,2025-08-25 10:19,Should this bill be studied?,11,0,0,0,https://malegislature.gov/Bills/194/H1152
194,H1153,J11,2025-08-25 10:43,Should this bill be voted favorably out of committee?,11,0,0,0,https://malegislature.gov/Bills/194/H1153
194,H1155,J11,2025-09-08 11:00,Study relative to certain pharmacy bills,11,0,0,0,https://malegislature.gov/Bills/194/H1155
194,H116,J45,2025-08-07 14:00,Shall the bill accompany H120?,10,0,1,0,https://malegislature.gov/Bills/194/H116
194,H1160,J11,2025-08-11 15:15,Put bill into Study,11,0,0,0,https://malegislature.gov/Bills/194/H1160
194,H1163,J11,2026-01-16 14:27,Should this bill be studied further?,11,0,0,0,https://malegislature.gov/Bills/194/H1163
194,H1166,J11,2025-08-25 10:20,Should this bill be placed into a study?,11,0,0,0,https://malegislature.gov/Bills/194/H1166
194,H1167,J11,2025-09-08 13:22,Favorable report on pharmacy matters,11,0,0,0,https://malegislature.gov/Bills/194/H1167
194,H1168,J11,2025-10-09 15:29,Favorable report,11,0,0,0,https://malegislature.gov/Bills/194/H1168
194,H1168,J24,2026-07-16 15:00, Favorable Report,13,0,0,0,https://malegislature.gov/Bills/194/H1168
194,H117,J45,2025-08-07 14:00,Shall the bill be reported favorably?,10,0,1,0,https://malegislature.gov/Bills/194/H117
194,H1172,J11,2026-01-05 14:56,Study relative to certain health insurance mandated benefit bills,11,0,0,0,https://malegislature.gov/Bills/194/H1172
194,H1175,J11,2025-08-11 15:15,Put bill into Study,11,0,0,0,https://malegislature.gov/Bills/194/H1175
194,H1176,J11,2025-08-11 15:15,Put bill into Study,11,0,0,0,https://malegislature.gov/Bills/194/H1176
194,H1177,J11,2026-02-13 12:56,Study,11,0,0,0,https://malegislature.gov/Bills/194/H1177
194,H1182,J11,2026-01-05 14:56,Study Poll Relative to Banking Matters,11,0,0,0,https://malegislature.gov/Bills/194/H1182
194,H1183,J11,2026-02-13 12:57,Study,11,0,0,0,https://malegislature.gov/Bills/194/H1183
194,H1184,J11,2025-08-11 15:15,Put bill into Study,11,0,0,0,https://malegislature.gov/Bills/194/H1184
194,H1194,J11,2025-09-22 13:59,Do you recommend that the bill moves out of the committee favorably?,11,0,0,0,https://malegislature.gov/Bills/194/H1194
194,H1195,J11,2025-08-25 10:23,Should this bill be placed into a study?,11,0,0,0,https://malegislature.gov/Bills/194/H1195
194,H1197,J11,2026-01-16 14:17,Should this bill be sent out with a favorable report?,11,0,0,0,https://malegislature.gov/Bills/194/H1197
194,H12,J25,2025-10-09 16:00,Ought to pass,8,0,0,3,https://malegislature.gov/Bills/194/H12
194,H12,J25,2025-12-03 15:30,Ought to pass,15,0,0,2,https://malegislature.gov/Bills/194/H12
194,H1200,J11,2025-08-25 10:22,Should this bill be placed into a study?,11,0,0,0,https://malegislature.gov/Bills/194/H1200
194,H1201,J11,2026-01-16 14:28,Should this bill be studied further?,11,0,0,0,https://malegislature.gov/Bills/194/H1201
194,H1213,J11,2026-01-16 14:28,Should this bill be studied further?,11,0,0,0,https://malegislature.gov/Bills/194/H1213
194,H1217,J11,2025-08-11 15:15,Put bill into Study,11,0,0,0,https://malegislature.gov/Bills/194/H1217
194,H1219,J11,2025-08-25 10:23,Should this bill be placed into a study?,11,0,0,0,https://malegislature.gov/Bills/194/H1219
194,H1220,J11,2025-08-25 10:23,Should this bill be placed into a study?,11,0,0,0,https://malegislature.gov/Bills/194/H1220
194,H1221,J11,2026-02-13 12:58,Study,11,0,0,0,https://malegislature.gov/Bills/194/H1221
194,H1222,J11,2025-09-08 13:28,Favorable report on pharmacy matters,11,0,0,0,https://malegislature.gov/Bills/194/H1222
194,H1225,J11,2025-08-11 15:15,Put bill into Study,11,0,0,0,https://malegislature.gov/Bills/194/H1225
194,H123,J45,2025-08-07 14:00,Shall the bill be reported favorably?,10,0,1,0,https://malegislature.gov/Bills/194/H123
194,H1231,J11,2025-08-25 10:45,Should this bill be voted favorably out of committee?,11,0,0,0,https://malegislature.gov/Bills/194/H1231
194,H1233,J11,2025-08-11 15:15,Move bill favorably out of committee,11,0,0,0,https://malegislature.gov/Bills/194/H1233
194,H1234,J11,2025-09-08 13:30,Favorable report on pharmacy matters,11,0,0,0,https://malegislature.gov/Bills/194/H1234
194,H1236,J11,2026-01-23 12:38,Favorable report,11,0,0,0,https://malegislature.gov/Bills/194/H1236
194,H1236,J24,2026-07-16 15:00,Favorable Report,13,0,0,0,https://malegislature.gov/Bills/194/H1236
194,H1239,J11,2026-01-05 14:57,Study Poll Relative to Banking Matters,11,0,0,0,https://malegislature.gov/Bills/194/H1239
194,H124,J21,2026-01-22 16:09,An Act relative to improving pesticide protections for Massachusetts schoolchildren,10,0,0,1,https://malegislature.gov/Bills/194/H124
194,H1242,J11,2025-12-12 15:48,Should this bill be sent out of committee favorably?,11,0,0,0,https://malegislature.gov/Bills/194/H1242
194,H1243,J11,2025-12-12 15:47,Do you think that this bill should be studied further?,11,0,0,0,https://malegislature.gov/Bills/194/H1243
194,H1247,J11,2026-01-05 14:24,Favorable Relative to Banking Matters,11,0,0,0,https://malegislature.gov/Bills/194/H1247
194,H1248,J11,2025-08-11 15:15,Move bill favorably out of committee,11,0,0,0,https://malegislature.gov/Bills/194/H1248
194,H1250,J11,2025-08-11 15:15,Put bill into Study,11,0,0,0,https://malegislature.gov/Bills/194/H1250
194,H1251,J11,2026-01-16 14:29,Should this bill be studied further?,11,0,0,0,https://malegislature.gov/Bills/194/H1251
194,H1252,J11,2025-08-11 15:15,Put bill into Study,11,0,0,0,https://malegislature.gov/Bills/194/H1252
194,H1253,J11,2026-01-05 14:56,Study relative to certain health insurance mandated benefit bills,11,0,0,0,https://malegislature.gov/Bills/194/H1253
194,H1256,J11,2026-01-16 14:19,Should this bill be moved out of committee with a favorable report?,11,0,0,0,https://malegislature.gov/Bills/194/H1256
194,H126,J45,2025-11-05 17:00,Shall the bill be reported favorably?,11,0,0,0,https://malegislature.gov/Bills/194/H126
194,H1260,J11,2026-01-16 14:20,Should this bill be moved out of committee with a favorable report?,11,0,0,0,https://malegislature.gov/Bills/194/H1260
194,H1263,J11,2025-08-25 10:24,Should this bill be placed into a study?,11,0,0,0,https://malegislature.gov/Bills/194/H1263
194,H1264,J11,2026-02-13 12:58,Study,11,0,0,0,https://malegislature.gov/Bills/194/H1264
194,H1265,J11,2025-08-25 10:25,Should this bill be placed into a study?,11,0,0,0,https://malegislature.gov/Bills/194/H1265
194,H1268,J11,2026-01-05 14:56,Study relative to certain health insurance mandated benefit bills,11,0,0,0,https://malegislature.gov/Bills/194/H1268
194,H1269,J11,2025-08-25 10:45,Should this bill be voted favorably out of committee?,11,0,0,0,https://malegislature.gov/Bills/194/H1269
194,H1271,J11,2025-12-12 15:47,Should this bill be sent out of committee favorably?,11,0,0,0,https://malegislature.gov/Bills/194/H1271
194,H1273,J11,2026-01-05 14:42,Study Poll Relative to Banking Matters,11,0,0,0,https://malegislature.gov/Bills/194/H1273
194,H1279,J11,2025-12-12 15:46,Should this bill be sent out of committee favorably?,11,0,0,0,https://malegislature.gov/Bills/194/H1279
194,H1280,J11,2025-08-25 10:25,Should this bill be placed into a study?,11,0,0,0,https://malegislature.gov/Bills/194/H1280
194,H1283,J11,2025-12-12 15:46,Should this bill be sent out of committee favorably?,11,0,0,0,https://malegislature.gov/Bills/194/H1283
194,H1285,J11,2026-01-16 14:21,Should this bill be moved out of committee with a favorable report?,11,0,0,0,https://malegislature.gov/Bills/194/H1285
194,H1287,J11,2026-01-05 14:56,Study relative to certain health insurance mandated benefit bills,11,0,0,0,https://malegislature.gov/Bills/194/H1287
194,H129,J45,2025-11-05 17:00,Shall the bill be reported favorably?,11,0,0,0,https://malegislature.gov/Bills/194/H129
194,H1293,J11,2025-08-11 15:15,Put bill into Study,11,0,0,0,https://malegislature.gov/Bills/194/H1293
194,H13,J25,2025-10-09 16:00,Ought to pass,8,0,0,3,https://malegislature.gov/Bills/194/H13
194,H13,J25,2025-12-03 15:30,Ought to pass,15,0,0,2,https://malegislature.gov/Bills/194/H13
194,H130,J45,2025-08-07 14:00,Shall the bill accompany H120?,10,0,1,0,https://malegislature.gov/Bills/194/H130
194,H1301,J11,2025-08-25 10:45,Should this bill be voted favorably out of committee?,11,0,0,0,https://malegislature.gov/Bills/194/H1301
194,H1302,J11,2025-09-22 13:57,Do you recommend that the bill moves out of the committee favorably?,11,0,0,0,https://malegislature.gov/Bills/194/H1302
194,H1303,J11,2025-08-11 15:15,Put bill into Study,11,0,0,0,https://malegislature.gov/Bills/194/H1303
194,H1304,J11,2025-08-25 10:46,Should this bill be voted favorably out of committee?,11,0,0,0,https://malegislature.gov/Bills/194/H1304
194,H1310,J11,2025-12-12 15:46,Should this bill be sent out of committee favorably?,11,0,0,0,https://malegislature.gov/Bills/194/H1310
194,H1316,J11,2025-12-12 15:45,Should this bill be sent out of committee favorably?,11,0,0,0,https://malegislature.gov/Bills/194/H1316
194,H132,J45,2025-08-07 14:00,Shall the bill be reported favorably?,10,0,1,0,https://malegislature.gov/Bills/194/H132
194,H1321,J24,2025-11-21 16:11,H1321 reported favorably,13,0,0,0,https://malegislature.gov/Bills/194/H1321
194,H1323,J11,2026-01-05 14:56,Study relative to certain health insurance mandated benefit bills,11,0,0,0,https://malegislature.gov/Bills/194/H1323
194,H1324,J11,2025-09-08 13:33,Favorable report on pharmacy matters,11,0,0,0,https://malegislature.gov/Bills/194/H1324
194,H1325,J11,2025-09-08 11:00,Study relative to certain pharmacy bills,11,0,0,0,https://malegislature.gov/Bills/194/H1325
194,H1329,J11,2026-02-13 11:30,Favorable,9,0,2,0,https://malegislature.gov/Bills/194/H1329
194,H1332,J11,2026-02-13 12:59,Study,11,0,0,0,https://malegislature.gov/Bills/194/H1332
194,H1334,J11,2025-09-08 13:35,Favorable report on pharmacy matters,11,0,0,0,https://malegislature.gov/Bills/194/H1334
194,H1335,J11,2026-02-13 12:59,Study,11,0,0,0,https://malegislature.gov/Bills/194/H1335
194,H1338,S29,2026-07-30 12:00,Placed in the Orders of the Day,6,0,1,0,https://malegislature.gov/Bills/194/H1338
194,H1339,J11,2026-01-16 14:22,Should this bill be moved out of committee with a favorable report?,11,0,0,0,https://malegislature.gov/Bills/194/H1339
194,H1340,J11,2026-01-16 14:29,Should this bill be studied further?,11,0,0,0,https://malegislature.gov/Bills/194/H1340
194,H1341,J11,2026-01-05 14:56,Study relative to certain health insurance mandated benefit bills,11,0,0,0,https://malegislature.gov/Bills/194/H1341
194,H1342,J11,2026-01-05 14:56,Study relative to certain health insurance mandated benefit bills,11,0,0,0,https://malegislature.gov/Bills/194/H1342
194,H1344,J11,2025-12-12 15:45,Do you think that this bill should be studied further?,11,0,0,0,https://malegislature.gov/Bills/194/H1344
194,H1348,J11,2026-02-13 13:00,Study,11,0,0,0,https://malegislature.gov/Bills/194/H1348
194,H1349,J11,2026-02-13 13:02,Study,11,0,0,0,https://malegislature.gov/Bills/194/H1349
194,H1358,J16,2025-07-07 12:00,"Should H1358, An Act advancing health care research and decision-making centered on patients and people with disabilities be reported out with Recommendation: Ought to pass, report to the House?",11,0,0,0,https://malegislature.gov/Bills/194/H1358
194,H1359,J11,2026-01-05 15:04,Favorable report,11,0,0,0,https://malegislature.gov/Bills/194/H1359
194,H1360,J24,2026-07-16 15:00,Favorable Report,13,0,0,0,https://malegislature.gov/Bills/194/H1360
194,H1362,J16,2025-09-26 14:30,Shall the bill be reported favorably?,11,0,0,0,https://malegislature.gov/Bills/194/H1362
194,H1364,J11,2025-09-08 13:36,Favorable report on pharmacy matters,11,0,0,0,https://malegislature.gov/Bills/194/H1364
194,H1366,J24,2026-04-09 12:40,Favorable Report,13,0,0,0,https://malegislature.gov/Bills/194/H1366
194,H1369,J46,2025-08-08 12:00,August Poll,9,0,1,1,https://malegislature.gov/Bills/194/H1369
194,H1371,J24,2026-04-09 12:55,Favorable Report,13,0,0,0,https://malegislature.gov/Bills/194/H1371
194,H1378,J24,2026-07-16 15:00,Favorable Report,13,0,0,0,https://malegislature.gov/Bills/194/H1378
194,H1379,J24,2026-04-09 12:55,Favorable Report,13,0,0,0,https://malegislature.gov/Bills/194/H1379
194,H138,J45,2025-11-05 17:00,Shall the bill be reported favorably?,10,0,1,0,https://malegislature.gov/Bills/194/H138
194,H1382,J24,2026-04-09 12:30,Favorable Report,10,0,3,0,https://malegislature.gov/Bills/194/H1382
194,H1383,J24,2026-07-22 13:14,Favorable Report,13,0,0,0,https://malegislature.gov/Bills/194/H1383
194,H1389,J16,2026-01-29 17:00,Shall this bill be studied?,10,0,1,0,https://malegislature.gov/Bills/194/H1389
194,H1392,J24,2026-04-09 12:45,Favorable Report,12,0,1,0,https://malegislature.gov/Bills/194/H1392
194,H1393,J24,2026-07-16 15:00,Favorable Report,13,0,0,0,https://malegislature.gov/Bills/194/H1393
194,H1399,J24,2025-11-21 16:13,H1399 reported favorably,13,0,0,0,https://malegislature.gov/Bills/194/H1399
194,H1400,J16,2025-10-10 12:00,Shall the bill be reported favorably?,10,0,1,0,https://malegislature.gov/Bills/194/H1400
194,H1402,J24,2026-04-09 12:50,Favorable Report,13,0,0,0,https://malegislature.gov/Bills/194/H1402
194,H1403,J24,2026-04-09 12:50,Favorable Report,10,0,3,0,https://malegislature.gov/Bills/194/H1403
194,H1408,J24,2026-07-16 15:00,Favorable Report,13,0,0,0,https://malegislature.gov/Bills/194/H1408
194,H1411,J24,2026-07-16 15:00,Favorable Report,13,0,0,0,https://malegislature.gov/Bills/194/H1411
194,H1413,J24,2026-07-16 15:00,Favorable Report,13,0,0,0,https://malegislature.gov/Bills/194/H1413
194,H1414,J24,2026-07-16 15:00,Favorable Report,10,0,3,0,https://malegislature.gov/Bills/194/H1414
194,H1416,J24,2026-04-11 15:25,H1416 Favorable Report,10,0,3,0,https://malegislature.gov/Bills/194/H1416
194,H1417,J24,2026-04-11 15:24,Attach to H1416 Favorable Report,10,0,3,0,https://malegislature.gov/Bills/194/H1417
194,H1419,J24,2026-07-16 15:00,Favorable Report,13,0,0,0,https://malegislature.gov/Bills/194/H1419
194,H142,J45,2025-08-07 14:00,Shall the bill accompany H125?,10,0,1,0,https://malegislature.gov/Bills/194/H142
194,H1421,J29,2026-01-14 16:45,Should H.1421 be reported favorable to the House?,11,0,0,0,https://malegislature.gov/Bills/194/H1421
194,H1428,J29,2025-10-16 18:04,Should H.1428 be favorably reported to the House?,11,0,0,0,https://malegislature.gov/Bills/194/H1428
194,H1431,J29,2025-10-16 18:06,Should H.1431 be reported favorably to the House?,11,0,0,0,https://malegislature.gov/Bills/194/H1431
194,H1433,J29,2025-12-10 15:28,Should H.1433 be reported favorably to the House?,11,0,0,0,https://malegislature.gov/Bills/194/H1433
194,H1438,J29,2025-10-16 18:07,Should H.1438 be favorably reported to the House?,11,0,0,0,https://malegislature.gov/Bills/194/H1438
194,H1440,J29,2026-01-14 16:51,Should H.1440 be reported favorable to the House?,11,0,0,0,https://malegislature.gov/Bills/194/H1440
194,H1447,J29,2025-12-10 15:31,Should H.1447 be reported favorable to the House?,11,0,0,0,https://malegislature.gov/Bills/194/H1447
194,H1453,J29,2025-10-16 18:00,Should H.1453 be favorably reported to the House?,11,0,0,0,https://malegislature.gov/Bills/194/H1453
194,H1454,J29,2025-12-10 15:34,Should H.1454 be reported favorable to the House?,11,0,0,0,https://malegislature.gov/Bills/194/H1454
194,H1456,J29,2025-12-10 15:36,Should H.1456 be reported favorable to the House?,11,0,0,0,https://malegislature.gov/Bills/194/H1456
194,H1457,J29,2025-12-10 15:38,Should H.1457 be reported favorable to the House?,11,0,0,0,https://malegislature.gov/Bills/194/H1457
194,H1458,J29,2025-08-03 16:22,Should H.1458 be favorably reported to the House? ,10,0,0,1,https://malegislature.gov/Bills/194/H1458
194,H1461,J29,2025-12-10 15:39,Should H.1461 be reported favorable to the House?,11,0,0,0,https://malegislature.gov/Bills/194/H1461
194,H1468,J29,2026-01-14 16:54,Should H.1468 be reported favorable to the House?,11,0,0,0,https://malegislature.gov/Bills/194/H1468
194,H1469,J28,2025-10-31 12:00,Poll on H.1469,9,0,2,0,https://malegislature.gov/Bills/194/H1469
194,H1471,J28,2025-10-31 12:00,Poll on H.1471,10,0,1,0,https://malegislature.gov/Bills/194/H1471
194,H1481,J28,2025-10-31 12:00,Poll on H.1481,10,0,1,0,https://malegislature.gov/Bills/194/H1481
194,H1482,J28,2025-10-31 12:00,Poll on H.1482,11,0,0,0,https://malegislature.gov/Bills/194/H1482
194,H1484,J28,2025-11-15 09:00,Poll on H.1484,10,0,1,0,https://malegislature.gov/Bills/194/H1484
194,H1485,J28,2025-10-31 12:00,Poll on H.1485,11,0,0,0,https://malegislature.gov/Bills/194/H1485
194,H1486,J28,2025-11-15 09:00,Poll on H.1486,11,0,0,0,https://malegislature.gov/Bills/194/H1486
194,H1487,J28,2025-07-31 12:00,Poll on H.1487,11,0,0,0,https://malegislature.gov/Bills/194/H1487
194,H1488,J28,2025-10-31 12:00,H.1488,9,1,1,0,https://malegislature.gov/Bills/194/H1488
194,H1495,J28,2025-10-31 12:00,Poll on H.1495,10,0,1,0,https://malegislature.gov/Bills/194/H1495
194,H1496,J28,2025-10-31 12:00,Poll on H.1496,10,0,1,0,https://malegislature.gov/Bills/194/H1496
194,H15,J37,2026-03-18 15:09,Whether the bill be sent to study,16,0,0,1,https://malegislature.gov/Bills/194/H15
194,H150,J50,2025-09-12 16:00,Poll/Vote?,11,0,0,0,https://malegislature.gov/Bills/194/H150
194,H1500,J28,2025-10-31 12:00,Poll on H.1500,10,0,1,0,https://malegislature.gov/Bills/194/H1500
194,H1502,J28,2025-10-31 12:00,Poll on H.1502,11,0,0,0,https://malegislature.gov/Bills/194/H1502
194,H1510,J28,2025-12-12 16:00,Poll on H.1510,9,1,1,0,https://malegislature.gov/Bills/194/H1510
194,H1511,J28,2025-10-31 12:00,Poll on H.1511,10,1,0,0,https://malegislature.gov/Bills/194/H1511
194,H1513,J28,2025-11-15 09:00,Poll on H.1513,10,1,0,0,https://malegislature.gov/Bills/194/H1513
194,H1515,J28,2025-10-31 12:00,Poll on H.1515,10,0,1,0,https://malegislature.gov/Bills/194/H1515
194,H1517,J28,2025-10-31 12:00,Poll on H.1517,11,0,0,0,https://malegislature.gov/Bills/194/H1517
194,H1518,J28,2025-11-15 09:00,Poll on H.1518,10,0,1,0,https://malegislature.gov/Bills/194/H1518
194,H1519,J28,2025-10-31 12:00,Poll on H.1519,11,0,0,0,https://malegislature.gov/Bills/194/H1519
194,H1520,J28,2025-07-31 12:00,Poll on H.1520,11,0,0,0,https://malegislature.gov/Bills/194/H1520
194,H1523,J28,2025-07-31 12:00,Poll on H.1523,11,0,0,0,https://malegislature.gov/Bills/194/H1523
194,H1524,J28,2025-07-31 12:00,Poll on H.1524,11,0,0,0,https://malegislature.gov/Bills/194/H1524
194,H1525,J28,2025-07-31 12:00,Poll on H.1525,11,0,0,0,https://malegislature.gov/Bills/194/H1525
194,H1530,J28,2025-11-15 09:00,Poll on H.1530,10,0,1,0,https://malegislature.gov/Bills/194/H1530
194,H1534,J28,2025-12-12 16:00,Poll on H.1534,11,0,0,0,https://malegislature.gov/Bills/194/H1534
194,H1538,J28,2025-07-31 12:00,Poll on H.1538,11,0,0,0,https://malegislature.gov/Bills/194/H1538
194,H154,J50,2025-09-12 16:00,Poll/Vote?,11,0,0,0,https://malegislature.gov/Bills/194/H154
194,H1541,J28,2025-07-31 12:00,Poll on H.1541,11,0,0,0,https://malegislature.gov/Bills/194/H1541
194,H1543,J28,2025-10-31 12:00,Poll on H.1543,10,1,0,0,https://malegislature.gov/Bills/194/H1543
194,H1544,J28,2025-12-12 16:00,Poll on H.1544,9,1,1,0,https://malegislature.gov/Bills/194/H1544
194,H1547,J28,2025-10-31 12:00,Poll on H.1547,10,1,0,0,https://malegislature.gov/Bills/194/H1547
194,H1550,J28,2025-10-31 12:00,Poll on H.1550,11,0,0,0,https://malegislature.gov/Bills/194/H1550
194,H1551,J28,2025-10-31 12:00,Poll on H.1551,11,0,0,0,https://malegislature.gov/Bills/194/H1551
194,H1552,J28,2025-10-31 12:00,Poll on H.1552,10,0,1,0,https://malegislature.gov/Bills/194/H1552
194,H1559,J28,2025-12-12 16:00,Poll on H.1559,10,1,0,0,https://malegislature.gov/Bills/194/H1559
194,H1560,J28,2025-10-31 12:00,Poll on H.1560,10,0,1,0,https://malegislature.gov/Bills/194/H1560
194,H1561,J28,2025-12-12 16:00,Poll on H.1561,9,0,1,1,https://malegislature.gov/Bills/194/H1561
194,H1562,J28,2025-12-12 16:00,Poll on H.1562,9,0,1,1,https://malegislature.gov/Bills/194/H1562
194,H1565,J28,2025-10-31 12:00,Poll on H.1565,10,0,1,0,https://malegislature.gov/Bills/194/H1565
194,H1566,J28,2025-10-31 12:00,Poll on H.1566,9,0,2,0,https://malegislature.gov/Bills/194/H1566
194,H1570,J28,2025-10-31 12:00,Poll on H.1570,9,0,2,0,https://malegislature.gov/Bills/194/H1570
194,H1571,J28,2025-12-12 16:00,Poll on H.1571,9,1,0,1,https://malegislature.gov/Bills/194/H1571
194,H1574,J28,2025-12-12 16:00,Poll on H.1574,10,1,0,0,https://malegislature.gov/Bills/194/H1574
194,H1577,J28,2025-12-12 16:00,Poll on H.1577,9,1,0,1,https://malegislature.gov/Bills/194/H1577
194,H159,J50,2025-08-15 15:00,Poll/Vote?,11,0,0,0,https://malegislature.gov/Bills/194/H159
194,H16,J10,2025-08-01 11:02,Ought to Pass,11,0,0,0,https://malegislature.gov/Bills/194/H16
194,H161,J50,2025-09-12 16:00,Poll/Vote?,11,0,0,0,https://malegislature.gov/Bills/194/H161
194,H1641,J19,2025-10-24 15:23,H1641 - An Act relative to civil rights,8,2,0,1,https://malegislature.gov/Bills/194/H1641
194,H1649,J19,2025-07-21 13:21,"H1649, ""An Act concerning furnishing transcripts of notes and fees""",11,0,0,0,https://malegislature.gov/Bills/194/H1649
194,H165,J50,2025-09-12 16:00,Poll/Vote?,11,0,0,0,https://malegislature.gov/Bills/194/H165
194,H1668,J19,2025-07-21 12:36,"H1668 ""An Act to enforce support orders for adult children in need of support"" as redrafted ",11,0,0,0,https://malegislature.gov/Bills/194/H1668
194,H1673,J19,2025-07-21 12:40,"H1673 ""An Act relative to the efficient management and operation of the registries of probate"" as redrafted",11,0,0,0,https://malegislature.gov/Bills/194/H1673
194,H1686,J19,2025-07-21 13:20,"H1686, ""An Act relative to a commission to study the intentional misrepresentation of a service animal"" as redrafted",11,0,0,0,https://malegislature.gov/Bills/194/H1686
194,H1690,J19,2025-08-29 11:13,"H1690, An Act relative to authorizing electronic signatures for criminal complaints",10,0,0,1,https://malegislature.gov/Bills/194/H1690
194,H1722,J19,2025-07-21 12:46,"H1722, ""An Act repealing an ill-considered family law statute""",0,11,0,0,https://malegislature.gov/Bills/194/H1722
194,H1750,J19,2025-09-15 14:21,H1750 - An Act to protect victims of stalking in violation of harassment prevention orders,10,0,0,1,https://malegislature.gov/Bills/194/H1750
194,H176,J50,2025-08-15 15:00,Poll/Vote?,11,0,0,0,https://malegislature.gov/Bills/194/H176
194,H1767,J19,2026-01-30 17:22,An Act requiring the reporting of satisfaction of judgments awarding money damages,11,0,0,0,https://malegislature.gov/Bills/194/H1767
194,H1768,J19,2025-07-21 13:18,"H1768, ""An Act related to indigency"" as redrafted ",11,0,0,0,https://malegislature.gov/Bills/194/H1768
194,H1856,J19,2025-07-21 12:44,"H1856, ""An Act relative to the Massachusetts Uniform Trust Decanting Act"" as redrafted",11,0,0,0,https://malegislature.gov/Bills/194/H1856
194,H1877,J19,2025-08-02 13:33,H1877 - An Act relative to assault and battery upon a transit worker,11,0,0,0,https://malegislature.gov/Bills/194/H1877
194,H19,J23,2025-12-02 12:04,Joint Committee on Public Service,14,0,2,1,https://malegislature.gov/Bills/194/H19
194,H1900,J19,2025-09-08 15:19,"H1900, An Act to prevent the imposition of mandatory minimum sentences based on juvenile adjudications",8,1,0,2,https://malegislature.gov/Bills/194/H1900
194,H1932,J19,2025-07-21 12:45,"H1932, ""An Act relative to the uniform voidable transactions act"" as redrafted",11,0,0,0,https://malegislature.gov/Bills/194/H1932
194,H195,J13,2025-12-15 10:00,Poll on H.195 (accompanying H.209) ,11,0,0,0,https://malegislature.gov/Bills/194/H195
194,H196,J13,2025-12-15 10:00,Poll on H.196,11,0,0,0,https://malegislature.gov/Bills/194/H196
194,H199,J13,2026-01-15 17:00,Poll on H199,11,0,0,0,https://malegislature.gov/Bills/194/H199
194,H20,J23,2025-12-02 12:05,Joint Committee on Public Service,14,0,2,1,https://malegislature.gov/Bills/194/H20
194,H2065,J43,2025-10-27 18:00,Do you agree with the Chair's recommendation that H2065 should be given a favorable report?,9,2,0,0,https://malegislature.gov/Bills/194/H2065
194,H2066,J43,2026-02-25 15:00,Do you agree with the Chair's recommendation to give the bill a favorable report?,10,0,0,1,https://malegislature.gov/Bills/194/H2066
194,H2068,J43,2025-08-11 10:14,Labor and Workforce Development ,10,0,0,0,https://malegislature.gov/Bills/194/H2068
194,H2069,J43,2026-02-25 15:00,Do you agree with the Chair's recommendation to give the bill a favorable report?,9,0,1,1,https://malegislature.gov/Bills/194/H2069
194,H207,J13,2025-12-15 10:00,"Poll on H.207, accompanying H.214",9,0,2,0,https://malegislature.gov/Bills/194/H207
194,H2070,J43,2025-10-17 18:00,Labor and Workforce Development ,11,0,0,0,https://malegislature.gov/Bills/194/H2070
194,H2072,J43,2026-02-13 16:00,Do you agree with the Chair's recommendation to give the bill a favorable report?,8,0,0,3,https://malegislature.gov/Bills/194/H2072
194,H2073,J43,2026-01-07 15:00,Do you agree with the Chair's recommendation to give the bill a favorable report?,10,0,0,1,https://malegislature.gov/Bills/194/H2073
194,H2074,J43,2026-02-13 17:00,Do you agree with the Chair's recommendation to give the bill a favorable report?,10,0,0,1,https://malegislature.gov/Bills/194/H2074
194,H2076,J43,2025-12-01 14:00,Do you agree with the Chair's recommendation to study the bill?,8,1,0,2,https://malegislature.gov/Bills/194/H2076
194,H208,J13,2025-12-08 10:00,Poll on H208 (Accompanying H256),10,0,0,1,https://malegislature.gov/Bills/194/H208
194,H208,J13,2025-12-08 11:20,Show / hide history Poll on H208 (Accompanying H256),11,0,0,0,https://malegislature.gov/Bills/194/H208
194,H2080,J43,2025-10-27 18:00,Do you agree with the Chair's recommendation that H2080 should be given a favorable report?,10,0,1,0,https://malegislature.gov/Bills/194/H2080
194,H2081,J43,2026-02-13 16:00,Do you agree with the Chair's recommendation that the bill should be studied?,10,0,0,1,https://malegislature.gov/Bills/194/H2081
194,H2082,J43,2026-02-25 15:00,Do you agree with the Chair's recommendation to give the bill a favorable report?,10,0,0,1,https://malegislature.gov/Bills/194/H2082
194,H2083,J24,2026-07-16 15:00,Favorable Report,13,0,0,0,https://malegislature.gov/Bills/194/H2083
194,H2083,J43,2025-12-01 14:00,Do you agree with the Chair's recommendation to give the bill a favorable report?,9,0,0,2,https://malegislature.gov/Bills/194/H2083
194,H2084,J43,2025-12-01 14:00,Do you agree with the Chair's recommendation to study the bill?,8,1,0,2,https://malegislature.gov/Bills/194/H2084
194,H2087,J43,2025-10-17 18:00,Labor and Workforce Development,11,0,0,0,https://malegislature.gov/Bills/194/H2087
194,H2089,J43,2025-08-11 10:47,Labor and Workforce Development ,10,0,0,1,https://malegislature.gov/Bills/194/H2089
194,H209,J13,2025-12-15 10:00,"Poll on H.209, accompanied by H.195",11,0,0,0,https://malegislature.gov/Bills/194/H209
194,H2090,J43,2025-10-17 18:00,Labor and Workforce Development ,11,0,0,0,https://malegislature.gov/Bills/194/H2090
194,H2091,J43,2026-01-07 15:00,Do you agree with the Chair's recommendation to study the bill?,9,1,0,1,https://malegislature.gov/Bills/194/H2091
194,H2092,J43,2026-01-07 15:00,Do you agree with the Chair's recommendation to give the bill a favorable report?,10,0,1,0,https://malegislature.gov/Bills/194/H2092
194,H2094,J43,2026-03-18 15:00,Do you agree with the Chair's recommendation to give the bill a favorable report?,11,0,0,0,https://malegislature.gov/Bills/194/H2094
194,H2095,J43,2026-02-04 14:01,Do you agree with the Chair's recommendation to study the bill?,11,0,0,0,https://malegislature.gov/Bills/194/H2095
194,H2097,J43,2025-10-17 18:00,Labor and Workforce Development ,10,0,1,0,https://malegislature.gov/Bills/194/H2097
194,H2098,J43,2026-02-25 15:00,Do you agree with the Chair's recommendation to give the bill a favorable report?,9,1,0,1,https://malegislature.gov/Bills/194/H2098
194,H2099,J43,2025-08-11 10:54,Labor and Workforce Development ,10,0,0,1,https://malegislature.gov/Bills/194/H2099
194,H21,J23,2025-12-02 12:08,Joint Committee on Public Service,14,0,2,1,https://malegislature.gov/Bills/194/H21
194,H210,J13,2026-02-06 12:00,Poll on H.210,11,0,0,0,https://malegislature.gov/Bills/194/H210
194,H2100,J43,2025-08-11 10:57,Labor and Workforce Development ,10,0,0,1,https://malegislature.gov/Bills/194/H2100
194,H2101,J43,2025-12-03 16:00,Do you agree with the Chair's recommendation to give the bill a favorable report?,10,0,0,1,https://malegislature.gov/Bills/194/H2101
194,H2102,J43,2025-12-01 14:00,Do you agree with the Chair's recommendation to study the bill?,8,1,0,2,https://malegislature.gov/Bills/194/H2102
194,H2103,J43,2025-12-01 14:00,Do you agree with the Chair's recommendation to study the bill?,8,1,0,2,https://malegislature.gov/Bills/194/H2103
194,H2104,J43,2026-01-07 15:00,Do you agree with the Chair's recommendation to give the bill a favorable report?,10,0,1,0,https://malegislature.gov/Bills/194/H2104
194,H2105,J43,2025-12-01 14:00,Do you agree with the Chair's recommendation to give the bill a favorable report?,9,0,0,2,https://malegislature.gov/Bills/194/H2105
194,H2106,J43,2026-03-18 15:00,Do you agree with the Chair's recommendation to give the bill a favorable report?,11,0,0,0,https://malegislature.gov/Bills/194/H2106
194,H2107,J43,2026-02-13 16:00,Do you agree with the Chair's recommendation that the bill should be studied?,8,0,0,3,https://malegislature.gov/Bills/194/H2107
194,H2108,J43,2026-01-07 15:00,Do you agree with the Chair's recommendation to give the bill a favorable report?,9,0,2,0,https://malegislature.gov/Bills/194/H2108
194,H2109,J43,2025-12-01 14:00,Do you agree with the Chair's recommendation to give the bill a favorable report?,9,0,0,2,https://malegislature.gov/Bills/194/H2109
194,H2110,J43,2025-12-01 14:00,Do you agree with the Chair's recommendation to give the bill a favorable report?,9,0,0,2,https://malegislature.gov/Bills/194/H2110
194,H2111,J43,2026-01-07 15:00,Do you agree with the Chair's recommendation to give the bill a favorable report?,10,1,0,0,https://malegislature.gov/Bills/194/H2111
194,H2112,J43,2025-12-01 14:00,Do you agree with the Chair's recommendation to give the bill a favorable report?,9,0,0,2,https://malegislature.gov/Bills/194/H2112
194,H2113,J43,2025-12-01 14:00,Do you agree with the Chair's recommendation to give the bill a favorable report?,9,0,0,2,https://malegislature.gov/Bills/194/H2113
194,H2114,J43,2025-08-11 11:03,Labor and Workforce Development ,10,0,0,1,https://malegislature.gov/Bills/194/H2114
194,H2115,J43,2026-02-04 14:03,Do you agree with the Chair's recommendation to give the bill a favorable report?,11,0,0,0,https://malegislature.gov/Bills/194/H2115
194,H2116,J43,2025-12-01 14:00,Do you agree with the Chair's recommendation to give the bill a favorable report?,9,0,0,2,https://malegislature.gov/Bills/194/H2116
194,H2117,J43,2025-08-11 11:06,Labor and Workforce Development ,10,0,0,1,https://malegislature.gov/Bills/194/H2117
194,H2118,J43,2026-02-13 17:00,Do you agree with the Chair's recommendation to give the bill a favorable report?,10,0,0,1,https://malegislature.gov/Bills/194/H2118
194,H2120,J43,2026-02-04 14:01,Do you agree with the Chair's recommendation to give the bill a favorable report?,10,0,1,0,https://malegislature.gov/Bills/194/H2120
194,H2122,J43,2025-12-01 14:00,Do you agree with the Chair's recommendation to study the bill?,8,1,0,2,https://malegislature.gov/Bills/194/H2122
194,H2123,J43,2025-12-01 14:00,Do you agree with the Chair's recommendation to give the bill a favorable report?,9,0,0,2,https://malegislature.gov/Bills/194/H2123
194,H2124,J43,2026-02-13 17:00,Do you agree with the Chair's recommendation to give the bill a favorable report?,10,0,0,1,https://malegislature.gov/Bills/194/H2124
194,H2127,J43,2026-01-07 15:00,Do you agree with the Chair's recommendation to give the bill a favorable report?,11,0,0,0,https://malegislature.gov/Bills/194/H2127
194,H2128,J43,2026-02-18 15:00,Do you agree with the Chair's recommendation to study the bill?,2,0,0,9,https://malegislature.gov/Bills/194/H2128
194,H2129,J43,2025-12-01 14:00,Do you agree with the Chair's recommendation to study the bill?,9,0,0,2,https://malegislature.gov/Bills/194/H2129
194,H213,J13,2026-07-30 17:00,Poll on H213 ,11,0,0,0,https://malegislature.gov/Bills/194/H213
194,H2130,J43,2025-12-01 14:00,Do you agree with the Chair's recommendation to study the bill?,9,0,0,2,https://malegislature.gov/Bills/194/H2130
194,H2131,J43,2026-02-25 15:00,Do you agree with the Chair's recommendation to study the bill?,9,1,0,1,https://malegislature.gov/Bills/194/H2131
194,H2133,J43,2026-02-25 15:00,Do you agree with the Chair's recommendation to study the bill?,9,1,0,1,https://malegislature.gov/Bills/194/H2133
194,H2134,J43,2026-02-13 16:00,Do you agree with the Chair's recommendation that the bill should be studied?,8,0,0,3,https://malegislature.gov/Bills/194/H2134
194,H2135,J43,2025-10-17 18:00,Labor and Workforce Development ,11,0,0,0,https://malegislature.gov/Bills/194/H2135
194,H2136,J43,2026-01-07 15:00,Do you agree with the Chair's recommendation to study the bill?,9,0,1,1,https://malegislature.gov/Bills/194/H2136
194,H2138,J43,2026-01-07 15:00,Do you agree with the Chair's recommendation to give the bill a favorable report?,11,0,0,0,https://malegislature.gov/Bills/194/H2138
194,H2139,J43,2025-12-01 14:00,Do you agree with the Chair's recommendation to study the bill?,8,1,0,2,https://malegislature.gov/Bills/194/H2139
194,H214,J13,2025-12-15 10:00,"Poll on H.214 (As redrafted, see attachment in email. Accompanied by H.281, H.254 and H.207)",11,0,0,0,https://malegislature.gov/Bills/194/H214
194,H2140,J43,2025-10-27 18:00,Do you agree with the Chair's recommendation that H2140 should be given a favorable report?,11,0,0,0,https://malegislature.gov/Bills/194/H2140
194,H2141,J43,2025-08-11 11:13,Labor and Workforce Development ,10,0,0,1,https://malegislature.gov/Bills/194/H2141
194,H2142,J43,2025-12-01 14:00,Do you agree with the Chair's recommendation to study the bill?,8,1,0,2,https://malegislature.gov/Bills/194/H2142
194,H2143,J43,2025-08-11 11:16,Labor and Workforce Development ,10,0,0,1,https://malegislature.gov/Bills/194/H2143
194,H2144,J43,2025-12-01 14:00,Do you agree with the Chair's recommendation to give the bill a favorable report?,9,0,0,2,https://malegislature.gov/Bills/194/H2144
194,H2145,J43,2026-02-13 17:00,Do you agree with the Chair's recommendation to give the bill a favorable report?,10,0,0,1,https://malegislature.gov/Bills/194/H2145
194,H2147,J43,2025-12-01 14:00,Do you agree with the Chair's recommendation to study the bill?,9,0,0,2,https://malegislature.gov/Bills/194/H2147
194,H2148,J43,2026-02-13 16:00,Do you agree with the Chair's recommendation that the bill should be studied?,8,0,0,3,https://malegislature.gov/Bills/194/H2148
194,H2149,J43,2026-01-07 15:00,Do you agree with the Chair's recommendation to give the bill a favorable report?,11,0,0,0,https://malegislature.gov/Bills/194/H2149
194,H2150,J43,2026-02-13 17:00,Do you agree with the Chair's recommendation to give the bill a favorable report?,10,0,0,1,https://malegislature.gov/Bills/194/H2150
194,H2151,J43,2025-12-01 14:00,Do you agree with the Chair's recommendation to give the bill a favorable report?,9,0,0,2,https://malegislature.gov/Bills/194/H2151
194,H2152,J43,2025-10-17 18:00,Labor and Workforce Development ,11,0,0,0,https://malegislature.gov/Bills/194/H2152
194,H2155,J43,2025-12-01 14:00,Do you agree with the Chair's recommendation to give the bill a favorable report?,9,0,0,2,https://malegislature.gov/Bills/194/H2155
194,H2156,J43,2026-01-07 15:00,Do you agree with the Chair's recommendation to study the bill?,10,0,0,1,https://malegislature.gov/Bills/194/H2156
194,H2157,J43,2026-01-07 15:00,Do you agree with the Chair's recommendation to give the bill a favorable report?,10,0,1,0,https://malegislature.gov/Bills/194/H2157
194,H2158,J43,2025-08-11 11:22,Labor and Workforce Development ,10,0,0,1,https://malegislature.gov/Bills/194/H2158
194,H2159,J43,2026-02-13 16:00,Do you agree with the Chair's recommendation that the bill should be studied?,8,0,0,3,https://malegislature.gov/Bills/194/H2159
194,H2160,J43,2025-12-01 14:00,Do you agree with the Chair's recommendation to study the bill?,8,1,0,2,https://malegislature.gov/Bills/194/H2160
194,H2161,J43,2026-02-13 16:00,Do you agree with the Chair's recommendation that the bill should be studied?,8,0,0,3,https://malegislature.gov/Bills/194/H2161
194,H2162,J43,2026-02-04 14:02,Do you agree with the Chair's recommendation to give the bill a favorable report?,10,0,1,0,https://malegislature.gov/Bills/194/H2162
194,H2163,J43,2026-02-04 14:02,Do you agree with the Chair's recommendation to give the bill a favorable report?,11,0,0,0,https://malegislature.gov/Bills/194/H2163
194,H2165,J43,2025-08-11 11:25,Labor and Workforce Development ,10,0,0,1,https://malegislature.gov/Bills/194/H2165
194,H2166,J43,2026-01-07 15:00,Do you agree with the Chair's recommendation to give the bill a favorable report?,11,0,0,0,https://malegislature.gov/Bills/194/H2166
194,H2168,J43,2026-02-13 17:00,Do you agree with the Chair's recommendation to give the bill a favorable report?,10,0,0,1,https://malegislature.gov/Bills/194/H2168
194,H2169,J43,2025-12-01 14:00,Do you agree with the Chair's recommendation to study the bill?,8,1,0,2,https://malegislature.gov/Bills/194/H2169
194,H2170,J43,2025-12-01 14:00,Do you agree with the Chair's recommendation to give the bill a favorable report?,9,0,0,2,https://malegislature.gov/Bills/194/H2170
194,H2171,J43,2025-10-27 18:00,Do you agree with the Chair's recommendation that H2171 should be given a favorable report?,11,0,0,0,https://malegislature.gov/Bills/194/H2171
194,H2172,J43,2025-12-01 14:00,Do you agree with the Chair's recommendation to give the bill a favorable report?,9,0,0,2,https://malegislature.gov/Bills/194/H2172
194,H2173,J43,2026-01-07 15:00,Do you agree with the Chair's recommendation to study the bill?,10,0,0,1,https://malegislature.gov/Bills/194/H2173
194,H2174,J43,2026-02-13 16:00,Do you agree with the Chair's recommendation that the bill should be studied?,8,0,0,3,https://malegislature.gov/Bills/194/H2174
194,H2175,J43,2026-01-07 15:00,Do you agree with the Chair's recommendation to give the bill a favorable report?,10,0,0,1,https://malegislature.gov/Bills/194/H2175
194,H2176,J43,2026-02-04 14:02,Do you agree with the Chair's recommendation to study the bill?,11,0,0,0,https://malegislature.gov/Bills/194/H2176
194,H2177,J43,2026-01-07 15:00,Do you agree with the Chair's recommendation to give the bill a favorable report?,10,0,0,1,https://malegislature.gov/Bills/194/H2177
194,H2178,J43,2026-02-13 17:00,Do you agree with the Chair's recommendation to give the bill a favorable report?,10,0,0,1,https://malegislature.gov/Bills/194/H2178
194,H2179,J43,2025-10-27 18:00,Do you agree with the Chair's recommendation that H2179 should be given a favorable report?,10,1,0,0,https://malegislature.gov/Bills/194/H2179
194,H2180,J43,2025-08-11 11:28,Labor and Workforce Development ,10,0,0,1,https://malegislature.gov/Bills/194/H2180
194,H2182,J43,2026-02-25 15:00,Do you agree with the Chair's recommendation to study the bill?,10,0,0,1,https://malegislature.gov/Bills/194/H2182
194,H2183,J43,2025-10-17 18:00,Labor and Workforce Development,11,0,0,0,https://malegislature.gov/Bills/194/H2183
194,H2184,J43,2026-01-07 15:00,Do you agree with the Chair's recommendation to give the bill a favorable report?,10,0,0,1,https://malegislature.gov/Bills/194/H2184
194,H2186,J43,2026-01-07 15:00,Do you agree with the Chair's recommendation to study the bill?,9,1,0,1,https://malegislature.gov/Bills/194/H2186
194,H2187,J43,2026-01-07 15:00,Do you agree with the Chair's recommendation to study the bill?,9,1,0,1,https://malegislature.gov/Bills/194/H2187
194,H2188,J43,2026-03-18 15:00,Do you agree with the Chair's recommendation to give the bill a favorable report?,10,0,1,0,https://malegislature.gov/Bills/194/H2188
194,H2189,J43,2026-03-18 15:00,Do you agree with the Chair's recommendation to give the bill a favorable report?,11,0,0,0,https://malegislature.gov/Bills/194/H2189
194,H219,J13,2025-12-08 10:00,Poll on H219,10,0,0,1,https://malegislature.gov/Bills/194/H219
194,H219,J13,2025-12-08 11:20,Poll on H219,11,0,0,0,https://malegislature.gov/Bills/194/H219
194,H2191,J43,2026-02-13 17:00,Do you agree with the Chair's recommendation to give the bill a favorable report?,10,0,0,1,https://malegislature.gov/Bills/194/H2191
194,H2193,J18,2026-01-12 14:00, Shall the bill be reported favorably?,13,0,0,0,https://malegislature.gov/Bills/194/H2193
194,H2193,J24,2026-07-16 15:00,Favorable Report,13,0,0,0,https://malegislature.gov/Bills/194/H2193
194,H22,J23,2025-12-02 12:30,Joint Committee on Public Service,14,0,2,1,https://malegislature.gov/Bills/194/H22
194,H2202,J18,2026-01-28 15:00,"Shall the bill H2202, An Act creating parity for mental and behavioral health services, be reported favorably?",13,0,0,0,https://malegislature.gov/Bills/194/H2202
194,H2203,J18,2026-03-18 13:00,Shall the bill be reported favorably?,9,3,0,1,https://malegislature.gov/Bills/194/H2203
194,H2203,J24,2026-07-16 15:00,Favorable Report,10,0,3,0,https://malegislature.gov/Bills/194/H2203
194,H221,J13,2025-12-15 10:00,"Poll on H.221, accompanying H.220",11,0,0,0,https://malegislature.gov/Bills/194/H221
194,H222,J13,2025-12-15 10:00,Poll on H.222,11,0,0,0,https://malegislature.gov/Bills/194/H222
194,H2221,J18,2025-08-13 16:00,Shall the bill be reported favorably?,12,0,0,1,https://malegislature.gov/Bills/194/H2221
194,H2222,J16,2026-01-29 17:00,Shall this bill be studied?,10,0,1,0,https://malegislature.gov/Bills/194/H2222
194,H2227,J18,2026-03-06 12:30,Shall the bill be reported favorably?,12,0,0,1,https://malegislature.gov/Bills/194/H2227
194,H223,J13,2025-12-19 10:00,Poll on H223,11,0,0,0,https://malegislature.gov/Bills/194/H223
194,H2242,J10,2025-07-31 13:15,Ought to Pass,11,0,0,0,https://malegislature.gov/Bills/194/H2242
194,H2243,J10,2025-07-02 10:36,Ought to Pass,11,0,0,0,https://malegislature.gov/Bills/194/H2243
194,H2244,J10,2025-07-02 10:36,Ought to Pass,11,0,0,0,https://malegislature.gov/Bills/194/H2244
194,H2247,J10,2025-07-02 10:37,Ought to Pass,11,0,0,0,https://malegislature.gov/Bills/194/H2247
194,H225,H34,2026-07-28 10:45,H.225 “An Act to amend the structure of the Commission of Grandparents Raising Grandchildren” as amended,32,0,0,2,https://malegislature.gov/Bills/194/H225
194,H225,J13,2025-08-04 17:00,Poll on H225,11,0,0,0,https://malegislature.gov/Bills/194/H225
194,H2250,J10,2025-07-02 10:38,Ought to Pass,11,0,0,0,https://malegislature.gov/Bills/194/H2250
194,H2250,S29,2026-07-08 17:00,Placed in the Orders of the Day,7,0,0,0,https://malegislature.gov/Bills/194/H2250
194,H2251,J10,2025-07-02 10:38,Ought to Pass,11,0,0,0,https://malegislature.gov/Bills/194/H2251
194,H2253,J10,2025-07-25 12:58,Ought to Pass,11,0,0,0,https://malegislature.gov/Bills/194/H2253
194,H2257,J10,2025-07-02 10:39,Ought to Pass,11,0,0,0,https://malegislature.gov/Bills/194/H2257
194,H2258,J10,2025-07-02 10:39,Ought to Pass,11,0,0,0,https://malegislature.gov/Bills/194/H2258
194,H2258,S29,2026-03-10 17:00,Placed in the Orders of the Day,7,0,0,0,https://malegislature.gov/Bills/194/H2258
194,H2259,J10,2025-07-02 10:39,Ought to Pass,11,0,0,0,https://malegislature.gov/Bills/194/H2259
194,H2259,S29,2026-03-10 17:00,Placed in the Orders of the Day,6,0,1,0,https://malegislature.gov/Bills/194/H2259
194,H226,J13,2026-02-06 12:00,Poll on H.226 ,10,0,1,0,https://malegislature.gov/Bills/194/H226
194,H2260,J10,2025-07-02 10:40,Ought to Pass,11,0,0,0,https://malegislature.gov/Bills/194/H2260
194,H2262,J10,2025-07-02 10:40,Ought to Pass,11,0,0,0,https://malegislature.gov/Bills/194/H2262
194,H2265,J10,2025-07-02 10:41,Ought to Pass,11,0,0,0,https://malegislature.gov/Bills/194/H2265
194,H2268,J10,2025-07-02 10:41,Ought to Pass,11,0,0,0,https://malegislature.gov/Bills/194/H2268
194,H2269,J10,2025-07-02 10:41,Ought to Pass,11,0,0,0,https://malegislature.gov/Bills/194/H2269
194,H227,J13,2025-08-04 17:00,Poll on H227 (Accompanying H262),11,0,0,0,https://malegislature.gov/Bills/194/H227
194,H2270,J10,2025-07-02 10:42,Ought to Pass,11,0,0,0,https://malegislature.gov/Bills/194/H2270
194,H2273,J10,2025-07-02 10:42,Ought to Pass,11,0,0,0,https://malegislature.gov/Bills/194/H2273
194,H2275,J10,2025-07-02 10:42,Ought to Pass,11,0,0,0,https://malegislature.gov/Bills/194/H2275
194,H2278,J10,2025-07-31 13:15,Ought to Pass,11,0,0,0,https://malegislature.gov/Bills/194/H2278
194,H2280,J10,2025-09-12 14:00,ought to pass,8,0,2,1,https://malegislature.gov/Bills/194/H2280
194,H2284,J10,2025-09-12 14:00,ought to pass,8,0,2,1,https://malegislature.gov/Bills/194/H2284
194,H2298,J28,2025-11-15 09:00,Poll on H.2298,10,1,0,0,https://malegislature.gov/Bills/194/H2298
194,H2299,J10,2025-07-02 10:43,Ought to Pass,11,0,0,0,https://malegislature.gov/Bills/194/H2299
194,H23,J23,2025-12-02 13:13,Joint Committee on Public Service,14,0,2,1,https://malegislature.gov/Bills/194/H23
194,H2300,J10,2025-07-02 10:43,Ought to Pass,11,0,0,0,https://malegislature.gov/Bills/194/H2300
194,H2302,J47,2026-03-02 15:00,Poll?,11,0,0,0,https://malegislature.gov/Bills/194/H2302
194,H2303,J10,2025-07-02 10:44,Ought to Pass,11,0,0,0,https://malegislature.gov/Bills/194/H2303
194,H2304,J10,2025-07-02 10:44,Ought to Pass,11,0,0,0,https://malegislature.gov/Bills/194/H2304
194,H231,J13,2025-09-08 12:00,H231,11,0,0,0,https://malegislature.gov/Bills/194/H231
194,H2310,J10,2025-07-02 10:46,Ought to Pass,11,0,0,0,https://malegislature.gov/Bills/194/H2310
194,H2311,J10,2025-07-02 10:47,Ought to Pass,11,0,0,0,https://malegislature.gov/Bills/194/H2311
194,H2313,J10,2025-07-02 10:47,Ought to Pass,11,0,0,0,https://malegislature.gov/Bills/194/H2313
194,H2313,S29,2025-10-20 10:00,Placed in the Orders of the Day,6,0,1,0,https://malegislature.gov/Bills/194/H2313
194,H2314,J10,2025-07-02 10:49,Ought to Pass,11,0,0,0,https://malegislature.gov/Bills/194/H2314
194,H2315,J10,2025-07-25 12:56,Ought to Pass,11,0,0,0,https://malegislature.gov/Bills/194/H2315
194,H2316,J10,2025-07-31 13:16,Ought to Pass,11,0,0,0,https://malegislature.gov/Bills/194/H2316
194,H2319,J45,2025-11-05 17:00,Shall the bill be reported favorably?,9,0,2,0,https://malegislature.gov/Bills/194/H2319
194,H2320,J10,2025-07-02 10:51,Ought to Pass,11,0,0,0,https://malegislature.gov/Bills/194/H2320
194,H2321,J10,2025-07-02 10:51,Ought to Pass,11,0,0,0,https://malegislature.gov/Bills/194/H2321
194,H2322,J10,2025-07-02 10:52,Ought to Pass,11,0,0,0,https://malegislature.gov/Bills/194/H2322
194,H2323,J10,2025-07-02 10:52,Ought to Pass,11,0,0,0,https://malegislature.gov/Bills/194/H2323
194,H2324,J10,2025-07-02 10:53,Ought to Pass,11,0,0,0,https://malegislature.gov/Bills/194/H2324
194,H2325,J10,2025-07-31 13:17,Ought to Pass,11,0,0,0,https://malegislature.gov/Bills/194/H2325
194,H2328,J28,2026-07-31 12:00,Poll to report H.2328 to a Study Order,7,1,3,0,https://malegislature.gov/Bills/194/H2328
194,H233,J13,2026-01-15 17:00,Poll on H233,11,0,0,0,https://malegislature.gov/Bills/194/H233
194,H2331,J10,2025-07-31 13:18,Ought to Pass,11,0,0,0,https://malegislature.gov/Bills/194/H2331
194,H2332,J10,2025-07-31 13:19,Ought to Pass,11,0,0,0,https://malegislature.gov/Bills/194/H2332
194,H2334,J10,2025-07-31 13:23,Favorable,11,0,0,0,https://malegislature.gov/Bills/194/H2334
194,H2335,J10,2025-07-02 10:54,Ought to Pass,11,0,0,0,https://malegislature.gov/Bills/194/H2335
194,H2336,J10,2025-07-02 10:54,Ought to Pass,11,0,0,0,https://malegislature.gov/Bills/194/H2336
194,H2337,J10,2025-07-02 10:55,Ought to Pass,11,0,0,0,https://malegislature.gov/Bills/194/H2337
194,H234,J13,2025-08-04 17:00,Poll on H234,11,0,0,0,https://malegislature.gov/Bills/194/H234
194,H2341,J10,2025-07-02 10:55,Ought to Pass,11,0,0,0,https://malegislature.gov/Bills/194/H2341
194,H2342,J10,2025-07-31 13:23,Ought to Pass,11,0,0,0,https://malegislature.gov/Bills/194/H2342
194,H2348,J10,2025-09-12 14:00,ought to pass,8,0,2,1,https://malegislature.gov/Bills/194/H2348
194,H2349,J10,2025-07-02 10:55,Ought to Pass,11,0,0,0,https://malegislature.gov/Bills/194/H2349
194,H2350,J28,2025-11-15 09:00,Poll on H.2350,10,1,0,0,https://malegislature.gov/Bills/194/H2350
194,H2351,H34,2026-01-27 10:45,H.2351 “An Act authorizing the Barnstable County and the town of Bourne to convey land and certain interests in land in the town of Bourne” as amended,28,0,0,7,https://malegislature.gov/Bills/194/H2351
194,H2351,J10,2025-07-02 10:56,Ought to Pass,11,0,0,0,https://malegislature.gov/Bills/194/H2351
194,H2356,J10,2025-09-12 14:00,ought to pass,8,0,2,1,https://malegislature.gov/Bills/194/H2356
194,H2357,J10,2025-07-02 10:56,Ought to Pass,11,0,0,0,https://malegislature.gov/Bills/194/H2357
194,H2359,J16,2026-01-29 17:00,Shall this bill be studied?,10,0,1,0,https://malegislature.gov/Bills/194/H2359
194,H236,J13,2025-10-03 17:00,Poll on H236 (Accompanying H235),11,0,0,0,https://malegislature.gov/Bills/194/H236
194,H2360,J16,2026-01-29 17:00,Shall this bill be studied?,10,0,1,0,https://malegislature.gov/Bills/194/H2360
194,H2361,J16,2026-01-29 17:00,Shall this bill be studied?,10,0,1,0,https://malegislature.gov/Bills/194/H2361
194,H2363,J16,2025-10-08 12:00,Shall the bill be reported favorably?,11,0,0,0,https://malegislature.gov/Bills/194/H2363
194,H2364,J16,2025-10-21 12:00, Shall the bill be reported favorably?,10,0,1,0,https://malegislature.gov/Bills/194/H2364
194,H2365,J16,2026-01-29 17:00,Shall this bill be studied?,10,0,1,0,https://malegislature.gov/Bills/194/H2365
194,H2366,J16,2025-10-21 12:00, Shall the bill be reported favorably?,11,0,0,0,https://malegislature.gov/Bills/194/H2366
194,H2367,J16,2025-10-08 15:00,Shall the bill be reported out accompanied to H2500?,11,0,0,0,https://malegislature.gov/Bills/194/H2367
194,H2368,J16,2026-01-29 17:00,Shall this bill be studied?,10,0,1,0,https://malegislature.gov/Bills/194/H2368
194,H2369,J16,2025-11-07 15:00,Shall the bill be reported favorably?,10,1,0,0,https://malegislature.gov/Bills/194/H2369
194,H2370,H34,2026-07-21 10:45,H.2370 “An Act prioritizing patient access to care” as amended,23,6,2,3,https://malegislature.gov/Bills/194/H2370
194,H2370,J16,2025-09-26 14:30,Shall the bill be reported favorably?,9,1,1,0,https://malegislature.gov/Bills/194/H2370
194,H2370,J24,2026-04-09 12:59,Favorable Report,10,0,3,0,https://malegislature.gov/Bills/194/H2370
194,H2371,J16,2025-10-10 12:00,Shall the bill be reported favorably?,11,0,0,0,https://malegislature.gov/Bills/194/H2371
194,H2371,J24,2026-07-16 15:00,Favorable Report,13,0,0,0,https://malegislature.gov/Bills/194/H2371
194,H2372,J16,2025-07-07 12:00,"Should H2372, An Act relative to collaborative drug therapy management optimization be reported out with Recommendation: Ought to pass, report to the House?",11,0,0,0,https://malegislature.gov/Bills/194/H2372
194,H2372,J24,2026-04-09 13:13,Favorable Report,13,0,0,0,https://malegislature.gov/Bills/194/H2372
194,H2373,J16,2026-01-29 17:00,Shall this bill be studied?,10,0,1,0,https://malegislature.gov/Bills/194/H2373
194,H2374,J16,2025-12-19 15:00,Shall the bill be reported favorably?,11,0,0,0,https://malegislature.gov/Bills/194/H2374
194,H2375,J16,2025-10-08 15:00,Shall the bill be reported favorably?,11,0,0,0,https://malegislature.gov/Bills/194/H2375
194,H2377,J16,2026-01-29 17:00,Shall this bill be studied?,10,0,1,0,https://malegislature.gov/Bills/194/H2377
194,H2378,J16,2026-03-18 15:30, Shall this matter be placed in a study?,11,0,0,0,https://malegislature.gov/Bills/194/H2378
194,H2379,J16,2026-01-29 17:00,Shall this bill be studied?,10,0,1,0,https://malegislature.gov/Bills/194/H2379
194,H2380,J16,2025-10-10 12:00,Shall the bill be reported favorably?,11,0,0,0,https://malegislature.gov/Bills/194/H2380
194,H2381,J16,2025-10-21 12:00, Shall the bill be reported favorably?,11,0,0,0,https://malegislature.gov/Bills/194/H2381
194,H2381,J24,2026-07-16 15:00,Favorable Report,13,0,0,0,https://malegislature.gov/Bills/194/H2381
194,H2382,J16,2026-01-29 17:00,Shall this bill be reported out favorably?,11,0,0,0,https://malegislature.gov/Bills/194/H2382
194,H2383,J16,2025-11-07 15:00,Shall the bill be reported favorably?,10,1,0,0,https://malegislature.gov/Bills/194/H2383
194,H2384,J16,2025-09-26 14:30,Shall the bill be reported favorably?,10,0,1,0,https://malegislature.gov/Bills/194/H2384
194,H2384,J24,2026-04-11 15:20,H2384 Favorable as Redrafted,10,0,3,0,https://malegislature.gov/Bills/194/H2384
194,H2385,J16,2026-01-29 17:00,Shall this bill be studied?,10,0,1,0,https://malegislature.gov/Bills/194/H2385
194,H2386,J16,2026-01-29 17:00,Shall this bill be studied?,10,0,1,0,https://malegislature.gov/Bills/194/H2386
194,H2387,J16,2026-01-29 17:00,Shall this bill be studied?,10,0,1,0,https://malegislature.gov/Bills/194/H2387
194,H2388,J16,2026-01-29 17:00,Shall this bill be studied?,10,0,1,0,https://malegislature.gov/Bills/194/H2388
194,H2389,J16,2025-07-07 12:00,"Should H2389, An Act relative to protecting public health and reducing health care costs be reported out with Recommendation: Ought to pass, report to the House?",10,1,0,0,https://malegislature.gov/Bills/194/H2389
194,H2390,J16,2025-10-08 12:00,Shall the bill be reported favorably?,11,0,0,0,https://malegislature.gov/Bills/194/H2390
194,H2390,J24,2025-11-21 16:14,H2390 reported favorably,13,0,0,0,https://malegislature.gov/Bills/194/H2390
194,H2391,H34,2026-01-27 10:45,H.2391 “An Act requiring automated external defibrillators at sporting events” as amended,28,0,0,7,https://malegislature.gov/Bills/194/H2391
194,H2391,J16,2025-06-27 17:30,"Should H2391, An Act requiring automated external defibrillators at sporting events, be reported with Recommendation: Ought to pass, report to the House?",10,0,0,1,https://malegislature.gov/Bills/194/H2391
194,H2391,J24,2025-11-21 16:16,H2391 reported favorably,13,0,0,0,https://malegislature.gov/Bills/194/H2391
194,H2392,J16,2025-09-26 14:30,Shall the bill be reported favorably?,11,0,0,0,https://malegislature.gov/Bills/194/H2392
194,H2393,J16,2025-10-08 12:00,Shall the bill be reported favorably?,11,0,0,0,https://malegislature.gov/Bills/194/H2393
194,H2394,J16,2025-07-07 12:00,"Should H2394, An Act to restrict the use of polystyrene, accompanied by H2521, An Act to prohibit the use of polystyrene foam food containers be reported out with Recommendation: Ought to pass, report",11,0,0,0,https://malegislature.gov/Bills/194/H2394
194,H2395,J16,2025-10-10 12:00,Shall the bill be reported favorably?,11,0,0,0,https://malegislature.gov/Bills/194/H2395
194,H2396,J16,2025-10-21 12:00, Shall the bill be reported favorably?,10,1,0,0,https://malegislature.gov/Bills/194/H2396
194,H2396,J24,2026-07-16 15:00,Favorable Report,13,0,0,0,https://malegislature.gov/Bills/194/H2396
194,H2397,J16,2025-10-21 12:00, Shall the bill be reported favorably?,11,0,0,0,https://malegislature.gov/Bills/194/H2397
194,H2398,J16,2025-07-07 12:00,"Should H2398, An Act to strengthen our public health infrastructure to address Alzheimer’s and all dementia be reported out with Recommendation: Ought to pass, report to the House?",11,0,0,0,https://malegislature.gov/Bills/194/H2398
194,H2398,J24,2025-11-21 16:17,H2398 reported favorably,13,0,0,0,https://malegislature.gov/Bills/194/H2398
194,H24,J23,2025-12-02 13:55,Joint Committee on Public Service,14,0,2,1,https://malegislature.gov/Bills/194/H24
194,H2402,J16,2025-10-10 12:00,Shall the bill be reported favorably?,11,0,0,0,https://malegislature.gov/Bills/194/H2402
194,H2403,J16,2025-09-26 14:30,Shall the bill be reported favorably?,11,0,0,0,https://malegislature.gov/Bills/194/H2403
194,H2404,J16,2026-01-29 17:00,Shall this bill be studied?,10,0,1,0,https://malegislature.gov/Bills/194/H2404
194,H2405,J16,2026-01-29 17:00,Shall this bill be studied?,10,0,1,0,https://malegislature.gov/Bills/194/H2405
194,H2406,J16,2026-01-29 17:00,Shall this bill be studied?,10,0,1,0,https://malegislature.gov/Bills/194/H2406
194,H2407,J16,2025-10-10 12:00,Shall the bill be reported favorably?,11,0,0,0,https://malegislature.gov/Bills/194/H2407
194,H2408,J16,2025-10-21 12:00, Shall the bill be reported favorably?,11,0,0,0,https://malegislature.gov/Bills/194/H2408
194,H2408,J24,2026-07-16 15:00,Favorable Report,13,0,0,0,https://malegislature.gov/Bills/194/H2408
194,H2409,J16,2026-01-29 17:00,Shall this bill be studied?,10,0,1,0,https://malegislature.gov/Bills/194/H2409
194,H241,J13,2025-12-15 10:00,Poll on H.241,10,0,1,0,https://malegislature.gov/Bills/194/H241
194,H2411,J16,2026-01-29 17:00,Shall this bill be studied?,10,0,1,0,https://malegislature.gov/Bills/194/H2411
194,H2413,J16,2026-01-29 17:00,Shall this bill be studied?,10,0,1,0,https://malegislature.gov/Bills/194/H2413
194,H2414,J16,2025-07-07 12:00,"Should H2414, An Act relative to patient assessment and notification prior to prescribing certain medications be reported out with Recommendation: Ought to pass, report to the House?",11,0,0,0,https://malegislature.gov/Bills/194/H2414
194,H2414,J24,2026-07-16 15:00,Favorable Report,13,0,0,0,https://malegislature.gov/Bills/194/H2414
194,H2415,J16,2026-01-29 17:00,Shall this bill be studied?,10,0,1,0,https://malegislature.gov/Bills/194/H2415
194,H2416,J16,2025-10-08 15:00,Shall the bill be reported favorably?,11,0,0,0,https://malegislature.gov/Bills/194/H2416
194,H2417,J16,2025-11-07 15:00,Shall the bill be reported favorably?,11,0,0,0,https://malegislature.gov/Bills/194/H2417
194,H2418,J16,2026-01-29 17:00,Shall this bill be studied?,10,1,0,0,https://malegislature.gov/Bills/194/H2418
194,H2419,J16,2026-01-29 17:00,Shall this bill be studied?,10,0,1,0,https://malegislature.gov/Bills/194/H2419
194,H242,J13,2025-12-08 10:00,Poll on H242,10,0,0,1,https://malegislature.gov/Bills/194/H242
194,H242,J13,2025-12-08 11:20,Poll on H242,11,0,0,0,https://malegislature.gov/Bills/194/H242
194,H242,J24,2026-04-09 13:32,Favorable Report,13,0,0,0,https://malegislature.gov/Bills/194/H242
194,H2420,J16,2026-01-29 17:00,Shall this bill be studied?,10,0,1,0,https://malegislature.gov/Bills/194/H2420
194,H2421,J16,2025-09-26 14:30,Shall the bill be reported favorably?,11,0,0,0,https://malegislature.gov/Bills/194/H2421
194,H2421,J24,2025-11-21 16:18,H2421 reported favorably,13,0,0,0,https://malegislature.gov/Bills/194/H2421
194,H2422,J16,2026-01-29 17:00,Shall this bill be studied?,10,0,1,0,https://malegislature.gov/Bills/194/H2422
194,H2423,J16,2026-01-29 17:00,Shall this bill be studied?,10,0,1,0,https://malegislature.gov/Bills/194/H2423
194,H2424,J16,2025-06-27 17:35,"Should H2424, An Act requiring automatic external defibrillator devices in health clubs be reported with Recommendation: Ought to pass, report to the House?",10,0,0,1,https://malegislature.gov/Bills/194/H2424
194,H2424,J24,2025-11-21 16:20,H2424 reported favorably,13,0,0,0,https://malegislature.gov/Bills/194/H2424
194,H2425,J16,2025-10-10 12:00,Shall the bill be reported favorably?,10,0,1,0,https://malegislature.gov/Bills/194/H2425
194,H2426,J16,2025-11-07 15:00,Shall the bill be reported favorably?,11,0,0,0,https://malegislature.gov/Bills/194/H2426
194,H2426,J24,2026-07-16 15:00,Favorable Report,13,0,0,0,https://malegislature.gov/Bills/194/H2426
194,H2428,J16,2026-01-29 17:00,Shall this bill be studied?,10,0,1,0,https://malegislature.gov/Bills/194/H2428
194,H2429,J16,2026-01-29 17:00,Shall this bill be studied?,10,0,1,0,https://malegislature.gov/Bills/194/H2429
194,H243,J13,2025-09-08 12:00,Poll on H243,11,0,0,0,https://malegislature.gov/Bills/194/H243
194,H243,J24,2025-11-21 16:00,H243 reported favorably,13,0,0,0,https://malegislature.gov/Bills/194/H243
194,H2430,J16,2026-01-29 17:00,Shall this bill be studied?,10,0,1,0,https://malegislature.gov/Bills/194/H2430
194,H2431,J16,2026-01-29 17:00,Shall this bill be studied?,10,1,0,0,https://malegislature.gov/Bills/194/H2431
194,H2432,J16,2025-07-07 12:00,"Should H2432, An Act to reduce incidence and death from pancreatic cancer be reported out with Recommendation: Ought to pass, report to the House?",11,0,0,0,https://malegislature.gov/Bills/194/H2432
194,H2432,J24,2025-11-21 16:21,H2432 reported favorably,13,0,0,0,https://malegislature.gov/Bills/194/H2432
194,H2433,J16,2025-10-08 12:00,Shall the bill be reported favorably?,11,0,0,0,https://malegislature.gov/Bills/194/H2433
194,H2434,J16,2025-10-10 12:00,Shall the bill be reported favorably?,11,0,0,0,https://malegislature.gov/Bills/194/H2434
194,H2435,J16,2026-01-29 17:00,Shall this bill be studied?,10,0,1,0,https://malegislature.gov/Bills/194/H2435
194,H2437,J16,2025-11-20 15:00,Shall the bill be reported favorably?,10,0,1,0,https://malegislature.gov/Bills/194/H2437
194,H2438,J16,2025-11-07 15:00,Shall the bill be reported favorably?,10,1,0,0,https://malegislature.gov/Bills/194/H2438
194,H2439,J16,2025-10-10 12:00,Shall the bill be reported favorably?,11,0,0,0,https://malegislature.gov/Bills/194/H2439
194,H244,J13,2025-10-20 10:00,Poll on H244,11,0,0,0,https://malegislature.gov/Bills/194/H244
194,H2440,J16,2025-10-08 12:00,Shall the bill be reported favorably accompanied by H2530?,11,0,0,0,https://malegislature.gov/Bills/194/H2440
194,H2441,J16,2025-07-07 12:00,"Should H2441, An Act relative to diabetes prevention be reported out with Recommendation: Ought to pass, report to the House?",10,1,0,0,https://malegislature.gov/Bills/194/H2441
194,H2441,J24,2026-07-16 15:00,Favorable Report,13,0,0,0,https://malegislature.gov/Bills/194/H2441
194,H2442,J16,2025-10-08 12:00,Shall the bill be reported favorably?,11,0,0,0,https://malegislature.gov/Bills/194/H2442
194,H2442,J24,2026-04-09 13:34,Favorable Report,13,0,0,0,https://malegislature.gov/Bills/194/H2442
194,H2443,J16,2026-01-29 17:00,Shall this bill be studied?,10,0,1,0,https://malegislature.gov/Bills/194/H2443
194,H2444,J16,2026-01-29 17:00,Shall this bill be studied?,10,0,1,0,https://malegislature.gov/Bills/194/H2444
194,H2445,J16,2026-01-29 17:00,Shall this bill be studied?,10,0,1,0,https://malegislature.gov/Bills/194/H2445
194,H2446,J16,2025-10-08 12:00,Shall the bill be reported favorably?,11,0,0,0,https://malegislature.gov/Bills/194/H2446
194,H2447,J16,2025-10-08 12:00,Shall the bill be reported favorably?,11,0,0,0,https://malegislature.gov/Bills/194/H2447
194,H2447,J24,2026-04-09 13:36,Favorable Report,13,0,0,0,https://malegislature.gov/Bills/194/H2447
194,H2448,J16,2026-01-29 17:00,Shall this bill be studied?,10,0,1,0,https://malegislature.gov/Bills/194/H2448
194,H2449,J16,2026-01-29 17:00,Shall this bill be studied?,10,1,0,0,https://malegislature.gov/Bills/194/H2449
194,H2451,J16,2025-10-21 12:00, Shall the bill be reported favorably?,10,1,0,0,https://malegislature.gov/Bills/194/H2451
194,H2451,J24,2026-07-16 15:00,Favorable Report,13,0,0,0,https://malegislature.gov/Bills/194/H2451
194,H2452,J16,2026-01-29 17:00,Shall this bill be studied?,10,0,1,0,https://malegislature.gov/Bills/194/H2452
194,H2453,J16,2026-01-29 17:00,Shall this bill be studied?,10,0,1,0,https://malegislature.gov/Bills/194/H2453
194,H2455,J16,2025-12-09 14:00,Shall the bill be reported favorably?,11,0,0,0,https://malegislature.gov/Bills/194/H2455
194,H2456,J16,2026-01-29 17:00,Shall this bill be studied?,10,0,1,0,https://malegislature.gov/Bills/194/H2456
194,H2457,J16,2026-01-29 17:00,Shall this bill be studied?,10,0,1,0,https://malegislature.gov/Bills/194/H2457
194,H2458,J16,2026-01-29 17:00,Shall this bill be studied?,10,1,0,0,https://malegislature.gov/Bills/194/H2458
194,H2459,J16,2025-11-20 15:00,Shall the bill be reported favorably?,11,0,0,0,https://malegislature.gov/Bills/194/H2459
194,H246,J13,2025-10-03 17:00,Poll on H246 (Accompanying H235),11,0,0,0,https://malegislature.gov/Bills/194/H246
194,H2460,J16,2026-01-29 17:00,Shall this bill be studied?,10,0,1,0,https://malegislature.gov/Bills/194/H2460
194,H2461,J16,2026-01-29 17:00,Shall this bill be studied?,10,0,1,0,https://malegislature.gov/Bills/194/H2461
194,H2463,J16,2025-07-07 12:00,"Should H2463, An Act relative to proper classification of health care workers during a public health emergency be reported out with Recommendation: Ought to pass, report to the House?",11,0,0,0,https://malegislature.gov/Bills/194/H2463
194,H2463,J24,2026-07-16 15:00,Favorable Report,13,0,0,0,https://malegislature.gov/Bills/194/H2463
194,H2464,J16,2025-11-25 13:00,Shall the bill be reported favorably?,11,0,0,0,https://malegislature.gov/Bills/194/H2464
194,H2465,J16,2025-06-27 18:10,"Should H2465, An Act relative to athletic training, accompanied by H2475, An Act relative to student safety in interscholastic athletic activities be reported out with Recommendation: Ought to pass, r",10,0,0,1,https://malegislature.gov/Bills/194/H2465
194,H2466,J16,2025-11-20 15:00,Shall the bill be reported favorably?,10,0,1,0,https://malegislature.gov/Bills/194/H2466
194,H2468,J16,2026-01-29 17:00,Shall this bill be studied?,10,0,1,0,https://malegislature.gov/Bills/194/H2468
194,H2469,J16,2026-01-29 17:00,Shall this bill be studied?,10,0,1,0,https://malegislature.gov/Bills/194/H2469
194,H2470,J16,2025-10-10 12:00,Shall the bill be reported favorably?,11,0,0,0,https://malegislature.gov/Bills/194/H2470
194,H2471,J16,2026-01-29 17:00,Shall this bill be studied?,10,0,1,0,https://malegislature.gov/Bills/194/H2471
194,H2472,J16,2026-01-29 17:00,Shall this bill be studied?,10,0,1,0,https://malegislature.gov/Bills/194/H2472
194,H2473,J16,2025-10-21 12:00, Shall the bill be reported favorably?,11,0,0,0,https://malegislature.gov/Bills/194/H2473
194,H2474,J16,2025-07-07 12:00,"Should H2474, An Act establishing a special commission to study the youth sports industry and other related matters be reported out with Recommendation: Ought to pass, report to the House?",10,1,0,0,https://malegislature.gov/Bills/194/H2474
194,H2476,J16,2025-10-21 12:00, Shall the bill be reported favorably?,11,0,0,0,https://malegislature.gov/Bills/194/H2476
194,H2477,J16,2025-11-25 13:00,Shall the bill be reported favorably?,10,1,0,0,https://malegislature.gov/Bills/194/H2477
194,H2477,J24,2026-04-09 13:40,Favorable Report,13,0,0,0,https://malegislature.gov/Bills/194/H2477
194,H2478,J16,2025-10-21 12:00, Shall the bill be reported favorably?,11,0,0,0,https://malegislature.gov/Bills/194/H2478
194,H2478,J24,2025-11-21 16:26,H2478 reported favorably,13,0,0,0,https://malegislature.gov/Bills/194/H2478
194,H2479,J16,2026-01-29 17:00, Shall this bill be studied?,10,0,1,0,https://malegislature.gov/Bills/194/H2479
194,H2480,J16,2026-01-29 17:00,Shall this bill be studied?,10,0,1,0,https://malegislature.gov/Bills/194/H2480
194,H2481,J16,2026-01-29 17:00,Shall this bill be studied?,10,0,1,0,https://malegislature.gov/Bills/194/H2481
194,H2482,J16,2025-10-10 12:00,Shall the bill be reported favorably?,9,1,1,0,https://malegislature.gov/Bills/194/H2482
194,H2484,J16,2025-10-10 12:00,Shall the bill be reported favorably?,11,0,0,0,https://malegislature.gov/Bills/194/H2484
194,H2485,J16,2026-01-29 17:00,Shall this bill be studied?,10,0,1,0,https://malegislature.gov/Bills/194/H2485
194,H2486,J16,2026-01-29 17:00,Shall this bill be studied?,10,0,1,0,https://malegislature.gov/Bills/194/H2486
194,H2487,J16,2026-01-29 17:00,Shall this bill be studied?,10,0,1,0,https://malegislature.gov/Bills/194/H2487
194,H2489,J16,2025-10-10 12:00,Shall the bill be reported favorably?,11,0,0,0,https://malegislature.gov/Bills/194/H2489
194,H249,J13,2025-10-03 17:00,Poll on H249 (Accompanying H235),11,0,0,0,https://malegislature.gov/Bills/194/H249
194,H2490,J16,2025-10-10 12:00,Shall the bill be reported favorably?,11,0,0,0,https://malegislature.gov/Bills/194/H2490
194,H2490,J24,2026-07-16 15:00,Favorable Report,13,0,0,0,https://malegislature.gov/Bills/194/H2490
194,H2491,J16,2025-11-20 15:00,Shall the bill be reported favorably?,11,0,0,0,https://malegislature.gov/Bills/194/H2491
194,H2492,J16,2026-01-29 17:00, Shall this bill be studied?,10,1,0,0,https://malegislature.gov/Bills/194/H2492
194,H2493,J16,2026-01-29 17:00,Shall this bill be studied?,10,1,0,0,https://malegislature.gov/Bills/194/H2493
194,H2494,J16,2026-01-29 17:00,Shall this bill be studied?,10,0,1,0,https://malegislature.gov/Bills/194/H2494
194,H2495,J16,2026-01-29 17:00,Shall this bill be studied?,10,1,0,0,https://malegislature.gov/Bills/194/H2495
194,H2496,J16,2026-01-29 17:00,Shall this bill be studied?,10,0,1,0,https://malegislature.gov/Bills/194/H2496
194,H2498,J16,2025-11-20 15:00,Shall the bill be reported favorably?,10,0,1,0,https://malegislature.gov/Bills/194/H2498
194,H2498,J24,2026-07-16 15:00,Favorable Report,13,0,0,0,https://malegislature.gov/Bills/194/H2498
194,H2499,J16,2026-03-18 15:30,"Shall the bill be reported favorably, accompanying H4838?",11,0,0,0,https://malegislature.gov/Bills/194/H2499
194,H25,J23,2025-12-02 09:58,Joint Committee on Public Service,15,0,1,1,https://malegislature.gov/Bills/194/H25
194,H2501,J16,2025-10-21 12:00, Shall the bill be reported favorably?,10,0,1,0,https://malegislature.gov/Bills/194/H2501
194,H2501,J24,2026-07-16 15:00,Favorable Report,13,0,0,0,https://malegislature.gov/Bills/194/H2501
194,H2502,J16,2026-01-29 17:00,Shall this bill be studied?,10,0,1,0,https://malegislature.gov/Bills/194/H2502
194,H2503,J16,2025-10-08 15:00,Shall the bill be reported out accompanied to H2500?,11,0,0,0,https://malegislature.gov/Bills/194/H2503
194,H2505,J16,2025-06-27 18:10,"Should H2505, An Act relative to end of life options be reported out with Recommendation: Ought to pass, report to the House?",9,1,0,1,https://malegislature.gov/Bills/194/H2505
194,H2507,J16,2026-01-29 17:00,Shall this bill be studied?,10,0,1,0,https://malegislature.gov/Bills/194/H2507
194,H2508,J16,2025-07-07 12:00,"Should H2508, An Act promoting best practices in youth athletic coaching be reported out with Recommendation: Ought to pass, report to the House?",10,1,0,0,https://malegislature.gov/Bills/194/H2508
194,H2509,J16,2026-01-29 17:00,Shall this bill be studied?,10,0,1,0,https://malegislature.gov/Bills/194/H2509
194,H2510,J16,2025-11-20 15:00,Shall the bill be reported favorably?,11,0,0,0,https://malegislature.gov/Bills/194/H2510
194,H2511,J16,2026-01-29 17:00,Shall this bill be studied?,10,0,1,0,https://malegislature.gov/Bills/194/H2511
194,H2512,J16,2026-01-29 17:00,Shall this bill be studied?,10,1,0,0,https://malegislature.gov/Bills/194/H2512
194,H2513,J16,2026-01-29 17:00,Shall this bill be studied?,10,0,1,0,https://malegislature.gov/Bills/194/H2513
194,H2514,J16,2026-01-29 17:00,Shall this bill be studied?,10,0,1,0,https://malegislature.gov/Bills/194/H2514
194,H2515,J16,2026-01-29 17:00,Shall this bill be studied?,10,0,1,0,https://malegislature.gov/Bills/194/H2515
194,H2516,J16,2025-12-09 14:00,Shall the bill be reported favorably?,11,0,0,0,https://malegislature.gov/Bills/194/H2516
194,H2517,J16,2025-07-07 12:00,"Should H2517, An Act to update postural screenings in schools accompanied by H2412, An Act to update postural screenings in schools be reported out with Recommendation: Ought to pass, report to the Ho",11,0,0,0,https://malegislature.gov/Bills/194/H2517
194,H2518,J16,2026-01-29 17:00,Shall this bill be studied?,10,0,1,0,https://malegislature.gov/Bills/194/H2518
194,H2519,J16,2026-01-29 17:00,Shall this bill be studied?,10,0,1,0,https://malegislature.gov/Bills/194/H2519
194,H252,J13,2025-12-15 10:00,Poll on H.252,11,0,0,0,https://malegislature.gov/Bills/194/H252
194,H2520,J16,2026-01-29 17:00,Shall this bill be studied?,10,0,1,0,https://malegislature.gov/Bills/194/H2520
194,H2522,J16,2026-01-29 17:00,Shall this bill be studied?,10,0,1,0,https://malegislature.gov/Bills/194/H2522
194,H2524,J16,2026-01-29 17:00,Shall this bill be studied?,10,0,1,0,https://malegislature.gov/Bills/194/H2524
194,H2525,J16,2025-11-20 15:00,Shall the bill be reported favorably?,11,0,0,0,https://malegislature.gov/Bills/194/H2525
194,H2526,J16,2025-10-10 12:00,Shall the bill be reported favorably?,11,0,0,0,https://malegislature.gov/Bills/194/H2526
194,H2526,J24,2025-11-21 16:27,H2526 reported favorably,13,0,0,0,https://malegislature.gov/Bills/194/H2526
194,H2528,J16,2025-10-10 12:00,Shall the bill be reported favorably?,11,0,0,0,https://malegislature.gov/Bills/194/H2528
194,H2528,J24,2026-04-09 13:38,Favorable Report,13,0,0,0,https://malegislature.gov/Bills/194/H2528
194,H2529,J16,2025-09-26 14:30,Shall the bill be reported favorably?,9,1,1,0,https://malegislature.gov/Bills/194/H2529
194,H253,J13,2025-09-08 12:00,Poll on H253,11,0,0,0,https://malegislature.gov/Bills/194/H253
194,H2530,J16,2025-10-08 12:00,Shall the bill be reported out accompanied to H2440?,11,0,0,0,https://malegislature.gov/Bills/194/H2530
194,H2531,J16,2025-10-10 12:00,Shall the bill be reported favorably?,11,0,0,0,https://malegislature.gov/Bills/194/H2531
194,H2531,J24,2026-07-16 15:00,Favorable Report,13,0,0,0,https://malegislature.gov/Bills/194/H2531
194,H2533,J16,2026-01-29 17:00,Shall this bill be studied?,10,0,1,0,https://malegislature.gov/Bills/194/H2533
194,H2534,J16,2026-01-29 17:00,Shall this bill be studied?,10,0,1,0,https://malegislature.gov/Bills/194/H2534
194,H2536,J16,2025-10-10 12:00,Shall the bill be reported favorably?,11,0,0,0,https://malegislature.gov/Bills/194/H2536
194,H2537,J16,2025-11-07 15:00,Shall the bill be reported favorably?,10,0,1,0,https://malegislature.gov/Bills/194/H2537
194,H2538,J16,2026-01-29 17:00,Shall this bill be studied?,10,0,1,0,https://malegislature.gov/Bills/194/H2538
194,H2539,J16,2026-01-29 17:00,Shall this bill be studied?,10,0,1,0,https://malegislature.gov/Bills/194/H2539
194,H254,J13,2025-12-15 10:00,"Poll on H.254, accompanying H.214",11,0,0,0,https://malegislature.gov/Bills/194/H254
194,H2540,J16,2026-01-29 17:00,Shall this bill be studied?,10,0,1,0,https://malegislature.gov/Bills/194/H2540
194,H2541,J16,2026-01-29 17:00,Shall this bill be studied?,10,1,0,0,https://malegislature.gov/Bills/194/H2541
194,H2542,J16,2026-01-29 17:00,Shall this bill be studied?,10,0,1,0,https://malegislature.gov/Bills/194/H2542
194,H2543,J16,2026-01-29 17:00,Shall this bill be studied?,10,0,1,0,https://malegislature.gov/Bills/194/H2543
194,H2544,J16,2025-12-19 15:00,Shall the bill be reported favorably?,11,0,0,0,https://malegislature.gov/Bills/194/H2544
194,H2545,J16,2026-01-29 17:00,Shall this bill be studied?,10,1,0,0,https://malegislature.gov/Bills/194/H2545
194,H2546,J16,2026-01-29 17:00,Shall this bill be studied?,10,1,0,0,https://malegislature.gov/Bills/194/H2546
194,H2547,J16,2026-01-29 17:00,Shall this bill be studied?,10,1,0,0,https://malegislature.gov/Bills/194/H2547
194,H2548,J16,2026-01-29 17:00,Shall this bill be studied?,10,1,0,0,https://malegislature.gov/Bills/194/H2548
194,H2549,J16,2026-01-29 17:00,Shall this bill be studied?,10,1,0,0,https://malegislature.gov/Bills/194/H2549
194,H2551,J16,2025-10-10 12:00,Shall the bill be reported favorably?,11,0,0,0,https://malegislature.gov/Bills/194/H2551
194,H2552,J16,2025-10-10 12:00,Shall the bill be reported favorably?,10,1,0,0,https://malegislature.gov/Bills/194/H2552
194,H2553,J16,2025-10-08 12:00,Shall the bill be reported favorably?,11,0,0,0,https://malegislature.gov/Bills/194/H2553
194,H2554,J16,2025-07-07 12:00,"Should H2554, An Act relative to routine childhood immunizations be reported out with Recommendation: Ought to pass, report to the House?",9,1,1,0,https://malegislature.gov/Bills/194/H2554
194,H2554,J24,2026-04-09 13:06,Favorable Report,10,0,3,0,https://malegislature.gov/Bills/194/H2554
194,H2555,J16,2026-01-29 17:00,Shall this bill be studied?,10,1,0,0,https://malegislature.gov/Bills/194/H2555
194,H2556,J16,2026-01-29 17:00,Shall this bill be studied?,10,0,1,0,https://malegislature.gov/Bills/194/H2556
194,H2558,J16,2026-01-29 17:00,Shall this bill be studied?,10,0,1,0,https://malegislature.gov/Bills/194/H2558
194,H2559,J16,2026-01-29 17:00,Shall this bill be studied?,10,1,0,0,https://malegislature.gov/Bills/194/H2559
194,H2560,J16,2026-01-29 17:00,Shall this bill be studied?,10,0,1,0,https://malegislature.gov/Bills/194/H2560
194,H2561,J16,2026-01-29 17:00,Shall this bill be studied?,10,0,1,0,https://malegislature.gov/Bills/194/H2561
194,H2562,J16,2026-01-29 17:00,Shall this bill be studied?,10,0,1,0,https://malegislature.gov/Bills/194/H2562
194,H2563,J16,2026-01-29 17:00,Shall this bill be studied?,9,0,2,0,https://malegislature.gov/Bills/194/H2563
194,H2564,J22,2025-12-17 14:47,Poll,11,2,0,0,https://malegislature.gov/Bills/194/H2564
194,H2565,J22,2025-09-09 15:10,Poll,12,0,0,1,https://malegislature.gov/Bills/194/H2565
194,H2568,J22,2025-09-09 15:13,Poll,12,0,0,1,https://malegislature.gov/Bills/194/H2568
194,H2569,J22,2025-09-09 15:14,Poll,12,0,0,1,https://malegislature.gov/Bills/194/H2569
194,H2570,J22,2025-07-31 16:57,Poll,13,0,0,0,https://malegislature.gov/Bills/194/H2570
194,H2571,J22,2025-10-22 15:28,Poll,13,0,0,0,https://malegislature.gov/Bills/194/H2571
194,H2578,J22,2025-10-22 15:32,Poll,12,0,1,0,https://malegislature.gov/Bills/194/H2578
194,H258,J13,2025-10-03 17:00,Poll on H258 (Accompanying H235),11,0,0,0,https://malegislature.gov/Bills/194/H258
194,H2582,J22,2025-11-21 15:52,Poll,12,0,1,0,https://malegislature.gov/Bills/194/H2582
194,H2583,J22,2025-09-24 14:46,Poll,12,0,0,1,https://malegislature.gov/Bills/194/H2583
194,H2584,J22,2025-12-17 14:53,Poll,10,3,0,0,https://malegislature.gov/Bills/194/H2584
194,H2587,J22,2025-10-22 15:35,Poll,12,0,1,0,https://malegislature.gov/Bills/194/H2587
194,H2588,J22,2025-07-31 16:38,Poll,13,0,0,0,https://malegislature.gov/Bills/194/H2588
194,H259,J13,2025-10-03 17:00,Poll on H259 (Accompanying H235),11,0,0,0,https://malegislature.gov/Bills/194/H259
194,H2590,J22,2025-12-17 14:51,Poll,10,3,0,0,https://malegislature.gov/Bills/194/H2590
194,H2591,J22,2025-12-17 14:55,Poll,10,3,0,0,https://malegislature.gov/Bills/194/H2591
194,H2604,J22,2025-09-24 14:51,Poll,11,0,2,0,https://malegislature.gov/Bills/194/H2604
194,H2606,J22,2025-09-24 15:05,Poll,12,0,0,1,https://malegislature.gov/Bills/194/H2606
194,H2607,J22,2025-07-31 17:03,Poll,13,0,0,0,https://malegislature.gov/Bills/194/H2607
194,H2608,J22,2025-12-17 14:58,Poll,10,3,0,0,https://malegislature.gov/Bills/194/H2608
194,H2609,J22,2025-09-24 15:54,Poll,13,0,0,0,https://malegislature.gov/Bills/194/H2609
194,H2614,J22,2025-09-24 14:56,Poll,13,0,0,0,https://malegislature.gov/Bills/194/H2614
194,H2616,J22,2025-09-09 15:17,Poll,12,0,0,1,https://malegislature.gov/Bills/194/H2616
194,H2621,J22,2025-11-21 15:56,Poll,13,0,0,0,https://malegislature.gov/Bills/194/H2621
194,H2622,J22,2025-10-22 15:41,Poll,12,0,1,0,https://malegislature.gov/Bills/194/H2622
194,H2626,J22,2025-10-22 15:48,Poll,12,0,1,0,https://malegislature.gov/Bills/194/H2626
194,H2627,J22,2025-09-24 15:01,Poll,13,0,0,0,https://malegislature.gov/Bills/194/H2627
194,H2629,J22,2025-12-17 15:00,Poll,12,1,0,0,https://malegislature.gov/Bills/194/H2629
194,H2632,J22,2025-09-24 15:21,Poll,12,0,0,1,https://malegislature.gov/Bills/194/H2632
194,H264,J13,2025-12-08 11:20,Poll on H264 (Accompanying H261),11,0,0,0,https://malegislature.gov/Bills/194/H264
194,H2644,J22,2025-09-09 15:21,Poll,12,0,0,1,https://malegislature.gov/Bills/194/H2644
194,H2646,J22,2025-09-09 15:22,Poll,12,0,0,1,https://malegislature.gov/Bills/194/H2646
194,H265,J13,2025-10-03 17:00,Poll on H265 (Accompanying H235),11,0,0,0,https://malegislature.gov/Bills/194/H265
194,H2651,J22,2025-11-06 16:05,Poll,13,0,0,0,https://malegislature.gov/Bills/194/H2651
194,H2653,J22,2025-11-21 15:58,Poll,13,0,0,0,https://malegislature.gov/Bills/194/H2653
194,H2655,H34,2025-11-18 10:45,H.2655 “An Act requiring health care employers to develop and implement programs to prevent workplace violence” as amended,31,0,1,4,https://malegislature.gov/Bills/194/H2655
194,H2656,J22,2025-09-24 15:24,Poll,10,0,2,1,https://malegislature.gov/Bills/194/H2656
194,H2656,J24,2026-04-09 13:08,Favorable Report,12,0,1,0,https://malegislature.gov/Bills/194/H2656
194,H2657,J22,2025-11-21 16:01,Poll,13,0,0,0,https://malegislature.gov/Bills/194/H2657
194,H2658,J22,2025-09-24 15:27,Poll,11,0,1,1,https://malegislature.gov/Bills/194/H2658
194,H266,J13,2025-10-03 17:00,Poll on H266 (Accompanying H235),11,0,0,0,https://malegislature.gov/Bills/194/H266
194,H2662,J22,2025-12-17 15:02,Poll,12,1,0,0,https://malegislature.gov/Bills/194/H2662
194,H2663,J22,2025-11-07 12:21,Poll,13,0,0,0,https://malegislature.gov/Bills/194/H2663
194,H2664,J22,2025-11-07 12:24,Poll,12,1,0,0,https://malegislature.gov/Bills/194/H2664
194,H2666,J22,2025-10-22 15:52,Poll,13,0,0,0,https://malegislature.gov/Bills/194/H2666
194,H2668,J22,2025-07-31 16:59,Poll,13,0,0,0,https://malegislature.gov/Bills/194/H2668
194,H267,J13,2026-01-15 17:00,Poll on H267,11,0,0,0,https://malegislature.gov/Bills/194/H267
194,H2671,J22,2025-10-22 16:01,Poll,12,0,1,0,https://malegislature.gov/Bills/194/H2671
194,H2672,J22,2025-12-17 15:05,Poll,10,3,0,0,https://malegislature.gov/Bills/194/H2672
194,H2676,J22,2025-09-09 15:24,Poll,12,0,0,1,https://malegislature.gov/Bills/194/H2676
194,H2677,J22,2025-11-21 16:03,Poll,12,1,0,0,https://malegislature.gov/Bills/194/H2677
194,H2682,J22,2025-07-31 17:02,Poll,13,0,0,0,https://malegislature.gov/Bills/194/H2682
194,H2683,J22,2025-09-09 15:25,Poll,12,0,0,1,https://malegislature.gov/Bills/194/H2683
194,H2689,J22,2025-10-22 16:15,Poll,12,0,1,0,https://malegislature.gov/Bills/194/H2689
194,H269,J13,2025-10-20 10:00,Poll on H269 (Accompanying H268),11,0,0,0,https://malegislature.gov/Bills/194/H269
194,H2690,J22,2025-07-31 16:56,Poll,13,0,0,0,https://malegislature.gov/Bills/194/H2690
194,H2691,J22,2025-09-09 15:28,Poll,12,0,0,1,https://malegislature.gov/Bills/194/H2691
194,H2692,H34,2026-06-09 10:45,H.2692 “An Act implementing the recommendations of the Walsh-Kennedy Commission Report” as amended,30,0,1,3,https://malegislature.gov/Bills/194/H2692
194,H2692,J22,2025-09-24 15:25,Poll,12,0,0,1,https://malegislature.gov/Bills/194/H2692
194,H2693,J22,2025-12-17 15:07,Poll,10,3,0,0,https://malegislature.gov/Bills/194/H2693
194,H2696,J22,2025-10-22 16:17,Poll,13,0,0,0,https://malegislature.gov/Bills/194/H2696
194,H2698,J22,2025-09-09 15:28,Poll,12,0,0,1,https://malegislature.gov/Bills/194/H2698
194,H27,J23,2025-12-02 10:40,Joint Committee on Public Service,15,0,1,1,https://malegislature.gov/Bills/194/H27
194,H270,J13,2025-10-20 10:00,Poll on H270 (Accompanying H268),11,0,0,0,https://malegislature.gov/Bills/194/H270
194,H2703,J22,2025-09-24 14:53,Poll,11,0,1,1,https://malegislature.gov/Bills/194/H2703
194,H2704,J22,2025-09-24 14:57,Poll,12,0,0,1,https://malegislature.gov/Bills/194/H2704
194,H2705,J22,2025-09-24 14:57,Poll,12,0,0,1,https://malegislature.gov/Bills/194/H2705
194,H272,J13,2026-01-15 17:00,Poll on H272 ,11,0,0,0,https://malegislature.gov/Bills/194/H272
194,H2722,J22,2025-09-24 14:59,Poll,11,0,1,1,https://malegislature.gov/Bills/194/H2722
194,H2724,J22,2025-10-22 16:22,Poll,12,0,1,0,https://malegislature.gov/Bills/194/H2724
194,H2726,H34,2025-07-29 10:45,H.2726 “An Act requiring human trafficking recognition training for certain hospitality workers” as amended; see attached.,27,0,0,9,https://malegislature.gov/Bills/194/H2726
194,H2727,J22,2025-10-22 16:24,Poll,11,0,2,0,https://malegislature.gov/Bills/194/H2727
194,H2728,J22,2025-11-21 16:07,Poll,13,0,0,0,https://malegislature.gov/Bills/194/H2728
194,H2729,J22,2025-07-31 16:47,Poll,13,0,0,0,https://malegislature.gov/Bills/194/H2729
194,H273,J13,2025-10-03 17:00,Poll on H273,11,0,0,0,https://malegislature.gov/Bills/194/H273
194,H2732,J22,2025-10-22 16:26,Poll,12,0,1,0,https://malegislature.gov/Bills/194/H2732
194,H2733,J22,2025-12-17 15:10,Poll,10,3,0,0,https://malegislature.gov/Bills/194/H2733
194,H2734,J22,2025-12-17 15:12,Poll,10,3,0,0,https://malegislature.gov/Bills/194/H2734
194,H2735,J22,2026-03-18 18:36,Poll,13,0,0,0,https://malegislature.gov/Bills/194/H2735
194,H2736,J22,2025-09-24 15:01,Poll,12,0,0,1,https://malegislature.gov/Bills/194/H2736
194,H2740,J22,2025-10-22 16:28,Poll,12,0,1,0,https://malegislature.gov/Bills/194/H2740
194,H2746,J23,2025-08-01 15:11,Public Service Matters,7,0,0,4,https://malegislature.gov/Bills/194/H2746
194,H2749,J23,2026-03-18 15:38,Favorable Report,9,0,1,1,https://malegislature.gov/Bills/194/H2749
194,H2753,J23,2025-08-22 12:49,Joint Committee on Public Service,9,0,0,2,https://malegislature.gov/Bills/194/H2753
194,H2757,J23,2026-03-18 15:38,Favorable Report,9,0,1,1,https://malegislature.gov/Bills/194/H2757
194,H2759,J23,2025-12-12 12:44,Favorable Report,8,0,0,3,https://malegislature.gov/Bills/194/H2759
194,H276,J13,2025-09-08 12:00,Poll on H276,11,0,0,0,https://malegislature.gov/Bills/194/H276
194,H276,J24,2026-07-16 15:00,Favorable Report,13,0,0,0,https://malegislature.gov/Bills/194/H276
194,H2762,J23,2025-12-12 12:45,Favorable Report,8,0,0,3,https://malegislature.gov/Bills/194/H2762
194,H2764,J23,2025-12-18 12:32,Favorable Report,7,0,0,4,https://malegislature.gov/Bills/194/H2764
194,H2766,J23,2025-09-23 14:50,Public Service Matters,8,0,0,3,https://malegislature.gov/Bills/194/H2766
194,H277,J13,2025-09-08 12:00,Poll on H277,11,0,0,0,https://malegislature.gov/Bills/194/H277
194,H277,J24,2026-07-16 15:00,Favorable Report,13,0,0,0,https://malegislature.gov/Bills/194/H277
194,H2771,J23,2026-03-18 15:39,Favorable Report,9,0,1,1,https://malegislature.gov/Bills/194/H2771
194,H2775,J23,2025-08-01 15:19,Public Service Matters,7,0,0,4,https://malegislature.gov/Bills/194/H2775
194,H278,J13,2025-12-08 10:00,H278,10,0,0,1,https://malegislature.gov/Bills/194/H278
194,H278,J13,2025-12-08 11:54,Poll on H278,11,0,0,0,https://malegislature.gov/Bills/194/H278
194,H2781,J23,2026-03-18 15:41,Favorable Report,9,0,1,1,https://malegislature.gov/Bills/194/H2781
194,H2782,J23,2025-08-30 12:28,Public Service Matters,7,0,0,4,https://malegislature.gov/Bills/194/H2782
194,H2787,J23,2025-09-23 14:53,Public Service Matters,8,0,0,3,https://malegislature.gov/Bills/194/H2787
194,H2790,J23,2025-08-01 15:27,Public Service Matters ,7,0,0,4,https://malegislature.gov/Bills/194/H2790
194,H2796,J23,2026-03-18 15:41,Favorable Report,9,0,1,1,https://malegislature.gov/Bills/194/H2796
194,H2799,J23,2025-10-07 16:33,Joint Committee on Public Service,8,0,0,3,https://malegislature.gov/Bills/194/H2799
194,H28,J23,2025-12-02 13:08,Joint Committee on Public Service,13,0,3,1,https://malegislature.gov/Bills/194/H28
194,H280,J13,2026-02-06 12:00,Poll on H.280 (Accompanying H.202),11,0,0,0,https://malegislature.gov/Bills/194/H280
194,H2801,J23,2025-08-30 12:54,Public Service Matters,7,0,0,4,https://malegislature.gov/Bills/194/H2801
194,H2802,J23,2026-03-18 15:43,Favorable Report,9,0,1,1,https://malegislature.gov/Bills/194/H2802
194,H2806,J23,2025-08-01 15:31,Public Service Matters,7,0,0,4,https://malegislature.gov/Bills/194/H2806
194,H2807,J23,2026-03-18 15:44,Favorable Report,9,0,1,1,https://malegislature.gov/Bills/194/H2807
194,H2808,J23,2026-03-18 15:45,Favorable Report,9,0,1,1,https://malegislature.gov/Bills/194/H2808
194,H281,J13,2025-12-15 10:00,"Poll on H.281, accompanying H.214",11,0,0,0,https://malegislature.gov/Bills/194/H281
194,H2810,J23,2025-07-22 12:34,Public Service Matters ,9,0,0,2,https://malegislature.gov/Bills/194/H2810
194,H2813,J23,2025-10-07 16:34,Joint Committee on Public Service,8,0,0,3,https://malegislature.gov/Bills/194/H2813
194,H2814,J23,2026-03-18 15:48,Favorable Report,9,0,1,1,https://malegislature.gov/Bills/194/H2814
194,H2816,J23,2026-03-18 15:48,Favorable Report,9,0,1,1,https://malegislature.gov/Bills/194/H2816
194,H2817,J23,2026-03-18 15:48,Favorable Report,9,0,1,1,https://malegislature.gov/Bills/194/H2817
194,H2818,J23,2026-03-18 15:50,Favorable Report,9,0,1,1,https://malegislature.gov/Bills/194/H2818
194,H282,J13,2025-12-08 10:00,H282,10,0,0,1,https://malegislature.gov/Bills/194/H282
194,H282,J13,2025-12-08 11:56,Poll on H282,11,0,0,0,https://malegislature.gov/Bills/194/H282
194,H282,J24,2026-04-09 13:43,Favorable Report,13,0,0,0,https://malegislature.gov/Bills/194/H282
194,H2823,J23,2025-08-01 15:34,Public Service Matters,7,0,0,4,https://malegislature.gov/Bills/194/H2823
194,H2826,J23,2025-12-18 12:35,Favorable Report,7,0,0,4,https://malegislature.gov/Bills/194/H2826
194,H283,J13,2025-08-04 17:00,Poll on H283,11,0,0,0,https://malegislature.gov/Bills/194/H283
194,H2833,J23,2026-03-18 15:51,Favorable Report,9,0,1,1,https://malegislature.gov/Bills/194/H2833
194,H2834,J23,2025-09-23 14:58,Public Service Matters,8,0,0,3,https://malegislature.gov/Bills/194/H2834
194,H2836,J23,2025-08-22 12:48,Joint Committee on Public Service,9,0,0,2,https://malegislature.gov/Bills/194/H2836
194,H2840,J23,2025-08-30 11:59,Public Service Matters,7,0,0,4,https://malegislature.gov/Bills/194/H2840
194,H2841,J23,2025-08-22 12:47,Joint Committee on Public Service,9,0,0,2,https://malegislature.gov/Bills/194/H2841
194,H2842,J23,2025-08-22 12:45,Joint Committee on Public Service,9,0,0,2,https://malegislature.gov/Bills/194/H2842
194,H2844,J23,2025-08-30 12:02,Public Service Matters,7,0,0,4,https://malegislature.gov/Bills/194/H2844
194,H2845,J23,2025-08-30 12:05,Public Service Matters,7,0,0,4,https://malegislature.gov/Bills/194/H2845
194,H2846,J23,2025-08-22 12:44,Joint Committee on Public Service,9,0,0,2,https://malegislature.gov/Bills/194/H2846
194,H2848,J23,2025-08-30 12:07,Public Service Matters,7,0,0,4,https://malegislature.gov/Bills/194/H2848
194,H2851,J23,2025-08-22 12:43,Joint Committee on Public Service,9,0,0,2,https://malegislature.gov/Bills/194/H2851
194,H2852,J23,2025-08-01 15:37,Public Service Matters,7,0,0,4,https://malegislature.gov/Bills/194/H2852
194,H2853,J23,2025-08-22 12:41,Joint Committee on Public Service,9,0,0,2,https://malegislature.gov/Bills/194/H2853
194,H2860,J23,2025-08-30 12:10,Public Service Matters,7,0,0,4,https://malegislature.gov/Bills/194/H2860
194,H2861,J23,2025-08-01 15:40,Public Service Matters,7,0,0,4,https://malegislature.gov/Bills/194/H2861
194,H2864,J23,2025-08-08 16:15,Public Service Matters,10,0,0,1,https://malegislature.gov/Bills/194/H2864
194,H2865,J23,2026-03-18 15:53,Favorable Report,9,0,1,1,https://malegislature.gov/Bills/194/H2865
194,H2866,J23,2025-08-08 16:18,Public Service Matters,10,0,0,1,https://malegislature.gov/Bills/194/H2866
194,H287,J13,2025-12-08 10:00,H287,10,0,0,1,https://malegislature.gov/Bills/194/H287
194,H287,J13,2025-12-08 11:56,Poll on H287,11,0,0,0,https://malegislature.gov/Bills/194/H287
194,H2878,J23,2026-03-18 15:52,Favorable Report,9,0,1,1,https://malegislature.gov/Bills/194/H2878
194,H2879,J23,2025-08-01 15:44,Public Service Matters,7,0,0,4,https://malegislature.gov/Bills/194/H2879
194,H2880,J23,2025-08-08 16:20,Public Service Matters,10,0,0,1,https://malegislature.gov/Bills/194/H2880
194,H2881,J23,2026-03-18 15:49,Favorable Report,9,0,1,1,https://malegislature.gov/Bills/194/H2881
194,H2883,J23,2025-12-12 12:46,Favorable Report,8,0,0,3,https://malegislature.gov/Bills/194/H2883
194,H2884,J23,2025-12-12 13:00,Favorable Report,8,0,0,3,https://malegislature.gov/Bills/194/H2884
194,H2885,J23,2026-03-18 15:49,Favorable Report,9,0,1,1,https://malegislature.gov/Bills/194/H2885
194,H2886,J23,2025-08-01 15:51,Public Service Matters,7,0,0,4,https://malegislature.gov/Bills/194/H2886
194,H2887,J23,2025-12-12 12:47,Favorable Report,8,0,0,3,https://malegislature.gov/Bills/194/H2887
194,H2889,J23,2025-07-22 12:40,Public Service Matters,9,0,0,2,https://malegislature.gov/Bills/194/H2889
194,H289,J13,2026-02-06 12:00,Poll H289,11,0,0,0,https://malegislature.gov/Bills/194/H289
194,H2893,J23,2025-12-18 12:38,Favorable Report,7,0,0,4,https://malegislature.gov/Bills/194/H2893
194,H2896,H34,2026-06-30 10:45,H.2896 “An Act providing for fairness and equity for Massachusetts Water Resources Authority employees” as amended,28,0,0,6,https://malegislature.gov/Bills/194/H2896
194,H2896,J23,2025-11-14 13:23,Joint Committee on Public Service,9,0,0,2,https://malegislature.gov/Bills/194/H2896
194,H2897,J23,2025-08-30 12:13,Public Service Matters,7,0,0,4,https://malegislature.gov/Bills/194/H2897
194,H29,J23,2025-12-02 13:19,Joint Committee on Public Service,14,0,2,1,https://malegislature.gov/Bills/194/H29
194,H290,J13,2026-01-15 17:00,Poll on H290,11,0,0,0,https://malegislature.gov/Bills/194/H290
194,H2901,J23,2025-08-22 12:40,Joint Committee on Public Service,9,0,0,2,https://malegislature.gov/Bills/194/H2901
194,H2905,J23,2026-03-18 15:48,Favorable,9,0,1,1,https://malegislature.gov/Bills/194/H2905
194,H2909,J23,2025-08-22 12:39,Joint Committee on Public Service,9,0,0,2,https://malegislature.gov/Bills/194/H2909
194,H291,J13,2026-02-06 12:00,Poll on H291,11,0,0,0,https://malegislature.gov/Bills/194/H291
194,H2913,J23,2025-08-30 12:16,Public Service Matters,7,0,0,4,https://malegislature.gov/Bills/194/H2913
194,H2915,J23,2025-07-23 12:48,Public Service Matters,9,0,0,2,https://malegislature.gov/Bills/194/H2915
194,H2917,J23,2025-08-08 16:23,Public Service Matters,10,0,0,1,https://malegislature.gov/Bills/194/H2917
194,H2918,J23,2025-08-30 12:19,Public Service Matters,7,0,0,4,https://malegislature.gov/Bills/194/H2918
194,H2918,J24,2026-07-16 15:00,Favorable Report,13,0,0,0,https://malegislature.gov/Bills/194/H2918
194,H2921,J23,2025-12-12 12:50,Favorable Report,8,0,0,3,https://malegislature.gov/Bills/194/H2921
194,H2922,J23,2025-08-01 15:54,Public Service Matters,7,0,0,4,https://malegislature.gov/Bills/194/H2922
194,H2923,J23,2025-12-12 12:52,Favorable Report,8,0,0,3,https://malegislature.gov/Bills/194/H2923
194,H2926,J23,2025-12-18 12:36,Favorable Report,7,0,0,4,https://malegislature.gov/Bills/194/H2926
194,H2929,J23,2026-03-18 15:47,Favorable Report,9,0,1,1,https://malegislature.gov/Bills/194/H2929
194,H293,J13,2025-10-20 10:00,Poll on H293,11,0,0,0,https://malegislature.gov/Bills/194/H293
194,H2932,H34,2025-07-29 10:45,H2932 “An Act relative to benefits for teachers.” as amended; see attached.,27,0,0,9,https://malegislature.gov/Bills/194/H2932
194,H2933,J23,2025-08-30 12:57,Public Service Matters,7,0,0,4,https://malegislature.gov/Bills/194/H2933
194,H2935,J23,2026-03-18 15:47,Favorable Report,9,0,1,1,https://malegislature.gov/Bills/194/H2935
194,H2937,J23,2026-03-18 15:45,Favorable Report,9,0,1,1,https://malegislature.gov/Bills/194/H2937
194,H2939,J23,2025-08-01 15:57,Public Service Matters,7,0,0,4,https://malegislature.gov/Bills/194/H2939
194,H2940,J23,2025-08-22 12:37,Joint Committee on Public Service,9,0,0,2,https://malegislature.gov/Bills/194/H2940
194,H2942,J23,2025-08-08 16:26,Public Service Matters,10,0,0,1,https://malegislature.gov/Bills/194/H2942
194,H2944,J23,2025-08-01 16:00,Public Service Matters,7,0,0,4,https://malegislature.gov/Bills/194/H2944
194,H295,J13,2025-12-15 10:00,"Poll on H.295, accompanying H.220",11,0,0,0,https://malegislature.gov/Bills/194/H295
194,H2953,J23,2025-08-01 16:02,Public Service Matters,7,0,0,4,https://malegislature.gov/Bills/194/H2953
194,H2955,J23,2025-08-08 16:29,Public Service Matters,10,0,0,1,https://malegislature.gov/Bills/194/H2955
194,H2958,J23,2025-08-08 16:31,Public Service Matters,10,0,0,1,https://malegislature.gov/Bills/194/H2958
194,H2961,J23,2025-08-22 12:35,Joint Committee on Public Service,9,0,0,2,https://malegislature.gov/Bills/194/H2961
194,H2968,J23,2026-03-18 15:45,Favorable Report,9,0,1,1,https://malegislature.gov/Bills/194/H2968
194,H2969,J23,2025-08-30 12:22,Public Service Matters,7,0,0,4,https://malegislature.gov/Bills/194/H2969
194,H2970,J23,2025-08-08 16:33,Public Service Matters,10,0,0,1,https://malegislature.gov/Bills/194/H2970
194,H2971,J23,2026-03-18 15:42,Favorable Report,9,0,1,1,https://malegislature.gov/Bills/194/H2971
194,H2977,J23,2025-08-08 16:35,Public Service Matters,10,0,0,1,https://malegislature.gov/Bills/194/H2977
194,H2978,J23,2025-08-22 13:28,Joint Committee Public Service,9,0,0,2,https://malegislature.gov/Bills/194/H2978
194,H2979,J23,2026-03-18 15:42,Favorable Report,9,0,1,1,https://malegislature.gov/Bills/194/H2979
194,H298,J47,2026-03-17 16:00,Poll?,9,1,1,0,https://malegislature.gov/Bills/194/H298
194,H2980,J23,2026-03-18 15:41,Favorable Report,9,0,1,1,https://malegislature.gov/Bills/194/H2980
194,H2985,J23,2025-08-01 16:05,Public Service Matters,7,0,0,4,https://malegislature.gov/Bills/194/H2985
194,H2986,J23,2025-08-01 16:07,Public Service Matters,7,0,0,4,https://malegislature.gov/Bills/194/H2986
194,H2987,J23,2025-08-01 16:09,Public Service Matters,7,0,0,4,https://malegislature.gov/Bills/194/H2987
194,H2988,J23,2025-08-01 16:11,Public Service Matters,7,0,0,4,https://malegislature.gov/Bills/194/H2988
194,H2990,J23,2025-09-23 15:01,Public Service Matters,8,0,0,3,https://malegislature.gov/Bills/194/H2990
194,H2991,J23,2025-10-07 16:36,Joint Committee on Public Service,7,0,1,3,https://malegislature.gov/Bills/194/H2991
194,H2992,J23,2025-10-07 16:38,Joint Committee on Public Service,8,0,0,3,https://malegislature.gov/Bills/194/H2992
194,H2993,J23,2025-08-01 16:13,Public Service Matters,7,0,0,4,https://malegislature.gov/Bills/194/H2993
194,H2996,J23,2025-08-08 16:38,Public Service Matters,10,0,0,1,https://malegislature.gov/Bills/194/H2996
194,H2997,J23,2026-03-18 15:39,Favorable Report,9,0,1,1,https://malegislature.gov/Bills/194/H2997
194,H2998,J23,2025-08-08 16:40,Public Service Matters,10,0,0,1,https://malegislature.gov/Bills/194/H2998
194,H30,J23,2025-12-02 10:43,Joint Committee on Public Service,15,0,1,1,https://malegislature.gov/Bills/194/H30
194,H3002,J23,2026-03-18 15:40,Favorable Report,9,0,1,1,https://malegislature.gov/Bills/194/H3002
194,H3003,J23,2025-09-23 15:04,Public Service Matters,8,0,0,3,https://malegislature.gov/Bills/194/H3003
194,H3006,J26,2026-02-05 14:49,Favorable,9,0,2,0,https://malegislature.gov/Bills/194/H3006
194,H3010,J26,2026-02-13 17:15,Favorable,9,0,2,0,https://malegislature.gov/Bills/194/H3010
194,H3015,J26,2026-02-20 17:09,Favorable,9,0,1,1,https://malegislature.gov/Bills/194/H3015
194,H3018,J26,2026-03-13 13:15,Favorable,10,0,1,0,https://malegislature.gov/Bills/194/H3018
194,H3025,J26,2026-03-13 13:16,Favorable,9,0,2,0,https://malegislature.gov/Bills/194/H3025
194,H3027,J26,2026-02-20 17:11,Favorable,9,0,1,1,https://malegislature.gov/Bills/194/H3027
194,H3031,J26,2026-01-26 17:28,Favorable,8,0,2,1,https://malegislature.gov/Bills/194/H3031
194,H304,J47,2025-09-12 16:00,Poll,11,0,0,0,https://malegislature.gov/Bills/194/H304
194,H3043,J26,2026-06-25 16:15,Favorable,9,0,1,1,https://malegislature.gov/Bills/194/H3043
194,H3045,J26,2026-01-15 16:53,Favorable,9,0,2,0,https://malegislature.gov/Bills/194/H3045
194,H3050,J26,2026-01-15 17:17,Favorable,9,0,2,0,https://malegislature.gov/Bills/194/H3050
194,H3062,J26,2026-02-13 17:21,Favorable,9,0,2,0,https://malegislature.gov/Bills/194/H3062
194,H3063,J26,2026-03-13 13:18,Favorable,9,0,2,0,https://malegislature.gov/Bills/194/H3063
194,H3065,J26,2026-02-20 17:12,Favorable,9,0,1,1,https://malegislature.gov/Bills/194/H3065
194,H3073,J26,2026-06-25 16:15,Favorable,9,0,1,1,https://malegislature.gov/Bills/194/H3073
194,H3079,J26,2026-01-26 17:30,Favorable,8,0,2,1,https://malegislature.gov/Bills/194/H3079
194,H3080,J26,2026-01-15 17:20,Favorable,9,0,2,0,https://malegislature.gov/Bills/194/H3080
194,H3084,J26,2026-03-13 13:21,Favorable,9,0,2,0,https://malegislature.gov/Bills/194/H3084
194,H3085,J26,2026-06-25 16:13,Favorable,9,0,1,1,https://malegislature.gov/Bills/194/H3085
194,H3093,J26,2026-01-14 12:17,Favorable,9,0,2,0,https://malegislature.gov/Bills/194/H3093
194,H31,J23,2025-12-02 13:11,Joint Committee on Public Service,13,0,3,1,https://malegislature.gov/Bills/194/H31
194,H3100,J26,2026-03-13 13:23,Favorable,10,0,1,0,https://malegislature.gov/Bills/194/H3100
194,H3108,J26,2026-03-13 13:24,Favorable,9,0,2,0,https://malegislature.gov/Bills/194/H3108
194,H3110,J26,2026-06-25 16:18,Study,8,0,2,1,https://malegislature.gov/Bills/194/H3110
194,H3111,J26,2026-01-26 17:35,Favorable,8,0,2,1,https://malegislature.gov/Bills/194/H3111
194,H3112,J26,2026-02-05 14:53,Favorable,9,0,2,0,https://malegislature.gov/Bills/194/H3112
194,H312,J47,2025-09-24 17:00,Poll,10,1,0,0,https://malegislature.gov/Bills/194/H312
194,H313,J47,2025-11-13 16:00,Poll?,11,0,0,0,https://malegislature.gov/Bills/194/H313
194,H3132,J26,2026-01-14 11:34,Favorable,9,0,2,0,https://malegislature.gov/Bills/194/H3132
194,H3133,J26,2026-03-13 13:25,Favorable,10,0,1,0,https://malegislature.gov/Bills/194/H3133
194,H3144,J26,2026-02-20 17:13,Favorable,9,0,1,1,https://malegislature.gov/Bills/194/H3144
194,H3147,J26,2026-03-13 13:27,Favorable,10,0,1,0,https://malegislature.gov/Bills/194/H3147
194,H3148,J26,2026-03-13 13:28,Favorable,10,0,1,0,https://malegislature.gov/Bills/194/H3148
194,H315,J47,2025-09-24 16:10,Poll,10,1,0,0,https://malegislature.gov/Bills/194/H315
194,H3154,J19,2025-07-21 13:16,"H3154, ""An Act encouraging the donation of food to persons in need"" as redrafted",11,0,0,0,https://malegislature.gov/Bills/194/H3154
194,H3159,J26,2026-03-13 13:29,Favorable,9,0,2,0,https://malegislature.gov/Bills/194/H3159
194,H3165,J26,2026-03-13 13:31,Favorable,9,0,2,0,https://malegislature.gov/Bills/194/H3165
194,H3169,J26,2026-02-13 17:25,Favorable,9,0,2,0,https://malegislature.gov/Bills/194/H3169
194,H3176,J26,2026-01-14 11:39,Favorable,9,0,2,0,https://malegislature.gov/Bills/194/H3176
194,H3177,J26,2026-01-26 17:36,Favorable,8,0,2,1,https://malegislature.gov/Bills/194/H3177
194,H3178,J26,2026-03-13 13:33,Favorable,9,0,2,0,https://malegislature.gov/Bills/194/H3178
194,H3187,J26,2026-03-13 13:34,Favorable,9,0,2,0,https://malegislature.gov/Bills/194/H3187
194,H3193,J26,2026-06-25 16:22,Favorable,9,0,1,1,https://malegislature.gov/Bills/194/H3193
194,H3194,J26,2026-06-25 16:23,Study,9,0,1,1,https://malegislature.gov/Bills/194/H3194
194,H32,J23,2025-12-02 10:47,Joint Committee on Public Service,15,0,1,1,https://malegislature.gov/Bills/194/H32
194,H3204,J26,2026-03-13 13:35,Favorable,10,0,1,0,https://malegislature.gov/Bills/194/H3204
194,H3206,J26,2026-02-20 17:14,Favorable,9,0,1,1,https://malegislature.gov/Bills/194/H3206
194,H3210,J26,2026-03-13 13:37,Favorable,9,0,2,0,https://malegislature.gov/Bills/194/H3210
194,H3212,J26,2026-02-05 14:56,Favorable,9,0,2,0,https://malegislature.gov/Bills/194/H3212
194,H3219,J26,2026-01-14 11:39,Favorable,9,0,2,0,https://malegislature.gov/Bills/194/H3219
194,H3225,J26,2026-03-13 13:38,Favorable,9,0,2,0,https://malegislature.gov/Bills/194/H3225
194,H3227,J26,2026-01-15 17:21,Favorable,9,0,2,0,https://malegislature.gov/Bills/194/H3227
194,H3230,J26,2026-01-15 17:22,Favorable,9,0,2,0,https://malegislature.gov/Bills/194/H3230
194,H3237,J26,2026-03-13 13:40,Favorable,9,0,2,0,https://malegislature.gov/Bills/194/H3237
194,H3238,J26,2026-01-14 11:40,Favorable,9,0,2,0,https://malegislature.gov/Bills/194/H3238
194,H3246,J26,2026-03-13 13:41,Favorable,10,0,1,0,https://malegislature.gov/Bills/194/H3246
194,H3259,J26,2026-03-13 13:43,Favorable,9,0,2,0,https://malegislature.gov/Bills/194/H3259
194,H3261,J26,2026-06-25 16:24,Study,9,0,1,1,https://malegislature.gov/Bills/194/H3261
194,H3265,J26,2026-03-13 13:45,Favorable,9,0,2,0,https://malegislature.gov/Bills/194/H3265
194,H3266,J26,2026-02-05 14:58,Favorable,9,0,2,0,https://malegislature.gov/Bills/194/H3266
194,H327,J16,2025-07-07 12:00,"Should H327, An Act regulating surgical assistants be reported out with Recommendation: Ought to pass, report to the House?",10,1,0,0,https://malegislature.gov/Bills/194/H327
194,H3271,J26,2026-02-05 15:02,Favorable,9,0,2,0,https://malegislature.gov/Bills/194/H3271
194,H3282,H34,2025-07-29 10:45,"H3282 “An Act authorizing the town of Westford to release agricultural preservation restrictions over land owned by Westford Gateway, LLC.” as amended; see attached.",25,0,0,11,https://malegislature.gov/Bills/194/H3282
194,H3284,J25,2025-12-02 17:00,Ought to pass,10,0,0,1,https://malegislature.gov/Bills/194/H3284
194,H3285,J25,2025-10-21 12:00,Ought to pass,9,0,0,2,https://malegislature.gov/Bills/194/H3285
194,H3286,J25,2025-10-09 17:00,Ought to be sent to study,8,0,0,3,https://malegislature.gov/Bills/194/H3286
194,H3288,J25,2025-10-21 12:00,Ought to pass,9,0,0,2,https://malegislature.gov/Bills/194/H3288
194,H3289,J25,2025-11-26 12:00,Ought to pass,10,0,0,1,https://malegislature.gov/Bills/194/H3289
194,H3291,J25,2025-12-02 17:00,Ought to pass - attached: H3313,8,0,2,1,https://malegislature.gov/Bills/194/H3291
194,H3292,J25,2025-09-03 17:00,"Ought to pass, accompanied by H3419",6,0,3,2,https://malegislature.gov/Bills/194/H3292
194,H3297,J25,2025-09-23 17:00,Ought to pass,10,0,0,1,https://malegislature.gov/Bills/194/H3297
194,H3298,S29,2025-09-16 11:00,Placed in the Orders of the Day,7,0,0,0,https://malegislature.gov/Bills/194/H3298
194,H33,J23,2025-12-02 13:20,Joint Committee on Public Service,14,0,2,1,https://malegislature.gov/Bills/194/H33
194,H330,J17,2026-03-18 13:30,"Favorable, as Redraft",10,0,1,0,https://malegislature.gov/Bills/194/H330
194,H3300,J25,2025-11-26 12:00,Ought to pass,10,0,0,1,https://malegislature.gov/Bills/194/H3300
194,H3301,J25,2025-09-23 17:00,Ought to pass,8,0,2,1,https://malegislature.gov/Bills/194/H3301
194,H3302,J25,2025-12-02 17:00,Ought to pass,10,0,0,1,https://malegislature.gov/Bills/194/H3302
194,H3306,J25,2025-10-21 12:00,Ought to pass,9,0,0,2,https://malegislature.gov/Bills/194/H3306
194,H3306,S29,2026-01-12 17:00,Placed in the Orders of the Day,7,0,0,0,https://malegislature.gov/Bills/194/H3306
194,H3307,J25,2025-11-06 17:00,Ought to pass,8,0,2,1,https://malegislature.gov/Bills/194/H3307
194,H3312,H34,2025-10-21 10:45,H.3312 “An Act authorizing the Massachusetts Department of Transportation to convey a certain parcel of land in the town of Stoneham” as amended,32,0,0,4,https://malegislature.gov/Bills/194/H3312
194,H3315,J25,2025-12-02 17:00,Ought to pass,9,0,0,2,https://malegislature.gov/Bills/194/H3315
194,H3316,J25,2025-10-21 12:00,Ought to be sent to a study,8,0,0,3,https://malegislature.gov/Bills/194/H3316
194,H3317,J25,2025-11-26 12:00,Ought to pass,10,0,0,1,https://malegislature.gov/Bills/194/H3317
194,H3318,J25,2025-09-23 17:00,Ought to pass,10,0,0,1,https://malegislature.gov/Bills/194/H3318
194,H3320,J25,2025-10-21 12:00,Ought to be sent to a study,8,0,0,3,https://malegislature.gov/Bills/194/H3320
194,H3321,J25,2025-11-26 12:00,Ought to pass,10,0,0,1,https://malegislature.gov/Bills/194/H3321
194,H3326,J25,2025-10-21 12:00,Ought to be sent to a study,7,1,0,3,https://malegislature.gov/Bills/194/H3326
194,H3329,J25,2025-11-06 17:00,Ought to pass,10,0,0,1,https://malegislature.gov/Bills/194/H3329
194,H3331,J25,2025-12-02 17:00,Ought to pass,10,0,0,1,https://malegislature.gov/Bills/194/H3331
194,H3332,J25,2025-11-26 12:00,Ought to pass,9,0,0,2,https://malegislature.gov/Bills/194/H3332
194,H3333,J25,2025-11-26 12:00,Ought to pass,10,0,0,1,https://malegislature.gov/Bills/194/H3333
194,H3334,J25,2025-11-26 12:00,Ought to pass,9,0,0,2,https://malegislature.gov/Bills/194/H3334
194,H3335,J25,2025-09-23 17:00,Ought to pass,10,0,0,1,https://malegislature.gov/Bills/194/H3335
194,H3337,J25,2025-10-09 17:00,Ought to pass,7,0,1,3,https://malegislature.gov/Bills/194/H3337
194,H3338,J25,2025-10-21 12:00,Ought to be sent to a study,8,0,0,3,https://malegislature.gov/Bills/194/H3338
194,H3339,J25,2025-10-09 17:00,Ought to pass,7,0,1,3,https://malegislature.gov/Bills/194/H3339
194,H3340,J25,2025-11-26 12:00,Ought to pass,7,0,2,2,https://malegislature.gov/Bills/194/H3340
194,H3343,J25,2025-09-03 17:00,Ought to pass,9,0,0,2,https://malegislature.gov/Bills/194/H3343
194,H3344,J25,2025-10-21 12:00,Ought to be sent to a study,8,0,0,3,https://malegislature.gov/Bills/194/H3344
194,H3346,H34,2026-05-19 10:45,H.3346 “An Act authorizing the Division of Capital Asset Management and Maintenance to dispose of certain parcels of land in the town of Bolton” as amended,30,0,0,4,https://malegislature.gov/Bills/194/H3346
194,H3347,J25,2025-11-26 17:00,Ought to pass,10,0,0,1,https://malegislature.gov/Bills/194/H3347
194,H3348,J25,2025-12-02 17:00,Ought to pass,8,0,2,1,https://malegislature.gov/Bills/194/H3348
194,H3351,J25,2025-12-02 17:00,Ought to pass,10,0,0,1,https://malegislature.gov/Bills/194/H3351
194,H3353,J25,2025-10-21 12:00,Ought to be sent to a study,8,0,0,3,https://malegislature.gov/Bills/194/H3353
194,H3356,J25,2025-11-06 17:00,Ought to be sent to a study,10,0,0,1,https://malegislature.gov/Bills/194/H3356
194,H3358,J25,2025-09-23 17:00,Ought to pass,10,0,0,1,https://malegislature.gov/Bills/194/H3358
194,H3359,J25,2025-11-26 12:00,Ought to pass,9,0,0,2,https://malegislature.gov/Bills/194/H3359
194,H3360,J25,2025-12-02 17:00,Ought to pass,9,0,0,2,https://malegislature.gov/Bills/194/H3360
194,H3361,J25,2025-11-26 12:00,Ought to pass,9,0,0,2,https://malegislature.gov/Bills/194/H3361
194,H3362,J25,2025-11-06 17:00,Ought to be sent to a study,10,0,0,1,https://malegislature.gov/Bills/194/H3362
194,H3363,J25,2025-10-09 17:00,Ought to be sent to study,8,0,0,3,https://malegislature.gov/Bills/194/H3363
194,H3364,J25,2025-09-23 17:00,Ought to pass,10,0,0,1,https://malegislature.gov/Bills/194/H3364
194,H3366,J25,2025-10-21 12:00,Ought to pass,9,0,0,2,https://malegislature.gov/Bills/194/H3366
194,H3367,J25,2025-10-09 17:00,Ought to be sent to a study,8,0,0,3,https://malegislature.gov/Bills/194/H3367
194,H3369,J25,2025-10-09 17:05,Ought to be sent to study,8,0,0,3,https://malegislature.gov/Bills/194/H3369
194,H3374,J25,2025-10-09 17:05,Ought to be sent to study,8,0,0,3,https://malegislature.gov/Bills/194/H3374
194,H3376,J25,2025-12-02 17:00,Ought to pass,10,0,0,1,https://malegislature.gov/Bills/194/H3376
194,H3377,J25,2025-09-23 17:00,Ought to pass,10,0,0,1,https://malegislature.gov/Bills/194/H3377
194,H3381,J25,2025-12-02 17:00,Ought to pass,9,0,0,2,https://malegislature.gov/Bills/194/H3381
194,H3382,J25,2025-12-02 17:00,Ought to pass,9,0,0,2,https://malegislature.gov/Bills/194/H3382
194,H3384,J25,2025-09-23 17:00,Ought to pass,8,0,2,1,https://malegislature.gov/Bills/194/H3384
194,H3385,J25,2025-11-26 12:00,Ought to pass,9,0,0,2,https://malegislature.gov/Bills/194/H3385
194,H3386,J25,2025-11-26 12:00,Ought to pass,9,0,0,2,https://malegislature.gov/Bills/194/H3386
194,H3388,J25,2025-08-01 17:00,Ought to pass,8,0,0,3,https://malegislature.gov/Bills/194/H3388
194,H3388,S29,2025-10-17 15:00,Placed in the Orders of the Day,7,0,0,0,https://malegislature.gov/Bills/194/H3388
194,H3389,J25,2025-11-26 12:00,Ought to pass,9,0,0,2,https://malegislature.gov/Bills/194/H3389
194,H3390,J25,2025-12-02 17:00,Ought to pass,10,0,0,1,https://malegislature.gov/Bills/194/H3390
194,H3391,J25,2025-10-09 17:05,Ought to be sent to study,8,0,0,3,https://malegislature.gov/Bills/194/H3391
194,H3392,J25,2025-08-01 17:00,Ought to pass,8,0,0,3,https://malegislature.gov/Bills/194/H3392
194,H3395,J25,2025-09-23 17:00,Ought to pass,10,0,0,1,https://malegislature.gov/Bills/194/H3395
194,H3398,J25,2025-12-02 17:00,Ought to pass,9,0,0,2,https://malegislature.gov/Bills/194/H3398
194,H3399,J25,2025-10-09 17:05,Ought to be sent to study,8,0,0,3,https://malegislature.gov/Bills/194/H3399
194,H34,J23,2025-12-02 10:48,Joint Committee on Public Service,15,0,1,1,https://malegislature.gov/Bills/194/H34
194,H3402,H34,2025-07-29 10:45,H3402 “An Act authorizing the commissioner of capital asset management and maintenance to convey a certain parcel of land in the town of Wellesley.” as amended; see attached.,25,0,0,11,https://malegislature.gov/Bills/194/H3402
194,H3403,J25,2025-08-01 17:00,Ought to pass,8,0,0,3,https://malegislature.gov/Bills/194/H3403
194,H3407,J25,2025-09-03 17:00,Ought to pass,9,0,0,2,https://malegislature.gov/Bills/194/H3407
194,H3409,J25,2025-12-02 17:00,Ought to pass,9,0,0,2,https://malegislature.gov/Bills/194/H3409
194,H3410,J25,2025-10-21 12:00,Ought to pass,9,0,0,2,https://malegislature.gov/Bills/194/H3410
194,H3411,J25,2025-10-09 17:00,Ought to pass,7,0,1,3,https://malegislature.gov/Bills/194/H3411
194,H3412,J25,2025-10-21 12:00,Ought to be sent to a study,8,0,0,3,https://malegislature.gov/Bills/194/H3412
194,H3416,J25,2025-11-26 12:00,Ought to pass,10,0,0,1,https://malegislature.gov/Bills/194/H3416
194,H3417,J25,2025-10-21 12:00,Ought to pass,9,0,0,2,https://malegislature.gov/Bills/194/H3417
194,H3417,S29,2026-08-19 17:00,Placed in the Orders of the Day,6,0,1,0,https://malegislature.gov/Bills/194/H3417
194,H3421,J25,2025-08-01 17:00,Ought to pass,8,0,0,3,https://malegislature.gov/Bills/194/H3421
194,H3422,J25,2025-10-21 12:00,Ought to pass,8,0,1,2,https://malegislature.gov/Bills/194/H3422
194,H3423,J25,2025-10-09 17:00,Ought to pass,7,0,1,3,https://malegislature.gov/Bills/194/H3423
194,H3424,J25,2025-10-09 17:00,Ought to pass,8,0,0,3,https://malegislature.gov/Bills/194/H3424
194,H3427,J25,2025-08-01 17:00,Ought to pass,8,0,0,3,https://malegislature.gov/Bills/194/H3427
194,H3428,J25,2025-11-26 12:00,Ought to pass,10,0,0,1,https://malegislature.gov/Bills/194/H3428
194,H3429,J25,2025-11-26 12:00,Ought to pass,10,0,0,1,https://malegislature.gov/Bills/194/H3429
194,H3430,J25,2025-12-03 11:00,Ought to pass by substitution of a new draft - attached: H3326,10,0,0,1,https://malegislature.gov/Bills/194/H3430
194,H3433,J25,2025-12-02 17:00,Ought to pass,9,0,0,2,https://malegislature.gov/Bills/194/H3433
194,H3434,J25,2025-10-09 17:05,Ought to be sent to study,8,0,0,3,https://malegislature.gov/Bills/194/H3434
194,H3435,H34,2025-07-29 10:45,H3435 “An Act authorizing the commissioner of capital asset management and maintenance to grant certain easements to the town of Bourne.” as amended; see attached.,25,0,0,11,https://malegislature.gov/Bills/194/H3435
194,H3436,J25,2025-10-09 17:00,Ought to pass,8,0,0,3,https://malegislature.gov/Bills/194/H3436
194,H3437,J25,2025-12-02 17:00,Ought to pass,9,0,0,2,https://malegislature.gov/Bills/194/H3437
194,H3438,J25,2025-10-21 12:00,Ought to pass,9,0,0,2,https://malegislature.gov/Bills/194/H3438
194,H3439,J25,2025-12-02 17:00,"Ought to pass - attached: H3440, H3441",8,0,2,1,https://malegislature.gov/Bills/194/H3439
194,H3442,J25,2025-10-09 17:05,Ought to be sent to study,8,0,0,3,https://malegislature.gov/Bills/194/H3442
194,H3460,J37,2026-03-17 13:29,Whether the bill ought to pass,11,0,0,0,https://malegislature.gov/Bills/194/H3460
194,H3476,J37,2026-03-18 15:12,Whether the bill ought to pass,10,0,0,1,https://malegislature.gov/Bills/194/H3476
194,H3481,J37,2026-03-17 13:34,Whether the bill ought to pass,11,0,0,0,https://malegislature.gov/Bills/194/H3481
194,H3485,J37,2026-03-17 13:36,Whether the bill ought to pass,11,0,0,0,https://malegislature.gov/Bills/194/H3485
194,H3487,J37,2026-03-17 13:08,Whether the bill ought to pass,11,0,0,0,https://malegislature.gov/Bills/194/H3487
194,H3494,J37,2026-03-17 13:38,Whether the bill ought to pass,11,0,0,0,https://malegislature.gov/Bills/194/H3494
194,H3502,J37,2026-03-17 13:39,Whether the bill ought to pass,11,0,0,0,https://malegislature.gov/Bills/194/H3502
194,H3509,J37,2026-03-17 13:41,Whether the bill ought to pass,11,0,0,0,https://malegislature.gov/Bills/194/H3509
194,H3511,J37,2026-03-17 13:43,Whether the bill ought to pass,11,0,0,0,https://malegislature.gov/Bills/194/H3511
194,H3513,J37,2026-03-17 13:44,Whether the bill ought to pass,11,0,0,0,https://malegislature.gov/Bills/194/H3513
194,H3516,J37,2026-03-17 13:30,Whether the bill ought to pass,11,0,0,0,https://malegislature.gov/Bills/194/H3516
194,H3517,J37,2026-03-17 13:33,Whether the bill ought to pass,11,0,0,0,https://malegislature.gov/Bills/194/H3517
194,H3524,J37,2026-03-17 13:34,Whether the bill ought to pass,11,0,0,0,https://malegislature.gov/Bills/194/H3524
194,H3538,J37,2026-03-17 13:38,Whether the bill ought to pass,11,0,0,0,https://malegislature.gov/Bills/194/H3538
194,H3543,J37,2026-03-17 13:41,Whether the bill ought to pass,11,0,0,0,https://malegislature.gov/Bills/194/H3543
194,H3545,J37,2026-03-17 13:44,Whether the bill ought to pass,11,0,0,0,https://malegislature.gov/Bills/194/H3545
194,H3548,J37,2026-03-18 15:22,Whether the bill ought to pass ,10,0,0,1,https://malegislature.gov/Bills/194/H3548
194,H3566,J37,2026-03-17 13:50,Whether the bill ought to pass,11,0,0,0,https://malegislature.gov/Bills/194/H3566
194,H3576,J37,2026-03-17 13:53,Whether the bill ought to pass,9,0,2,0,https://malegislature.gov/Bills/194/H3576
194,H3587,J30,2025-12-03 14:00,Ought to pass,11,0,0,0,https://malegislature.gov/Bills/194/H3587
194,H3589,J30,2025-12-03 14:00,Study,11,0,0,0,https://malegislature.gov/Bills/194/H3589
194,H359,J16,2025-11-25 13:00,Shall the bill be reported favorably?,10,1,0,0,https://malegislature.gov/Bills/194/H359
194,H3591,J30,2025-09-18 17:00,Ought to pass,11,0,0,0,https://malegislature.gov/Bills/194/H3591
194,H3592,J30,2025-12-03 14:00,Ought to pass,11,0,0,0,https://malegislature.gov/Bills/194/H3592
194,H3593,J30,2025-12-03 14:00,Study,11,0,0,0,https://malegislature.gov/Bills/194/H3593
194,H3594,J30,2025-09-18 17:00,Ought to pass,11,0,0,0,https://malegislature.gov/Bills/194/H3594
194,H3595,J30,2025-09-18 17:00,Ought to pass,11,0,0,0,https://malegislature.gov/Bills/194/H3595
194,H3596,J30,2025-12-03 14:00,Ought to pass,11,0,0,0,https://malegislature.gov/Bills/194/H3596
194,H3597,J30,2025-12-03 14:00,Ought to pass,11,0,0,0,https://malegislature.gov/Bills/194/H3597
194,H3598,J30,2025-09-18 17:00,Ought to pass,11,0,0,0,https://malegislature.gov/Bills/194/H3598
194,H3599,J30,2025-12-03 14:00,Discharge,11,0,0,0,https://malegislature.gov/Bills/194/H3599
194,H3600,J30,2025-12-03 14:00,Study,11,0,0,0,https://malegislature.gov/Bills/194/H3600
194,H3602,J30,2025-12-03 14:00,Ought to pass,11,0,0,0,https://malegislature.gov/Bills/194/H3602
194,H3604,J27,2025-12-03 10:00,Favorable,13,0,0,0,https://malegislature.gov/Bills/194/H3604
194,H3605,J27,2025-12-03 10:00,Favorable,13,0,0,0,https://malegislature.gov/Bills/194/H3605
194,H3606,J27,2025-09-18 11:00,Favorable,11,0,0,2,https://malegislature.gov/Bills/194/H3606
194,H3607,J27,2025-09-18 11:00,Favorable,11,0,0,2,https://malegislature.gov/Bills/194/H3607
194,H3608,J27,2025-12-18 12:00,Favorable,12,0,0,1,https://malegislature.gov/Bills/194/H3608
194,H3611,J27,2025-09-04 12:00,Favorable,11,0,1,1,https://malegislature.gov/Bills/194/H3611
194,H3612,J27,2025-12-18 12:00,Study,12,0,0,1,https://malegislature.gov/Bills/194/H3612
194,H3613,J27,2025-12-18 12:00,Study,12,0,0,1,https://malegislature.gov/Bills/194/H3613
194,H3614,J27,2025-12-18 12:00,Favorable,12,0,0,1,https://malegislature.gov/Bills/194/H3614
194,H3615,J27,2025-12-18 12:00,Favorable,12,0,0,1,https://malegislature.gov/Bills/194/H3615
194,H3616,J27,2025-12-18 12:00,Study,12,0,0,1,https://malegislature.gov/Bills/194/H3616
194,H3619,J27,2025-12-18 12:00,Study,12,0,0,1,https://malegislature.gov/Bills/194/H3619
194,H3620,J27,2025-12-18 12:00,Study,12,0,0,1,https://malegislature.gov/Bills/194/H3620
194,H3621,J27,2025-12-18 12:00,Study,11,0,0,2,https://malegislature.gov/Bills/194/H3621
194,H3622,J27,2025-12-18 12:00,Study,12,0,0,1,https://malegislature.gov/Bills/194/H3622
194,H3624,J27,2025-12-03 10:00,Study,13,0,0,0,https://malegislature.gov/Bills/194/H3624
194,H3625,J27,2025-09-18 11:00,Study,12,0,0,1,https://malegislature.gov/Bills/194/H3625
194,H3626,J27,2025-12-12 10:00,Study,10,0,1,2,https://malegislature.gov/Bills/194/H3626
194,H3627,J27,2025-08-21 10:30,Favorable,12,0,1,0,https://malegislature.gov/Bills/194/H3627
194,H3628,J27,2025-12-18 12:00,Favorable,12,0,0,1,https://malegislature.gov/Bills/194/H3628
194,H3629,J27,2025-08-21 10:30,Favorable,12,0,1,0,https://malegislature.gov/Bills/194/H3629
194,H3631,J27,2025-11-13 10:00,Study,12,0,0,1,https://malegislature.gov/Bills/194/H3631
194,H3632,J27,2025-11-13 10:00,Study,12,0,0,1,https://malegislature.gov/Bills/194/H3632
194,H3637,J27,2025-11-13 10:00,Study,12,0,0,1,https://malegislature.gov/Bills/194/H3637
194,H3638,J27,2025-11-13 10:00,Study,11,0,0,2,https://malegislature.gov/Bills/194/H3638
194,H3639,J27,2025-08-21 10:30,Favorable,12,0,1,0,https://malegislature.gov/Bills/194/H3639
194,H3640,J27,2025-12-03 10:00,Study,13,0,0,0,https://malegislature.gov/Bills/194/H3640
194,H3641,H34,2026-07-30 10:45,H.3641“An Act relative to educational requirements for class 2 motor vehicle licenses” as amended,30,0,0,4,https://malegislature.gov/Bills/194/H3641
194,H3642,J27,2025-08-01 13:30,Favorable?,13,0,0,0,https://malegislature.gov/Bills/194/H3642
194,H3643,J27,2025-09-04 12:00,Favorable,10,0,2,1,https://malegislature.gov/Bills/194/H3643
194,H3645,J27,2025-12-18 12:00,Favorable,12,0,0,1,https://malegislature.gov/Bills/194/H3645
194,H3646,J27,2025-12-12 10:00,Study,10,0,1,2,https://malegislature.gov/Bills/194/H3646
194,H3647,J27,2025-12-12 10:00,Study,10,0,1,2,https://malegislature.gov/Bills/194/H3647
194,H3648,J27,2025-09-18 11:00,Favorable,11,0,0,2,https://malegislature.gov/Bills/194/H3648
194,H3649,J27,2025-08-21 10:30,Study,12,0,1,0,https://malegislature.gov/Bills/194/H3649
194,H3650,J27,2025-12-18 12:00,Favorable,12,0,0,1,https://malegislature.gov/Bills/194/H3650
194,H3651,J27,2025-12-12 10:00,Study,11,0,0,2,https://malegislature.gov/Bills/194/H3651
194,H3652,J27,2025-08-21 10:30,Study,12,0,1,0,https://malegislature.gov/Bills/194/H3652
194,H3653,J27,2025-08-21 10:30,Study,11,0,1,1,https://malegislature.gov/Bills/194/H3653
194,H3655,J27,2025-08-21 10:30,Favorable,12,0,1,0,https://malegislature.gov/Bills/194/H3655
194,H3656,J27,2025-12-12 10:00,Favorable,11,0,0,2,https://malegislature.gov/Bills/194/H3656
194,H3657,J27,2025-09-18 11:00,Favorable,11,0,0,2,https://malegislature.gov/Bills/194/H3657
194,H3661,J27,2026-03-18 12:00,Study,12,0,1,0,https://malegislature.gov/Bills/194/H3661
194,H3663,J27,2025-09-18 11:00,Study,12,0,0,1,https://malegislature.gov/Bills/194/H3663
194,H3664,J27,2025-11-13 10:00,Favorable,12,0,0,1,https://malegislature.gov/Bills/194/H3664
194,H3666,J27,2025-11-13 10:00,Favorable,12,0,0,1,https://malegislature.gov/Bills/194/H3666
194,H3667,J27,2025-11-13 10:00,Study,12,0,0,1,https://malegislature.gov/Bills/194/H3667
194,H3668,J27,2025-12-12 10:00,Study,11,0,0,2,https://malegislature.gov/Bills/194/H3668
194,H3669,J27,2026-03-18 12:00,Study,13,0,0,0,https://malegislature.gov/Bills/194/H3669
194,H3670,J27,2025-12-18 12:00,Study,12,0,0,1,https://malegislature.gov/Bills/194/H3670
194,H3671,J27,2025-09-18 11:00,Study,12,0,0,1,https://malegislature.gov/Bills/194/H3671
194,H3672,J27,2025-08-21 10:30,Study,11,0,1,1,https://malegislature.gov/Bills/194/H3672
194,H3674,J27,2025-09-18 11:00,Favorable,12,0,0,1,https://malegislature.gov/Bills/194/H3674
194,H3675,J27,2025-08-01 13:30,Favorable?,13,0,0,0,https://malegislature.gov/Bills/194/H3675
194,H3677,J27,2025-08-01 13:30,Study?,12,1,0,0,https://malegislature.gov/Bills/194/H3677
194,H3678,J27,2025-12-18 12:00,Favorable,12,0,0,1,https://malegislature.gov/Bills/194/H3678
194,H3679,J27,2025-12-18 12:00,Favorable,12,0,0,1,https://malegislature.gov/Bills/194/H3679
194,H3680,J27,2026-03-18 12:00,Favorable,11,0,2,0,https://malegislature.gov/Bills/194/H3680
194,H3682,J27,2025-08-21 10:30,Study,11,0,1,1,https://malegislature.gov/Bills/194/H3682
194,H3683,J27,2025-11-13 10:00,Favorable,12,0,0,1,https://malegislature.gov/Bills/194/H3683
194,H3684,J27,2025-12-18 12:00,Favorable,12,0,0,1,https://malegislature.gov/Bills/194/H3684
194,H3685,J27,2025-12-18 12:00,Favorable,12,0,0,1,https://malegislature.gov/Bills/194/H3685
194,H3686,J27,2025-12-18 12:00,Accompany H3679,12,0,0,1,https://malegislature.gov/Bills/194/H3686
194,H3687,J27,2025-12-18 12:00,Accompany H3679,12,0,0,1,https://malegislature.gov/Bills/194/H3687
194,H3688,J27,2025-11-13 10:00,Favorable,12,0,0,1,https://malegislature.gov/Bills/194/H3688
194,H3689,J27,2025-12-18 12:00,Favorable,12,0,0,1,https://malegislature.gov/Bills/194/H3689
194,H3691,J27,2025-12-18 12:00,Accompany H3689,12,0,0,1,https://malegislature.gov/Bills/194/H3691
194,H3692,J27,2025-08-21 10:30,Study,11,0,1,1,https://malegislature.gov/Bills/194/H3692
194,H3693,J27,2025-12-18 12:00,Accompany H3689,12,0,0,1,https://malegislature.gov/Bills/194/H3693
194,H3697,J27,2025-08-21 10:30,Study,11,0,1,1,https://malegislature.gov/Bills/194/H3697
194,H3699,J27,2025-12-18 12:00,Accompany H3679,12,0,0,1,https://malegislature.gov/Bills/194/H3699
194,H3700,J27,2025-11-13 10:00,Accompany H3688,12,0,0,1,https://malegislature.gov/Bills/194/H3700
194,H3702,J27,2025-12-18 12:00,Favorable,12,0,0,1,https://malegislature.gov/Bills/194/H3702
194,H3703,J27,2025-12-18 12:00,Study,11,1,0,1,https://malegislature.gov/Bills/194/H3703
194,H3706,H34,2026-07-30 10:45,H.3706 “An Act establishing a Medal of Fidelity license plate” as amended,30,0,0,4,https://malegislature.gov/Bills/194/H3706
194,H3706,J27,2025-09-18 11:00,Favorable,12,0,0,1,https://malegislature.gov/Bills/194/H3706
194,H3707,J27,2026-03-18 12:00,Study,12,1,0,0,https://malegislature.gov/Bills/194/H3707
194,H3709,J27,2025-12-12 10:00,Study,10,1,0,2,https://malegislature.gov/Bills/194/H3709
194,H3711,J27,2025-12-18 12:00,Favorable,12,0,0,1,https://malegislature.gov/Bills/194/H3711
194,H3712,J27,2025-08-21 10:30,Study,11,0,1,1,https://malegislature.gov/Bills/194/H3712
194,H3714,J27,2025-09-18 11:00,Favorable,12,0,0,1,https://malegislature.gov/Bills/194/H3714
194,H3715,J27,2025-09-18 11:00,Favorable,12,0,0,1,https://malegislature.gov/Bills/194/H3715
194,H3716,J27,2025-12-03 10:00,Favorable,11,0,2,0,https://malegislature.gov/Bills/194/H3716
194,H3717,J27,2025-12-12 10:00,Study,10,0,0,3,https://malegislature.gov/Bills/194/H3717
194,H3718,J27,2025-12-03 10:00,Favorable,12,0,1,0,https://malegislature.gov/Bills/194/H3718
194,H3719,J27,2025-12-03 10:00,Favorable,12,0,1,0,https://malegislature.gov/Bills/194/H3719
194,H3721,J27,2025-12-03 10:00,Study,11,0,2,0,https://malegislature.gov/Bills/194/H3721
194,H3723,J27,2025-11-13 10:00,Study,11,0,0,2,https://malegislature.gov/Bills/194/H3723
194,H3724,J27,2025-12-12 10:00,Favorable,10,0,0,3,https://malegislature.gov/Bills/194/H3724
194,H3725,J27,2025-12-18 12:00,Favorable,12,0,0,1,https://malegislature.gov/Bills/194/H3725
194,H3726,J27,2025-11-13 10:00,Study,11,0,0,2,https://malegislature.gov/Bills/194/H3726
194,H3727,J27,2025-12-18 12:00,Favorable,12,0,0,1,https://malegislature.gov/Bills/194/H3727
194,H3728,J27,2025-09-04 12:00,Favorable,11,0,1,1,https://malegislature.gov/Bills/194/H3728
194,H3729,J27,2025-12-18 12:00,Favorable,12,0,0,1,https://malegislature.gov/Bills/194/H3729
194,H3730,J27,2025-09-18 11:00,Favorable,12,0,0,1,https://malegislature.gov/Bills/194/H3730
194,H3731,J27,2025-08-21 10:30,Favorable,11,0,1,1,https://malegislature.gov/Bills/194/H3731
194,H3732,J27,2025-12-03 10:00,Favorable,11,0,1,1,https://malegislature.gov/Bills/194/H3732
194,H3733,J27,2025-11-13 10:00,Favorable,12,0,0,1,https://malegislature.gov/Bills/194/H3733
194,H3734,J27,2025-08-21 10:30,Favorable,11,0,1,1,https://malegislature.gov/Bills/194/H3734
194,H3735,J27,2026-03-18 12:00,Favorable,11,0,2,0,https://malegislature.gov/Bills/194/H3735
194,H3736,J27,2025-09-04 12:00,Favorable,11,1,0,1,https://malegislature.gov/Bills/194/H3736
194,H3737,J27,2025-08-01 13:30,"To accompany H3763, An Act improving safety measures for highway maintenance personnel?",11,0,0,2,https://malegislature.gov/Bills/194/H3737
194,H3739,J27,2025-09-04 12:00,Favorable,11,0,1,1,https://malegislature.gov/Bills/194/H3739
194,H3740,J27,2025-12-18 12:00,Study,12,0,0,1,https://malegislature.gov/Bills/194/H3740
194,H3741,J27,2025-12-18 12:00,Favorable,12,0,0,1,https://malegislature.gov/Bills/194/H3741
194,H3742,J27,2025-12-03 10:00,Favorable,11,0,1,1,https://malegislature.gov/Bills/194/H3742
194,H3744,J27,2025-11-13 10:00,Favorable,11,0,1,1,https://malegislature.gov/Bills/194/H3744
194,H3746,J27,2025-12-18 12:00,Favorable,11,0,1,1,https://malegislature.gov/Bills/194/H3746
194,H3748,J27,2025-12-18 12:00,Favorable,12,0,0,1,https://malegislature.gov/Bills/194/H3748
194,H3750,J27,2025-12-18 12:00,Favorable,12,0,0,1,https://malegislature.gov/Bills/194/H3750
194,H3751,J27,2025-08-21 10:30,Favorable,11,0,1,1,https://malegislature.gov/Bills/194/H3751
194,H3752,J27,2025-08-21 10:30,Favorable,12,0,0,1,https://malegislature.gov/Bills/194/H3752
194,H3755,J27,2026-03-18 12:00,Favorable,11,0,2,0,https://malegislature.gov/Bills/194/H3755
194,H3757,J27,2025-12-12 10:00,Favorable,10,0,0,3,https://malegislature.gov/Bills/194/H3757
194,H3759,J27,2025-09-18 11:00,Favorable,12,0,0,1,https://malegislature.gov/Bills/194/H3759
194,H3762,J27,2025-12-18 12:00,Favorable,12,0,0,1,https://malegislature.gov/Bills/194/H3762
194,H3763,J27,2025-08-01 13:30,Favorable?,13,0,0,0,https://malegislature.gov/Bills/194/H3763
194,H3764,J27,2025-12-18 12:00,Favorable,12,0,0,1,https://malegislature.gov/Bills/194/H3764
194,H3765,J27,2025-08-01 13:30,Favorable?,13,0,0,0,https://malegislature.gov/Bills/194/H3765
194,H3766,J27,2025-12-18 12:00,Favorable,12,0,0,1,https://malegislature.gov/Bills/194/H3766
194,H3767,J27,2025-12-18 12:00,Accompany H3766,12,0,0,1,https://malegislature.gov/Bills/194/H3767
194,H3768,J27,2025-12-18 12:00,Study,12,0,0,1,https://malegislature.gov/Bills/194/H3768
194,H3769,J27,2025-12-18 12:00,Study,12,0,0,1,https://malegislature.gov/Bills/194/H3769
194,H377,J16,2025-10-10 12:00,Shall the bill be reported favorably?,10,0,1,0,https://malegislature.gov/Bills/194/H377
194,H3772,J27,2025-09-18 11:00,Favorable,12,0,0,1,https://malegislature.gov/Bills/194/H3772
194,H3773,J27,2025-08-21 10:30,Study,11,0,1,1,https://malegislature.gov/Bills/194/H3773
194,H3774,J27,2025-12-12 10:00,Favorable,10,0,0,3,https://malegislature.gov/Bills/194/H3774
194,H3776,J27,2025-12-18 12:00,Favorable,12,0,0,1,https://malegislature.gov/Bills/194/H3776
194,H3777,J27,2025-12-12 10:00,Favorable,10,0,0,3,https://malegislature.gov/Bills/194/H3777
194,H3778,J27,2025-08-01 13:30,Favorable?,12,0,0,1,https://malegislature.gov/Bills/194/H3778
194,H3780,J27,2025-12-18 12:00,Favorable,12,0,0,1,https://malegislature.gov/Bills/194/H3780
194,H3782,J27,2025-09-18 11:00,Favorable,12,0,0,1,https://malegislature.gov/Bills/194/H3782
194,H3784,J27,2025-12-18 12:00,Favorable,12,0,0,1,https://malegislature.gov/Bills/194/H3784
194,H3785,J27,2025-12-18 12:00,Favorable,12,0,0,1,https://malegislature.gov/Bills/194/H3785
194,H3786,J27,2025-12-03 10:00,Accompany H3793,12,0,0,1,https://malegislature.gov/Bills/194/H3786
194,H3787,J27,2025-09-18 11:00,Favorable,12,0,0,1,https://malegislature.gov/Bills/194/H3787
194,H3788,J27,2026-03-18 12:00,Favorable,11,0,2,0,https://malegislature.gov/Bills/194/H3788
194,H3789,J27,2025-08-01 13:30,To accompany H3675?,11,0,0,2,https://malegislature.gov/Bills/194/H3789
194,H3790,J27,2025-12-18 12:00,Favorable,12,0,0,1,https://malegislature.gov/Bills/194/H3790
194,H3790,S29,2026-07-15 16:00,Placed in the Orders of the Day,7,0,0,0,https://malegislature.gov/Bills/194/H3790
194,H3792,J27,2025-09-04 12:00,Favorable,11,0,1,1,https://malegislature.gov/Bills/194/H3792
194,H3793,J27,2025-12-03 10:00,Favorable,12,0,0,1,https://malegislature.gov/Bills/194/H3793
194,H3794,J27,2025-12-18 12:00,Favorable,12,0,0,1,https://malegislature.gov/Bills/194/H3794
194,H3795,J27,2025-12-12 10:00,Favorable,10,0,0,3,https://malegislature.gov/Bills/194/H3795
194,H3796,J27,2025-12-03 10:00,Favorable,12,0,0,1,https://malegislature.gov/Bills/194/H3796
194,H3797,J27,2025-09-18 11:00,Study,12,0,0,1,https://malegislature.gov/Bills/194/H3797
194,H3798,J27,2025-12-03 10:00,Study,12,0,0,1,https://malegislature.gov/Bills/194/H3798
194,H380,J17,2026-03-18 13:18,"Favorable, as Redraft",9,0,2,0,https://malegislature.gov/Bills/194/H380
194,H3800,J27,2025-09-18 11:00,Study,12,0,0,1,https://malegislature.gov/Bills/194/H3800
194,H3803,J27,2025-09-04 12:00,Study,11,0,1,1,https://malegislature.gov/Bills/194/H3803
194,H3804,J27,2025-08-21 10:30,Study,11,0,1,1,https://malegislature.gov/Bills/194/H3804
194,H3805,J27,2025-12-12 10:00,Favorable,10,0,0,3,https://malegislature.gov/Bills/194/H3805
194,H3806,J27,2025-08-21 10:30,Study,11,0,1,1,https://malegislature.gov/Bills/194/H3806
194,H3808,J27,2025-09-18 11:00,Favorable,12,0,0,1,https://malegislature.gov/Bills/194/H3808
194,H3810,J27,2025-09-18 11:00,Favorable,12,0,0,1,https://malegislature.gov/Bills/194/H3810
194,H3811,J27,2025-12-03 10:00,Favorable,12,0,0,1,https://malegislature.gov/Bills/194/H3811
194,H3812,J27,2025-08-01 13:30,Favorable?,11,0,0,2,https://malegislature.gov/Bills/194/H3812
194,H3813,J27,2025-11-13 10:00,Study,12,0,0,1,https://malegislature.gov/Bills/194/H3813
194,H3814,J27,2025-09-18 11:00,Favorable,12,0,0,1,https://malegislature.gov/Bills/194/H3814
194,H3815,J27,2025-09-18 11:00,Favorable,12,0,0,1,https://malegislature.gov/Bills/194/H3815
194,H3816,J27,2025-08-01 13:30,To accompany H3675?,11,0,0,2,https://malegislature.gov/Bills/194/H3816
194,H3817,J27,2025-12-18 12:00,Favorable,12,0,0,1,https://malegislature.gov/Bills/194/H3817
194,H3818,J27,2025-09-18 11:00,Favorable,12,0,0,1,https://malegislature.gov/Bills/194/H3818
194,H3819,J31,2025-10-20 16:00,Ought to pass,10,0,0,1,https://malegislature.gov/Bills/194/H3819
194,H3820,J31,2025-09-19 15:00,Ought to pass,8,1,0,2,https://malegislature.gov/Bills/194/H3820
194,H3821,J31,2025-12-30 16:00,Ought to pass,8,1,0,2,https://malegislature.gov/Bills/194/H3821
194,H3825,J31,2025-12-30 16:00,Ought to pass,8,0,1,2,https://malegislature.gov/Bills/194/H3825
194,H3826,J31,2025-10-20 16:00,Ought to pass,10,0,0,1,https://malegislature.gov/Bills/194/H3826
194,H3827,J31,2026-02-11 20:00,Ought to pass,10,1,0,0,https://malegislature.gov/Bills/194/H3827
194,H3828,J31,2025-12-30 16:00,Ought to pass,7,1,1,2,https://malegislature.gov/Bills/194/H3828
194,H3830,J31,2025-09-19 15:00,Ought to pass,9,0,0,2,https://malegislature.gov/Bills/194/H3830
194,H3831,J31,2025-12-15 16:00,Ought to pass,10,1,0,0,https://malegislature.gov/Bills/194/H3831
194,H3832,J31,2025-12-30 16:00,Ought to pass,8,1,0,2,https://malegislature.gov/Bills/194/H3832
194,H3833,J31,2025-12-15 16:00,Ought to pass,10,0,1,0,https://malegislature.gov/Bills/194/H3833
194,H3835,J31,2025-12-15 16:00,Ought to pass,10,1,0,0,https://malegislature.gov/Bills/194/H3835
194,H3839,J31,2025-12-30 17:00,Ought to pass,7,2,0,2,https://malegislature.gov/Bills/194/H3839
194,H3841,J31,2025-09-19 15:00,Ought to pass,9,0,0,2,https://malegislature.gov/Bills/194/H3841
194,H3847,J31,2025-10-20 16:00,Ought to pass,9,0,0,2,https://malegislature.gov/Bills/194/H3847
194,H3848,J31,2025-12-30 17:00,Ought to pass,8,1,0,2,https://malegislature.gov/Bills/194/H3848
194,H3851,J31,2026-02-11 20:00,Ought to pass,10,1,0,0,https://malegislature.gov/Bills/194/H3851
194,H3854,J31,2025-12-30 17:00,Ought to pass,9,0,0,2,https://malegislature.gov/Bills/194/H3854
194,H3858,J31,2025-10-20 16:00,Ought to pass,8,0,0,3,https://malegislature.gov/Bills/194/H3858
194,H3860,J31,2025-12-15 16:00,Ought to pass,10,1,0,0,https://malegislature.gov/Bills/194/H3860
194,H3863,J31,2025-09-19 15:00,Ought to pass,9,0,0,2,https://malegislature.gov/Bills/194/H3863
194,H3866,J31,2025-10-20 16:00,Ought to pass,8,0,0,3,https://malegislature.gov/Bills/194/H3866
194,H3871,J31,2025-12-30 17:00,Ought to pass,9,0,0,2,https://malegislature.gov/Bills/194/H3871
194,H3872,J31,2025-10-16 12:02,Ought to pass,0,0,0,11,https://malegislature.gov/Bills/194/H3872
194,H3873,J31,2025-12-15 16:00,Ought to pass,9,2,0,0,https://malegislature.gov/Bills/194/H3873
194,H3874,J31,2025-09-19 15:00,Ought to pass,8,1,0,2,https://malegislature.gov/Bills/194/H3874
194,H3880,J31,2025-10-20 16:00,Ought to pass,7,1,0,3,https://malegislature.gov/Bills/194/H3880
194,H3882,J31,2025-09-19 15:00,Ought to pass,8,1,0,2,https://malegislature.gov/Bills/194/H3882
194,H3889,J31,2025-09-19 15:00,Ought to pass,9,0,0,2,https://malegislature.gov/Bills/194/H3889
194,H3892,J25,2025-11-06 17:00,Ought to be sent to a study,10,0,0,1,https://malegislature.gov/Bills/194/H3892
194,H3897,J10,2025-07-02 10:57,Ought to Pass,11,0,0,0,https://malegislature.gov/Bills/194/H3897
194,H3898,J10,2025-07-02 10:57,Ought to Pass,11,0,0,0,https://malegislature.gov/Bills/194/H3898
194,H3899,J10,2025-07-25 12:56,Ought to Pass,11,0,0,0,https://malegislature.gov/Bills/194/H3899
194,H39,J23,2025-12-03 10:44,Joint Committee on Public Service,15,0,1,1,https://malegislature.gov/Bills/194/H39
194,H3901,J23,2025-08-08 16:42,Public Service Matters,10,0,0,1,https://malegislature.gov/Bills/194/H3901
194,H3903,J26,2026-06-25 16:24,Favorable,9,0,1,1,https://malegislature.gov/Bills/194/H3903
194,H3907,J15,2026-02-11 12:15,Poll/Vote,10,0,1,0,https://malegislature.gov/Bills/194/H3907
194,H3909,J28,2026-03-06 12:00,Poll on H.3909,10,0,0,1,https://malegislature.gov/Bills/194/H3909
194,H3910,J28,2025-12-12 16:00,Poll on H.3910,10,1,0,0,https://malegislature.gov/Bills/194/H3910
194,H3911,J10,2025-07-02 10:58,Ought to Pass,11,0,0,0,https://malegislature.gov/Bills/194/H3911
194,H3912,J10,2025-07-02 10:58,Ought to Pass,11,0,0,0,https://malegislature.gov/Bills/194/H3912
194,H3913,J10,2025-07-02 10:59,Ought to Pass,11,0,0,0,https://malegislature.gov/Bills/194/H3913
194,H3914,J23,2025-08-01 16:16,Public Service Matters,7,0,0,4,https://malegislature.gov/Bills/194/H3914
194,H3915,J23,2025-08-08 16:44,Public Service Matters,10,0,0,1,https://malegislature.gov/Bills/194/H3915
194,H3916,J23,2025-08-08 16:46,Public Service Matters,10,0,0,1,https://malegislature.gov/Bills/194/H3916
194,H3921,J28,2026-03-06 12:00,Poll on H.3921,10,0,0,1,https://malegislature.gov/Bills/194/H3921
194,H3924,J23,2026-03-28 15:09,Favorable Report,10,0,0,1,https://malegislature.gov/Bills/194/H3924
194,H3925,J23,2025-12-08 15:57,Favorable report,8,0,0,3,https://malegislature.gov/Bills/194/H3925
194,H3926,J23,2025-12-08 16:45,Favorable Report,8,0,0,3,https://malegislature.gov/Bills/194/H3926
194,H3927,J23,2025-12-08 16:00,Favorable report,8,0,0,3,https://malegislature.gov/Bills/194/H3927
194,H3928,J23,2025-12-08 16:01,Favorable report,8,0,0,3,https://malegislature.gov/Bills/194/H3928
194,H3929,J23,2026-03-18 15:37,Favorable Report,9,0,1,1,https://malegislature.gov/Bills/194/H3929
194,H3931,J26,2026-06-25 16:40,Favorable,9,0,1,1,https://malegislature.gov/Bills/194/H3931
194,H3932,H34,2025-09-16 10:45,H.3932 “An Act relative to certain affordable housing and branch library space in the Dorchester section of the city of Boston” as amended,31,0,0,5,https://malegislature.gov/Bills/194/H3932
194,H3932,J25,2025-08-01 17:00,Ought to pass - by substitution of a New Draft,8,0,0,3,https://malegislature.gov/Bills/194/H3932
194,H3933,H34,2026-07-30 10:45,H.3933 “An Act relative to the Massachusetts Credit Union Share Insurance Corporation” as amended,23,0,7,4,https://malegislature.gov/Bills/194/H3933
194,H3935,J21,2025-12-22 17:33,Should the Committee report the following bill out favorably?,10,0,0,1,https://malegislature.gov/Bills/194/H3935
194,H3937,J11,2026-02-13 12:49,Favorable,9,0,2,0,https://malegislature.gov/Bills/194/H3937
194,H3938,J21,2026-03-16 14:36,Should the Committee report the following bill out favorably?,9,0,2,0,https://malegislature.gov/Bills/194/H3938
194,H3949,J43,2025-10-17 18:00,Labor and Workforce Development ,10,0,1,0,https://malegislature.gov/Bills/194/H3949
194,H3950,J18,2026-01-12 14:00, Shall the bill be reported favorably?,12,0,1,0,https://malegislature.gov/Bills/194/H3950
194,H3952,J10,2025-07-02 10:59,Ought to Pass,11,0,0,0,https://malegislature.gov/Bills/194/H3952
194,H3952,S29,2025-12-19 16:00,Placed in the Orders of the Day,7,0,0,0,https://malegislature.gov/Bills/194/H3952
194,H3953,J10,2025-07-02 11:00,Ought to Pass,11,0,0,0,https://malegislature.gov/Bills/194/H3953
194,H3954,J16,2026-01-29 17:00,Shall this bill be studied?,10,1,0,0,https://malegislature.gov/Bills/194/H3954
194,H3955,J16,2026-01-29 17:00,Shall this bill be studied?,10,0,1,0,https://malegislature.gov/Bills/194/H3955
194,H3956,J16,2026-01-29 17:00,Shall this bill be studied?,10,0,1,0,https://malegislature.gov/Bills/194/H3956
194,H3957,J16,2026-01-29 17:00,Shall this bill be studied?,10,0,1,0,https://malegislature.gov/Bills/194/H3957
194,H3958,J16,2026-01-29 17:00,Shall this bill be studied?,10,0,1,0,https://malegislature.gov/Bills/194/H3958
194,H3959,J16,2025-11-07 15:00,Shall the bill be reported favorably?,11,0,0,0,https://malegislature.gov/Bills/194/H3959
194,H3960,J16,2026-01-29 17:00,Shall this bill be studied?,10,0,1,0,https://malegislature.gov/Bills/194/H3960
194,H3961,J16,2026-01-29 17:00,Shall this bill be studied?,10,1,0,0,https://malegislature.gov/Bills/194/H3961
194,H3963,J23,2025-08-01 16:18,Public Service Matters,7,0,0,4,https://malegislature.gov/Bills/194/H3963
194,H3973,J37,2026-03-17 13:55,Whether the bill ought to pass ,11,0,0,0,https://malegislature.gov/Bills/194/H3973
194,H3976,J27,2025-09-18 11:00,Favorable,12,0,0,1,https://malegislature.gov/Bills/194/H3976
194,H3977,J10,2025-07-02 11:00,Ought to Pass,11,0,0,0,https://malegislature.gov/Bills/194/H3977
194,H3978,J23,2025-08-01 16:20,Public Service Matters,7,0,0,4,https://malegislature.gov/Bills/194/H3978
194,H3983,J12,2025-11-24 12:00,Favorable,13,0,0,0,https://malegislature.gov/Bills/194/H3983
194,H3984,J21,2026-03-16 14:45,Should the Committee report the following bill out favorably?,10,0,1,0,https://malegislature.gov/Bills/194/H3984
194,H3989,J28,2025-12-12 16:00,Poll on H.3989,10,1,0,0,https://malegislature.gov/Bills/194/H3989
194,H3993,J43,2026-01-07 15:00,Do you agree with the Chair's recommendation to give the bill a favorable report?,10,0,0,1,https://malegislature.gov/Bills/194/H3993
194,H3994,J43,2025-12-01 14:00,Do you agree with the Chair's recommendation to study the bill?,8,1,0,2,https://malegislature.gov/Bills/194/H3994
194,H3998,J27,2025-08-21 10:30,Favorable,10,1,1,1,https://malegislature.gov/Bills/194/H3998
194,H3999,J27,2025-08-21 10:30,Favorable,10,1,1,1,https://malegislature.gov/Bills/194/H3999
194,H40,J25,2025-12-03 15:30,Ought to pass,15,0,0,2,https://malegislature.gov/Bills/194/H40
194,H4000,H34,2025-04-16 11:30,"H.1 “An Act making appropriations for the fiscal year 2026 """,19,0,5,12,https://malegislature.gov/Bills/194/H4000
194,H4001,S30,2025-05-06 12:10,Ought to pass with an amendment - New Text,16,0,2,0,https://malegislature.gov/Bills/194/H4001
194,H4005,H34,2025-04-07 10:45,"H.55 “An Act making appropriations for fiscal year 2025 to provide for supplementing certain existing appropriations and for certain other activities and projects” in part, as amended",20,0,7,9,https://malegislature.gov/Bills/194/H4005
194,H4007,J10,2025-11-10 14:00,ought to pass,8,0,0,3,https://malegislature.gov/Bills/194/H4007
194,H4009,J21,2025-07-02 13:34,Should the Committee report the following bill out favorably?,10,1,0,0,https://malegislature.gov/Bills/194/H4009
194,H4009,S29,2025-10-20 10:00,Placed in the Orders of the Day,6,0,1,0,https://malegislature.gov/Bills/194/H4009
194,H4010,S30,2025-05-01 10:30,Ought to pass with an amendment - New Text,16,0,2,0,https://malegislature.gov/Bills/194/H4010
194,H4015,J28,2025-10-31 12:00,Poll on H.4015,11,0,0,0,https://malegislature.gov/Bills/194/H4015
194,H4022,J16,2026-01-29 17:00,Shall this bill be studied?,10,0,1,0,https://malegislature.gov/Bills/194/H4022
194,H4023,J16,2026-01-29 17:00,Shall this bill be studied?,10,0,1,0,https://malegislature.gov/Bills/194/H4023
194,H4024,J16,2026-01-29 17:00,Shall this be studied? ,10,0,1,0,https://malegislature.gov/Bills/194/H4024
194,H4025,J16,2026-01-29 17:00,Shall this bill be studied?,10,0,1,0,https://malegislature.gov/Bills/194/H4025
194,H4030,J10,2025-07-02 11:00,Ought to Pass,11,0,0,0,https://malegislature.gov/Bills/194/H4030
194,H4031,J23,2025-08-08 16:48,Public Service Matters,10,0,0,1,https://malegislature.gov/Bills/194/H4031
194,H4035,J37,2026-03-17 13:57,Whether the bill ought to pass,10,1,0,0,https://malegislature.gov/Bills/194/H4035
194,H4043,J11,2025-09-08 11:00,Study relative to certain pharmacy bills,11,0,0,0,https://malegislature.gov/Bills/194/H4043
194,H4044,J29,2025-10-16 18:00,Should H.4044 be reported favorably to the House?,11,0,0,0,https://malegislature.gov/Bills/194/H4044
194,H4048,J16,2026-01-29 17:00,Shall this bill be studied?,10,0,1,0,https://malegislature.gov/Bills/194/H4048
194,H4054,J27,2025-11-13 10:00,Study,12,0,0,1,https://malegislature.gov/Bills/194/H4054
194,H4056,J10,2025-07-02 11:01,Ought to Pass,11,0,0,0,https://malegislature.gov/Bills/194/H4056
194,H4057,J10,2025-07-02 11:01,Ought to Pass,11,0,0,0,https://malegislature.gov/Bills/194/H4057
194,H4059,J14,2026-02-05 15:55,Should H.4059 be reported favorably to the House? ,11,0,0,0,https://malegislature.gov/Bills/194/H4059
194,H4067,J43,2026-01-07 15:00,Do you agree with the Chair's recommendation to give the bill a favorable report?,10,0,0,1,https://malegislature.gov/Bills/194/H4067
194,H4068,J43,2025-10-17 18:00,Labor and Workforce Development ,10,0,0,1,https://malegislature.gov/Bills/194/H4068
194,H4069,J43,2026-01-07 15:00,Do you agree with the Chair's recommendation to study the bill?,10,0,0,1,https://malegislature.gov/Bills/194/H4069
194,H4070,J16,2026-01-29 17:00,Shall this bill be studied?,10,0,1,0,https://malegislature.gov/Bills/194/H4070
194,H4072,J27,2025-12-03 10:00,Favorable,12,0,0,1,https://malegislature.gov/Bills/194/H4072
194,H4075,J16,2026-01-29 17:00,Shall this bill be studied?,10,0,1,0,https://malegislature.gov/Bills/194/H4075
194,H4076,J16,2026-01-29 17:00,Shall this bill be studied? ,10,0,1,0,https://malegislature.gov/Bills/194/H4076
194,H4077,J16,2026-01-29 17:00,Shall this bill be studied? ,10,0,1,0,https://malegislature.gov/Bills/194/H4077
194,H4078,J16,2026-01-29 17:00,Shall this bill be studied?,10,0,1,0,https://malegislature.gov/Bills/194/H4078
194,H4082,J26,2026-03-13 13:49,Favorable,9,0,2,0,https://malegislature.gov/Bills/194/H4082
194,H4086,J27,2025-12-18 12:00,Study,12,0,0,1,https://malegislature.gov/Bills/194/H4086
194,H4088,J27,2025-09-18 11:00,Favorable,12,0,0,1,https://malegislature.gov/Bills/194/H4088
194,H4090,J15,2025-10-06 11:00,Poll/Vote,10,0,1,0,https://malegislature.gov/Bills/194/H4090
194,H4092,J23,2025-12-08 15:53,Favorable Report,8,0,0,3,https://malegislature.gov/Bills/194/H4092
194,H4093,J23,2026-03-18 15:37,Favorable Report,9,0,1,1,https://malegislature.gov/Bills/194/H4093
194,H4094,J26,2026-01-14 11:41,Favorable,9,0,2,0,https://malegislature.gov/Bills/194/H4094
194,H41,J23,2025-12-03 10:39,Joint Committee on Public Service,15,0,1,1,https://malegislature.gov/Bills/194/H41
194,H4100,H34,2025-05-12 10:45,An Act making appropriations for fiscal year 2025 to provide for supplementing certain existing appropriations and for certain other activities and projects,26,0,0,10,https://malegislature.gov/Bills/194/H4100
194,H4106,J45,2025-11-05 17:00,Shall the bill be reported favorably with changes?,10,0,1,0,https://malegislature.gov/Bills/194/H4106
194,H4109,J21,2025-09-15 13:31,Should the Committee report the following bill out favorably?,11,0,0,0,https://malegislature.gov/Bills/194/H4109
194,H4109,S29,2026-01-27 12:00,Placed in the Orders of the Day,5,0,2,0,https://malegislature.gov/Bills/194/H4109
194,H4118,J16,2026-01-29 17:00,Shall this bill be studied?,10,0,1,0,https://malegislature.gov/Bills/194/H4118
194,H4119,J16,2026-01-29 17:00,Shall this bill be studied?,10,0,1,0,https://malegislature.gov/Bills/194/H4119
194,H4120,J16,2026-01-29 17:00,Shall this bill be studied?,10,0,1,0,https://malegislature.gov/Bills/194/H4120
194,H4121,J16,2026-01-29 17:00,Shall this bill be studied?,10,0,1,0,https://malegislature.gov/Bills/194/H4121
194,H4122,J16,2026-01-29 17:00,Shall this bill be studied?,10,0,1,0,https://malegislature.gov/Bills/194/H4122
194,H4129,J27,2025-12-18 12:00,Study,12,0,0,1,https://malegislature.gov/Bills/194/H4129
194,H4130,J27,2025-12-18 12:00,Study,12,0,0,1,https://malegislature.gov/Bills/194/H4130
194,H4131,J27,2025-12-18 12:00,Study,12,0,0,1,https://malegislature.gov/Bills/194/H4131
194,H4134,J10,2025-07-02 11:01,Ought to Pass,11,0,0,0,https://malegislature.gov/Bills/194/H4134
194,H4135,J10,2025-07-02 11:02,Ought to Pass,11,0,0,0,https://malegislature.gov/Bills/194/H4135
194,H4136,J10,2025-07-02 11:02,Ought to Pass,11,0,0,0,https://malegislature.gov/Bills/194/H4136
194,H4137,J10,2025-07-02 11:02,Ought to Pass,11,0,0,0,https://malegislature.gov/Bills/194/H4137
194,H4138,J10,2025-07-02 11:03,Ought to Pass,11,0,0,0,https://malegislature.gov/Bills/194/H4138
194,H4139,J10,2025-07-02 11:03,Ought to Pass,11,0,0,0,https://malegislature.gov/Bills/194/H4139
194,H4140,J10,2025-07-02 11:03,Ought to Pass,11,0,0,0,https://malegislature.gov/Bills/194/H4140
194,H4142,J23,2025-12-08 15:54,Favorable Report,8,0,0,3,https://malegislature.gov/Bills/194/H4142
194,H4143,J26,2026-01-14 11:42,Favorable,9,0,2,0,https://malegislature.gov/Bills/194/H4143
194,H4146,J10,2025-07-02 11:11,Ought to Pass,11,0,0,0,https://malegislature.gov/Bills/194/H4146
194,H4147,J23,2025-08-30 12:25,Public Service Matters,7,0,0,4,https://malegislature.gov/Bills/194/H4147
194,H4149,J10,2025-07-02 11:11,Ought to Pass,11,0,0,0,https://malegislature.gov/Bills/194/H4149
194,H4150,H34,2025-05-20 10:45,"H.4003 “An Act making appropriations for fiscal year 2025 to provide for supplementing certain existing appropriations and for certain other activities and projects” in part, as amended",26,0,1,9,https://malegislature.gov/Bills/194/H4150
194,H4153,J10,2025-07-02 11:52,Ought to Pass,11,0,0,0,https://malegislature.gov/Bills/194/H4153
194,H4154,J10,2025-07-02 11:18,Ought to Pass,11,0,0,0,https://malegislature.gov/Bills/194/H4154
194,H4156,J10,2025-07-02 11:19,Ought to Pass,11,0,0,0,https://malegislature.gov/Bills/194/H4156
194,H4157,J10,2025-07-02 11:19,Ought to Pass,11,0,0,0,https://malegislature.gov/Bills/194/H4157
194,H4158,J10,2025-07-02 11:19,Ought to Pass,11,0,0,0,https://malegislature.gov/Bills/194/H4158
194,H4160,H34,2025-06-03 10:45,H.4160 “An Act modernizing the commonwealth’s cannabis laws” as amended,23,0,8,5,https://malegislature.gov/Bills/194/H4160
194,H4165,J16,2026-01-29 17:00,Shall this bill be studied?,10,0,1,0,https://malegislature.gov/Bills/194/H4165
194,H4166,J27,2026-03-18 12:00,Study,13,0,0,0,https://malegislature.gov/Bills/194/H4166
194,H4167,J10,2025-07-02 11:20,Ought to Pass,11,0,0,0,https://malegislature.gov/Bills/194/H4167
194,H4168,J10,2025-07-02 11:20,Ought to Pass,11,0,0,0,https://malegislature.gov/Bills/194/H4168
194,H4170,J15,2025-10-06 11:00,Poll/Vote,10,0,1,0,https://malegislature.gov/Bills/194/H4170
194,H4171,J15,2025-10-06 11:00,Poll/Vote,10,0,1,0,https://malegislature.gov/Bills/194/H4171
194,H4173,J10,2025-07-02 11:20,Ought to Pass,11,0,0,0,https://malegislature.gov/Bills/194/H4173
194,H4174,J10,2025-07-02 11:21,Ought to Pass,11,0,0,0,https://malegislature.gov/Bills/194/H4174
194,H4175,J10,2025-07-02 11:21,Ought to Pass,11,0,0,0,https://malegislature.gov/Bills/194/H4175
194,H4176,J10,2025-07-02 11:21,Ought to Pass,11,0,0,0,https://malegislature.gov/Bills/194/H4176
194,H4178,J23,2025-09-23 15:07,Public Service Matters,8,0,0,3,https://malegislature.gov/Bills/194/H4178
194,H4183,H34,2025-11-19 16:25,H.4183“An Act authorizing the Division of Capital Asset Management and Maintenance to grant easements in certain parcels of land to the city of Lowell” as amended,22,0,2,12,https://malegislature.gov/Bills/194/H4183
194,H4183,J25,2025-08-01 17:00,Ought to pass - by substitution of a New Draft,8,0,0,3,https://malegislature.gov/Bills/194/H4183
194,H4186,J28,2026-03-06 12:00,Poll on H.4186,10,0,0,1,https://malegislature.gov/Bills/194/H4186
194,H4193,J26,2026-06-25 16:26,Favorable,9,0,1,1,https://malegislature.gov/Bills/194/H4193
194,H4200,J18,2026-03-18 13:00,Shall the bill be reported favorably?,9,3,0,1,https://malegislature.gov/Bills/194/H4200
194,H4200,J24,2026-07-16 15:00,Favorable Report,10,0,3,0,https://malegislature.gov/Bills/194/H4200
194,H4201,J15,2025-08-13 15:45,Poll/Vote,9,0,2,0,https://malegislature.gov/Bills/194/H4201
194,H4203,J15,2025-10-06 11:00,Poll/Vote,10,0,1,0,https://malegislature.gov/Bills/194/H4203
194,H4204,J15,2025-10-06 11:00,Poll/Vote,10,0,1,0,https://malegislature.gov/Bills/194/H4204
194,H4205,J10,2025-07-02 11:22,Ought to Pass,11,0,0,0,https://malegislature.gov/Bills/194/H4205
194,H4206,S30,2025-11-13 11:30,Ought to pass with an amendment - New Text,16,0,2,0,https://malegislature.gov/Bills/194/H4206
194,H4210,J10,2025-07-25 12:57,Ought to Pass,11,0,0,0,https://malegislature.gov/Bills/194/H4210
194,H4211,J10,2025-07-25 12:59,Ought to Pass,11,0,0,0,https://malegislature.gov/Bills/194/H4211
194,H4212,J10,2025-07-25 12:59,Ought to Pass,11,0,0,0,https://malegislature.gov/Bills/194/H4212
194,H4214,J23,2025-11-14 13:07,Joint Committee on Public Service,9,0,0,2,https://malegislature.gov/Bills/194/H4214
194,H4216,J13,2026-01-15 17:00,Poll on H4216,11,0,0,0,https://malegislature.gov/Bills/194/H4216
194,H4217,J14,2026-02-05 15:00,Should H.4217 be reported favorably to the House? ,11,0,0,0,https://malegislature.gov/Bills/194/H4217
194,H4224,J15,2025-10-06 11:00,Poll/Vote,10,0,1,0,https://malegislature.gov/Bills/194/H4224
194,H4225,J26,2026-01-14 12:01,Favorable,9,0,2,0,https://malegislature.gov/Bills/194/H4225
194,H4231,J10,2025-07-25 12:59,Ought to Pass,11,0,0,0,https://malegislature.gov/Bills/194/H4231
194,H4232,J10,2025-07-25 13:00,Ought to Pass,11,0,0,0,https://malegislature.gov/Bills/194/H4232
194,H4233,J10,2025-07-25 13:00,Ought to Pass,11,0,0,0,https://malegislature.gov/Bills/194/H4233
194,H4234,J23,2025-10-14 11:21,Joint Committee on Public Service ,9,0,0,2,https://malegislature.gov/Bills/194/H4234
194,H4235,J23,2025-12-08 16:11,Favorable Report,8,0,0,3,https://malegislature.gov/Bills/194/H4235
194,H4237,H34,2025-06-30 10:45,H.4237 “An Act making certain appropriations for fiscal year 2026 before final action on the General Appropriation Bill” ,26,0,0,10,https://malegislature.gov/Bills/194/H4237
194,H4238,J12,2026-03-16 10:00,Favorable,12,0,0,1,https://malegislature.gov/Bills/194/H4238
194,H4242,J15,2025-11-14 17:30,Poll/Vote,10,0,1,0,https://malegislature.gov/Bills/194/H4242
194,H4243,J10,2025-07-25 13:00,Ought to Pass,11,0,0,0,https://malegislature.gov/Bills/194/H4243
194,H4244,J10,2025-07-25 13:01,Ought to Pass,11,0,0,0,https://malegislature.gov/Bills/194/H4244
194,H4245,J10,2025-07-25 13:01,Ought to Pass,11,0,0,0,https://malegislature.gov/Bills/194/H4245
194,H4246,J23,2025-12-08 15:56,Favorable Report,8,0,0,3,https://malegislature.gov/Bills/194/H4246
194,H4247,J27,2025-11-13 10:00,Favorable,11,0,1,1,https://malegislature.gov/Bills/194/H4247
194,H4252,J10,2025-07-31 13:28,Ought to Pass,11,0,0,0,https://malegislature.gov/Bills/194/H4252
194,H4253,J10,2025-07-31 13:29,Ought to Pass,11,0,0,0,https://malegislature.gov/Bills/194/H4253
194,H4254,J23,2025-12-08 15:58,Favorable Report,8,0,0,3,https://malegislature.gov/Bills/194/H4254
194,H4255,J23,2025-12-08 16:00,Favorable Report,8,0,0,3,https://malegislature.gov/Bills/194/H4255
194,H4256,J23,2025-12-08 16:02,Favorable report,8,0,0,3,https://malegislature.gov/Bills/194/H4256
194,H4257,H34,2025-07-23 10:45,H.4257 “An Act financing long-term improvements to municipal roads and bridges” as amended,32,0,0,4,https://malegislature.gov/Bills/194/H4257
194,H4259,J21,2025-10-24 13:54,Should the Committee report the following bill out favorably?,8,1,0,2,https://malegislature.gov/Bills/194/H4259
194,H4259,S29,2026-04-08 12:00,Placed in the Orders of the Day,7,0,0,0,https://malegislature.gov/Bills/194/H4259
194,H4260,J24,2026-07-16 15:00,Favorable Report,13,0,0,0,https://malegislature.gov/Bills/194/H4260
194,H4267,J23,2026-02-05 15:44,Favorable Report,9,0,0,2,https://malegislature.gov/Bills/194/H4267
194,H4269,J26,2026-01-14 12:16,Favorable,9,0,2,0,https://malegislature.gov/Bills/194/H4269
194,H4288,J28,2026-03-06 12:00,Poll on H.4288,10,0,0,1,https://malegislature.gov/Bills/194/H4288
194,H4289,J28,2025-12-12 16:00,Poll on H.4289,11,0,0,0,https://malegislature.gov/Bills/194/H4289
194,H4290,J28,2026-03-06 12:00,Poll on H.4290,10,0,0,1,https://malegislature.gov/Bills/194/H4290
194,H4292,J10,2025-07-31 13:30,Ought to Pass,11,0,0,0,https://malegislature.gov/Bills/194/H4292
194,H4293,J10,2025-07-31 13:30,Ought to Pass,11,0,0,0,https://malegislature.gov/Bills/194/H4293
194,H4296,H34,2025-11-18 10:45,H.4296 “An Act authorizing the Division of Capital Asset Management and Maintenance to dispose of certain parcels of land in the city of Brockton” as amended,31,0,1,4,https://malegislature.gov/Bills/194/H4296
194,H4297,J14,2025-12-12 15:30,Should H.4297 be reported favorably to the House? ,11,0,0,0,https://malegislature.gov/Bills/194/H4297
194,H4298,J16,2025-11-07 15:00,Shall the bill be reported favorably?,11,0,0,0,https://malegislature.gov/Bills/194/H4298
194,H4298,J24,2026-04-11 15:36,H4298 Favorable Report,13,0,0,0,https://malegislature.gov/Bills/194/H4298
194,H43,J27,2025-12-03 15:00,Favorable,18,0,0,2,https://malegislature.gov/Bills/194/H43
194,H4300,J26,2026-06-25 16:27,Favorable,9,0,1,1,https://malegislature.gov/Bills/194/H4300
194,H4302,H34,2026-07-28 10:45,H.4302 “An Act to improve care and prepare for the new era of Alzheimer’s and dementia” as amended,32,0,0,2,https://malegislature.gov/Bills/194/H4302
194,H4302,J24,2025-11-21 16:29,H4302 reported favorably,13,0,0,0,https://malegislature.gov/Bills/194/H4302
194,H4306,H34,2025-11-04 10:45,H.4306“An Act to improve Massachusetts home care” as amended,26,0,1,9,https://malegislature.gov/Bills/194/H4306
194,H4309,J15,2026-02-11 12:15,Poll/Vote,10,0,1,0,https://malegislature.gov/Bills/194/H4309
194,H4311,J28,2025-12-12 16:00,Poll on H.4311,11,0,0,0,https://malegislature.gov/Bills/194/H4311
194,H4312,J10,2025-08-25 14:00,Ought to pass,10,0,0,1,https://malegislature.gov/Bills/194/H4312
194,H4313,J10,2025-08-25 14:00,Ought to pass,10,0,0,1,https://malegislature.gov/Bills/194/H4313
194,H4314,J10,2025-08-25 14:00,Ought to pass,10,0,0,1,https://malegislature.gov/Bills/194/H4314
194,H4317,J23,2025-12-12 12:56,Favorable Report,8,0,0,3,https://malegislature.gov/Bills/194/H4317
194,H4318,J28,2026-03-06 12:00,Poll on H.4318,10,0,0,1,https://malegislature.gov/Bills/194/H4318
194,H4321,J10,2025-08-25 14:00,Ought to pass,10,0,0,1,https://malegislature.gov/Bills/194/H4321
194,H4321,S29,2026-07-15 16:00,Placed in the Orders of the Day,7,0,0,0,https://malegislature.gov/Bills/194/H4321
194,H4326,J27,2025-12-18 12:00,Favorable,12,0,0,1,https://malegislature.gov/Bills/194/H4326
194,H4329,J19,2025-07-21 12:44,"H1692 ""An Act improving medical decision making"" as redrafted",11,0,0,0,https://malegislature.gov/Bills/194/H4329
194,H4329,J24,2025-11-21 16:30,H4329 reported favorably,13,0,0,0,https://malegislature.gov/Bills/194/H4329
194,H4332,J11,2025-07-25 17:00,Report as Redrafted,11,0,0,0,https://malegislature.gov/Bills/194/H4332
194,H4333,J11,2025-07-25 17:00,Report as Redrafted,11,0,0,0,https://malegislature.gov/Bills/194/H4333
194,H4334,J11,2025-07-25 17:00,Report as Redrafted,11,0,0,0,https://malegislature.gov/Bills/194/H4334
194,H4334,J24,2026-07-16 15:00,Favorable Report,13,0,0,0,https://malegislature.gov/Bills/194/H4334
194,H4335,J11,2025-07-25 17:00,Report as Redrafted,11,0,0,0,https://malegislature.gov/Bills/194/H4335
194,H4335,J24,2026-07-16 15:00,Favorable Report,13,0,0,0,https://malegislature.gov/Bills/194/H4335
194,H4336,J11,2025-07-25 17:00,Report as Redrafted,11,0,0,0,https://malegislature.gov/Bills/194/H4336
194,H4336,J24,2026-04-09 13:45,Favorable Report,13,0,0,0,https://malegislature.gov/Bills/194/H4336
194,H4337,J11,2025-07-25 17:00,Report as Redrafted,11,0,0,0,https://malegislature.gov/Bills/194/H4337
194,H4337,J24,2025-11-21 16:31,H4337 reported favorably,13,0,0,0,https://malegislature.gov/Bills/194/H4337
194,H4338,J11,2025-07-25 17:00,Report as Redrafted,11,0,0,0,https://malegislature.gov/Bills/194/H4338
194,H4338,J24,2026-07-16 15:00,Favorable Report,13,0,0,0,https://malegislature.gov/Bills/194/H4338
194,H4339,J11,2025-07-25 17:00,Report as Redrafted,11,0,0,0,https://malegislature.gov/Bills/194/H4339
194,H4339,J24,2025-11-21 16:34,H4339 reported favorably,13,0,0,0,https://malegislature.gov/Bills/194/H4339
194,H4340,J11,2025-07-25 17:00,Report as Redrafted,11,0,0,0,https://malegislature.gov/Bills/194/H4340
194,H4340,J24,2026-07-16 15:00,Favorable Report,13,0,0,0,https://malegislature.gov/Bills/194/H4340
194,H4341,J11,2025-07-25 17:00,Report as Redrafted,11,0,0,0,https://malegislature.gov/Bills/194/H4341
194,H4342,J11,2025-07-25 17:00,Report as Redrafted,11,0,0,0,https://malegislature.gov/Bills/194/H4342
194,H4343,J11,2025-07-25 17:00,Report as Redrafted,11,0,0,0,https://malegislature.gov/Bills/194/H4343
194,H4343,J24,2025-11-21 16:35,H4343 reported favorably,13,0,0,0,https://malegislature.gov/Bills/194/H4343
194,H4344,J11,2025-07-25 17:00,Report as Redrafted,11,0,0,0,https://malegislature.gov/Bills/194/H4344
194,H4344,J24,2025-11-21 16:36,H4344 reported favorably,13,0,0,0,https://malegislature.gov/Bills/194/H4344
194,H4345,J11,2025-07-25 17:00,Report as Redrafted,11,0,0,0,https://malegislature.gov/Bills/194/H4345
194,H4345,J24,2026-04-09 13:29,Favorable Report,13,0,0,0,https://malegislature.gov/Bills/194/H4345
194,H4346,J11,2025-07-25 17:00,Report as Redrafted,11,0,0,0,https://malegislature.gov/Bills/194/H4346
194,H4347,J10,2025-08-25 14:00,Ought to pass,10,0,0,1,https://malegislature.gov/Bills/194/H4347
194,H4348,J10,2025-08-25 14:00,Ought to pass,10,0,0,1,https://malegislature.gov/Bills/194/H4348
194,H4349,J23,2025-12-08 15:58,Favorable report,8,0,0,3,https://malegislature.gov/Bills/194/H4349
194,H4350,J26,2026-06-25 16:28,Favorable,9,0,1,1,https://malegislature.gov/Bills/194/H4350
194,H4351,J25,2025-12-02 17:00,Ought to pass,10,0,0,1,https://malegislature.gov/Bills/194/H4351
194,H4361,S30,2026-06-03 12:00,Ought to pass with an amendment - New Text,17,0,0,1,https://malegislature.gov/Bills/194/H4361
194,H4362,S30,2025-11-13 11:30,Ought to pass with an amendment - New Text,16,0,2,0,https://malegislature.gov/Bills/194/H4362
194,H4363,S30,2025-11-13 11:30,Ought to pass with an amendment - New Text,16,0,2,0,https://malegislature.gov/Bills/194/H4363
194,H4366,J14,2025-07-23 17:00,   Should H.533 be reported favorably as redrafted to the House? ,10,0,0,1,https://malegislature.gov/Bills/194/H4366
194,H4367,H34,2026-05-19 10:45,H.4367 “An Act relative to newborn screenings for congenital cytomegalovirus” as amended,31,0,0,3,https://malegislature.gov/Bills/194/H4367
194,H4367,J16,2025-12-09 14:00,Shall the bill be reported favorably?,11,0,0,0,https://malegislature.gov/Bills/194/H4367
194,H4368,H34,2026-03-24 10:45,H.4368 “An Act authorizing the division of capital asset management and maintenance to release a certain sewer line easement in the West Roxbury section of the city of Boston” as amended,31,0,1,2,https://malegislature.gov/Bills/194/H4368
194,H4368,J25,2025-11-06 17:00,Ought to pass,10,0,0,1,https://malegislature.gov/Bills/194/H4368
194,H4374,J27,2025-12-18 12:00,Favorable,12,0,0,1,https://malegislature.gov/Bills/194/H4374
194,H4378,J28,2025-12-12 16:00,Poll on H.4378,11,0,0,0,https://malegislature.gov/Bills/194/H4378
194,H4379,J10,2025-09-12 14:00,ought to pass,10,0,0,1,https://malegislature.gov/Bills/194/H4379
194,H4380,J10,2025-09-12 14:00,ought to pass,10,0,0,1,https://malegislature.gov/Bills/194/H4380
194,H4381,J10,2025-09-12 14:00,ought to pass,10,0,0,1,https://malegislature.gov/Bills/194/H4381
194,H4383,J10,2025-11-25 14:00,"Ought to pass, with substitution of new draft",11,0,0,0,https://malegislature.gov/Bills/194/H4383
194,H4384,J10,2025-11-25 14:00,"Ought to pass, with substitution of new draft",11,0,0,0,https://malegislature.gov/Bills/194/H4384
194,H4385,J10,2025-11-25 14:00,"Ought to pass, with substitution of new draft",11,0,0,0,https://malegislature.gov/Bills/194/H4385
194,H4386,J10,2025-11-25 14:00,"Ought to pass, with substitution of new draft",11,0,0,0,https://malegislature.gov/Bills/194/H4386
194,H4388,J23,2025-12-08 15:56,Favorable report,8,0,0,3,https://malegislature.gov/Bills/194/H4388
194,H4389,J23,2025-12-08 15:54,Favorable report,8,0,0,3,https://malegislature.gov/Bills/194/H4389
194,H4390,J23,2025-12-08 15:53,Favorable report,8,0,0,3,https://malegislature.gov/Bills/194/H4390
194,H4391,J23,2025-12-08 15:53,Favorable report,8,0,0,3,https://malegislature.gov/Bills/194/H4391
194,H4392,J10,2025-08-01 14:00,Ought to pass – by substitution of a New Draft,6,0,0,0,https://malegislature.gov/Bills/194/H4392
194,H4392,J10,2025-08-01 14:00,"Ought to pass, with substitution of new draft",11,0,0,0,https://malegislature.gov/Bills/194/H4392
194,H4394,J19,2025-08-02 13:14,H1631 - An Act relative to kratom sales in the Commonwealth,11,0,0,0,https://malegislature.gov/Bills/194/H4394
194,H4395,J19,2025-08-02 13:20,H1823 - An Act increasing penalties for hit and runs with recreational vehicles in the Commonwealth to be known as the James Ward Act,11,0,0,0,https://malegislature.gov/Bills/194/H4395
194,H4396,J19,2025-08-02 13:29,H1849 - An Act relative to archaic laws,11,0,0,0,https://malegislature.gov/Bills/194/H4396
194,H4397,J19,2025-08-04 11:58,H1953 - An Act relative to civil asset forfeiture,11,0,0,0,https://malegislature.gov/Bills/194/H4397
194,H4399,J10,2025-09-12 14:00,ought to pass,10,0,0,1,https://malegislature.gov/Bills/194/H4399
194,H4400,J10,2025-09-12 14:00,ought to pass,10,0,0,1,https://malegislature.gov/Bills/194/H4400
194,H4401,J10,2025-09-12 14:00,ought to pass,10,0,0,1,https://malegislature.gov/Bills/194/H4401
194,H4404,J14,2025-08-01 17:00,Should H.564 be reported favorably as redrafted to the House? ,10,0,0,1,https://malegislature.gov/Bills/194/H4404
194,H4405,J14,2025-08-01 17:00,Should H.633 be reported favorably as redrafted to the House? ,10,0,0,1,https://malegislature.gov/Bills/194/H4405
194,H4406,J29,2025-08-03 16:24,Should the new draft be favorably reported to the House?,9,0,1,1,https://malegislature.gov/Bills/194/H4406
194,H4407,J29,2025-08-03 16:25,Should the new draft be favorably reported to the House?,10,0,0,1,https://malegislature.gov/Bills/194/H4407
194,H4408,J29,2025-08-03 16:21,Should the new draft be favorably reported to the House?,10,0,0,1,https://malegislature.gov/Bills/194/H4408
194,H4409,J29,2025-08-03 16:16,Should the new draft be favorably reported to the House? ,10,0,0,1,https://malegislature.gov/Bills/194/H4409
194,H4410,J28,2026-07-31 12:00,Poll to report H.4410 to a Study Order,9,1,1,0,https://malegislature.gov/Bills/194/H4410
194,H4411,J28,2026-07-31 12:00,Poll to report H.4411 to a Study Order,7,1,1,2,https://malegislature.gov/Bills/194/H4411
194,H4413,H34,2025-10-14 10:45,H4413 “An Act providing for the terms of certain bonds to be issued by the Commonwealth,32,0,1,3,https://malegislature.gov/Bills/194/H4413
194,H4413,J32,2025-09-05 12:00,On  H4413 - An Act providing for the terms of certain bonds to be issued by the Commonwealth,18,0,0,2,https://malegislature.gov/Bills/194/H4413
194,H4414,J10,2025-09-12 14:00,ought to pass,9,0,0,2,https://malegislature.gov/Bills/194/H4414
194,H4415,H34,2026-05-19 10:45,H.4415 “An Act relative to certain affordable housing and cultural space in the Brighton section of the city of Boston” as amended,30,0,0,4,https://malegislature.gov/Bills/194/H4415
194,H4415,J25,2025-11-06 17:00,Ought to pass,10,0,0,1,https://malegislature.gov/Bills/194/H4415
194,H4416,H34,2025-10-21 10:45,H.4416 “An Act enhancing child welfare protections” as amended,24,0,8,4,https://malegislature.gov/Bills/194/H4416
194,H4416,J13,2025-08-04 17:00,"Poll on H262 (As redrafted, see attachment in email. Accompanied by H227)",11,0,0,0,https://malegislature.gov/Bills/194/H4416
194,H4417,J13,2025-08-04 17:00,"Poll on H247 (As redrafted, see attachment in email)",10,0,1,0,https://malegislature.gov/Bills/194/H4417
194,H4418,J45,2025-08-07 14:00,Shall the bill be reported favorably accompanying a redraft?,10,0,1,0,https://malegislature.gov/Bills/194/H4418
194,H4419,J45,2025-08-07 14:00,Shall the resolve be reported favorably accompanying a redraft?,10,0,1,0,https://malegislature.gov/Bills/194/H4419
194,H4420,J45,2025-08-07 14:00,Shall the bill be reported favorably accompanying a redraft?,10,0,1,0,https://malegislature.gov/Bills/194/H4420
194,H4421,J45,2025-08-07 14:00,Shall the bill be reported favorably accompanying a redraft?,10,0,1,0,https://malegislature.gov/Bills/194/H4421
194,H4422,J45,2025-08-07 14:00,Shall the bill be reported favorably accompanying a redraft?,10,0,1,0,https://malegislature.gov/Bills/194/H4422
194,H4423,J45,2025-08-07 14:00,Shall the bill be reported favorably accompanying a redraft?,10,0,1,0,https://malegislature.gov/Bills/194/H4423
194,H4424,J45,2025-08-07 14:00,Shall the bill be reported favorably accompanying a redraft?,10,0,1,0,https://malegislature.gov/Bills/194/H4424
194,H4425,J24,2026-07-16 15:00,Favorable Report,13,0,0,0,https://malegislature.gov/Bills/194/H4425
194,H4428,J27,2025-12-03 10:00,"Favorable with changes: replaces figure ""115"" with ""135"" in line 11",12,0,0,1,https://malegislature.gov/Bills/194/H4428
194,H4430,J45,2025-12-04 17:00,Shall the bill accompany H112?,10,0,1,0,https://malegislature.gov/Bills/194/H4430
194,H4431,J12,2026-03-16 10:00,Study,11,0,1,1,https://malegislature.gov/Bills/194/H4431
194,H4432,J24,2026-07-16 15:00,Favorable Report,13,0,0,0,https://malegislature.gov/Bills/194/H4432
194,H4432,J46,2025-08-08 12:00,August Poll,9,0,1,1,https://malegislature.gov/Bills/194/H4432
194,H4434,J15,2026-02-11 12:15,Poll/Vote?,10,0,1,0,https://malegislature.gov/Bills/194/H4434
194,H4435,J26,2026-03-06 17:26,Favorable,9,0,1,1,https://malegislature.gov/Bills/194/H4435
194,H4437,J45,2025-11-05 17:00,Shall the bill be reported favorably?,10,0,1,0,https://malegislature.gov/Bills/194/H4437
194,H4438,J10,2025-09-12 14:00,ought to pass,9,0,0,2,https://malegislature.gov/Bills/194/H4438
194,H4439,J10,2025-09-12 14:00,ought to pass,9,0,0,2,https://malegislature.gov/Bills/194/H4439
194,H4440,H34,2026-06-09 10:45,H.4440 “An Act authorizing the town of Billerica to transfer control of certain land of the town situated in the town of Billerica for recreational purposes for the purposes of constructing the Yankee,31,0,0,3,https://malegislature.gov/Bills/194/H4440
194,H4440,J10,2025-09-12 14:00,ought to pass,9,0,0,2,https://malegislature.gov/Bills/194/H4440
194,H4441,J10,2025-09-12 14:00,ought to pass as amended,9,0,0,2,https://malegislature.gov/Bills/194/H4441
194,H4442,J23,2025-12-08 15:49,favorable report,8,0,0,3,https://malegislature.gov/Bills/194/H4442
194,H4444,J26,2026-03-06 17:28,Favorable,9,0,1,1,https://malegislature.gov/Bills/194/H4444
194,H4448,J43,2025-08-11 10:43,Labor and Workforce Development ,10,0,0,1,https://malegislature.gov/Bills/194/H4448
194,H4449,J43,2025-08-11 10:51,Labor and Workforce Development ,10,0,0,1,https://malegislature.gov/Bills/194/H4449
194,H4450,J43,2025-08-11 11:09,Labor and Workforce Development ,10,0,0,1,https://malegislature.gov/Bills/194/H4450
194,H4451,J43,2025-08-11 11:19,Labor and Workforce Development ,10,0,0,1,https://malegislature.gov/Bills/194/H4451
194,H4460,J47,2025-08-22 17:00,Poll?,8,1,0,2,https://malegislature.gov/Bills/194/H4460
194,H4463,J29,2025-09-01 16:31,Should the new draft be favorably reported to the House?,11,0,0,0,https://malegislature.gov/Bills/194/H4463
194,H4464,J19,2025-08-29 11:09,"H1630, An Act relative to the examination of evidence rooms and evidentiary procedures",10,0,0,1,https://malegislature.gov/Bills/194/H4464
194,H4465,J19,2025-08-29 11:10,"H1636, An Act relative to clarity and consistency for the Justice Reinvestment Oversight Board",10,0,0,1,https://malegislature.gov/Bills/194/H4465
194,H4466,J19,2025-08-29 11:11,"H1640, An Act to modernize the roles and responsibilities of the victim and witness assistance board",10,0,0,1,https://malegislature.gov/Bills/194/H4466
194,H4467,J19,2025-08-29 11:12,"H1642, An Act concerning the arrest without a warrant of persons on probation and temporary custody",10,0,0,1,https://malegislature.gov/Bills/194/H4467
194,H4468,J19,2025-08-29 11:14,"H1740, An Act to simplify the administrative aspect of evidentiary use of medical information",10,0,0,1,https://malegislature.gov/Bills/194/H4468
194,H4469,J19,2025-08-29 11:15,"H1771, An Act regarding probation violations",10,0,0,1,https://malegislature.gov/Bills/194/H4469
194,H4470,J19,2025-08-29 11:16,"H2030, An Act to implement recommendations of the Commission on structural racism in the parole process",10,0,0,1,https://malegislature.gov/Bills/194/H4470
194,H4476,J23,2026-01-09 15:14,Favorable Report,10,0,0,1,https://malegislature.gov/Bills/194/H4476
194,H4477,J23,2026-01-09 15:15,Favorable Report,10,0,0,1,https://malegislature.gov/Bills/194/H4477
194,H4482,J10,2025-10-02 14:00,ought to pass,11,0,0,0,https://malegislature.gov/Bills/194/H4482
194,H4483,H34,2026-07-28 10:45,H.4483 “An Act authorizing the release or exclusion of certain land from conservation restrictions in the town of Deerfield” as amended,32,0,0,2,https://malegislature.gov/Bills/194/H4483
194,H4483,J25,2025-11-26 12:00,Ought to pass,9,0,0,2,https://malegislature.gov/Bills/194/H4483
194,H4487,J13,2025-09-08 12:00,Poll on H232,11,0,0,0,https://malegislature.gov/Bills/194/H4487
194,H4488,J11,2025-09-08 14:13,Report as Redrafted,11,0,0,0,https://malegislature.gov/Bills/194/H4488
194,H4489,J11,2025-09-08 13:39,Favorable as redrafted report on pharmacy,11,0,0,0,https://malegislature.gov/Bills/194/H4489
194,H4490,J11,2025-09-08 13:45,Favorable as redrafted,11,0,0,0,https://malegislature.gov/Bills/194/H4490
194,H4491,J11,2025-09-08 13:48,Favorable as redrafted,11,0,0,0,https://malegislature.gov/Bills/194/H4491
194,H4491,J24,2025-11-21 16:39,H4491 reported favorably,13,0,0,0,https://malegislature.gov/Bills/194/H4491
194,H4492,J11,2025-09-08 13:52,Favorable as redrafted,11,0,0,0,https://malegislature.gov/Bills/194/H4492
194,H4493,J11,2025-09-08 13:55,Favorable as redrafted,11,0,0,0,https://malegislature.gov/Bills/194/H4493
194,H4493,J24,2026-07-16 15:00,Favorable Report,13,0,0,0,https://malegislature.gov/Bills/194/H4493
194,H4494,J11,2025-09-08 13:58,Report as Redrafted,11,0,0,0,https://malegislature.gov/Bills/194/H4494
194,H4495,J11,2025-09-08 14:03,Report as Redrafted,11,0,0,0,https://malegislature.gov/Bills/194/H4495
194,H4496,J11,2025-09-08 14:06,Report as Redrafted,11,0,0,0,https://malegislature.gov/Bills/194/H4496
194,H4497,J11,2025-09-08 14:09,Report as Redrafted,11,0,0,0,https://malegislature.gov/Bills/194/H4497
194,H4498,J15,2026-02-11 12:15,Poll/Vote,10,0,1,0,https://malegislature.gov/Bills/194/H4498
194,H45,J23,2025-12-02 09:53,Joint Committee on Public Service,15,0,1,1,https://malegislature.gov/Bills/194/H45
194,H4501,J10,2025-10-02 14:00,ought to pass as changed,11,0,0,0,https://malegislature.gov/Bills/194/H4501
194,H4502,J10,2025-10-02 14:00,ought to pass,11,0,0,0,https://malegislature.gov/Bills/194/H4502
194,H4503,J10,2025-10-02 14:00,ought to pass,11,0,0,0,https://malegislature.gov/Bills/194/H4503
194,H4504,J10,2025-10-02 14:00,ought to pass,11,0,0,0,https://malegislature.gov/Bills/194/H4504
194,H4505,J10,2025-10-02 14:00,ought to pass,11,0,0,0,https://malegislature.gov/Bills/194/H4505
194,H4506,J23,2026-01-09 15:16,Favorable Report,10,0,0,1,https://malegislature.gov/Bills/194/H4506
194,H4507,J23,2026-01-09 15:20,Favorable Report,10,0,0,1,https://malegislature.gov/Bills/194/H4507
194,H4508,J23,2025-12-18 12:40,Favorable Report,7,0,0,4,https://malegislature.gov/Bills/194/H4508
194,H4509,J23,2026-01-09 15:42,Favorable Report,10,0,0,1,https://malegislature.gov/Bills/194/H4509
194,H4510,J10,2025-10-02 14:00,ought to pass,11,0,0,0,https://malegislature.gov/Bills/194/H4510
194,H4512,J21,2025-12-22 17:35,Should the Committee report the following bill out favorably?,10,0,0,1,https://malegislature.gov/Bills/194/H4512
194,H4515,J19,2025-09-08 15:20,"H1695, An Act promoting diversion of juveniles to community supervision and services",8,1,0,2,https://malegislature.gov/Bills/194/H4515
194,H4522,J15,2026-02-11 12:15,Poll/Vote,10,0,1,0,https://malegislature.gov/Bills/194/H4522
194,H4523,H34,2026-07-31 18:10,"H.4523 “An Act authorizing the town of Nantucket conservation commission to convey a certain parcel of land situated in the town for purposes of conveyance to the town of Nantucket"" as amended ",23,0,0,11,https://malegislature.gov/Bills/194/H4523
194,H4523,J10,2025-10-02 14:00,ought to pass,11,0,0,0,https://malegislature.gov/Bills/194/H4523
194,H4524,J10,2025-10-02 14:00,ought to pass,11,0,0,0,https://malegislature.gov/Bills/194/H4524
194,H4525,J23,2026-01-09 15:22,Favorable Report,10,0,0,1,https://malegislature.gov/Bills/194/H4525
194,H4526,J26,2026-03-06 17:29,Favorable,9,0,1,1,https://malegislature.gov/Bills/194/H4526
194,H4530,H34,2025-09-16 10:45,"H.4429 “An Act making appropriations for fiscal year 2025 to provide for supplementing certain existing appropriations and for certain other activities and projects” in part, as amended",31,0,0,5,https://malegislature.gov/Bills/194/H4530
194,H4531,H34,2025-09-16 10:45,"H.4429 “An Act making appropriations for fiscal year 2025 to provide for supplementing certain existing appropriations and for certain other activities and projects” in part, as amended",30,0,0,6,https://malegislature.gov/Bills/194/H4531
194,H4533,J50,2025-09-12 16:00,Poll/Vote?,11,0,0,0,https://malegislature.gov/Bills/194/H4533
194,H4534,J50,2025-09-12 16:00,Poll/Vote?,11,0,0,0,https://malegislature.gov/Bills/194/H4534
194,H4536,J19,2025-09-15 14:24,H1987 - An Act to establish a DNA exception rule for victims of rape,10,0,0,1,https://malegislature.gov/Bills/194/H4536
194,H4537,J19,2025-09-15 14:22,H1921 - An Act relative to sexual harassment,10,0,0,1,https://malegislature.gov/Bills/194/H4537
194,H4538,J19,2025-09-15 14:19,H1734 - An Act relative to preventing educator sexual misconduct and abuse of children and youth,10,0,0,1,https://malegislature.gov/Bills/194/H4538
194,H4539,J19,2025-09-15 14:22,H1833 - An Act enhancing remedies for survivors of childhood sexual abuse,10,0,0,1,https://malegislature.gov/Bills/194/H4539
194,H4544,J29,2026-01-14 16:42,Should H.4544 be reported favorable to the House?,11,0,0,0,https://malegislature.gov/Bills/194/H4544
194,H4545,J43,2026-02-25 15:00,Do you agree with the Chair's recommendation to give the bill a favorable report?,10,0,0,1,https://malegislature.gov/Bills/194/H4545
194,H4546,J27,2025-09-18 11:00,Redraft,12,0,0,1,https://malegislature.gov/Bills/194/H4546
194,H4547,J26,2026-03-06 17:31,Favorable,9,0,1,1,https://malegislature.gov/Bills/194/H4547
194,H4548,J11,2025-09-19 11:24,Report favorably as redrafted,11,0,0,0,https://malegislature.gov/Bills/194/H4548
194,H4549,H34,2026-07-30 10:45,H.4549 “An Act to improve outcomes for persons with limb loss and limb difference” as amended,30,0,0,4,https://malegislature.gov/Bills/194/H4549
194,H4549,J11,2025-09-19 11:30,Favorable as redrafted,11,0,0,0,https://malegislature.gov/Bills/194/H4549
194,H4549,J24,2025-11-21 16:40,H4549 reported favorably,13,0,0,0,https://malegislature.gov/Bills/194/H4549
194,H4550,J11,2025-09-19 11:32,Report as Redrafted,11,0,0,0,https://malegislature.gov/Bills/194/H4550
194,H4550,J24,2025-11-21 16:42,H4550 reported favorably,13,0,0,0,https://malegislature.gov/Bills/194/H4550
194,H4551,J11,2025-09-19 11:35,Report as Redrafted,11,0,0,0,https://malegislature.gov/Bills/194/H4551
194,H4551,J24,2025-11-21 16:43,H4551 reported favorably,13,0,0,0,https://malegislature.gov/Bills/194/H4551
194,H4552,J11,2025-09-19 11:45,Report as Redrafted,11,0,0,0,https://malegislature.gov/Bills/194/H4552
194,H4552,J24,2026-07-16 15:00,Favorable Report,13,0,0,0,https://malegislature.gov/Bills/194/H4552
194,H4553,J11,2025-09-19 11:48,Report as Redrafted,11,0,0,0,https://malegislature.gov/Bills/194/H4553
194,H4553,J24,2026-04-09 13:52,H4553 Favorable Report,13,0,0,0,https://malegislature.gov/Bills/194/H4553
194,H4554,J11,2025-09-19 11:50,Report as Redrafted,11,0,0,0,https://malegislature.gov/Bills/194/H4554
194,H4554,J24,2026-04-11 15:28,H4554 Favorable Report,13,0,0,0,https://malegislature.gov/Bills/194/H4554
194,H4555,J11,2025-09-19 11:53,Report as Redrafted,11,0,0,0,https://malegislature.gov/Bills/194/H4555
194,H4555,J24,2026-04-11 15:26,Attach to H4554 Favorable Report,13,0,0,0,https://malegislature.gov/Bills/194/H4555
194,H4557,J46,2025-09-22 12:00,September Poll,10,0,1,0,https://malegislature.gov/Bills/194/H4557
194,H4558,J46,2025-09-22 12:00,September Poll,10,0,1,0,https://malegislature.gov/Bills/194/H4558
194,H4559,J46,2025-09-22 12:00,September Poll,10,0,1,0,https://malegislature.gov/Bills/194/H4559
194,H4562,J14,2025-09-19 16:45,Should H.539 be reported favorably as redrafted to the House?,10,0,0,1,https://malegislature.gov/Bills/194/H4562
194,H4563,J14,2025-09-19 16:55,Should H.672 be reported favorably as redrafted to the House?,10,0,0,1,https://malegislature.gov/Bills/194/H4563
194,H4564,J25,2025-09-23 17:00,Ought to pass -- by substitution of a new draft,7,0,0,4,https://malegislature.gov/Bills/194/H4564
194,H4566,J27,2025-12-18 12:00,Favorable,12,0,0,1,https://malegislature.gov/Bills/194/H4566
194,H4568,J28,2025-12-12 16:00,Poll on H.4568,11,0,0,0,https://malegislature.gov/Bills/194/H4568
194,H4572,J23,2026-01-09 15:25,Favorable Report,10,0,0,1,https://malegislature.gov/Bills/194/H4572
194,H4573,J23,2026-01-09 15:33,Favorable Report,10,0,0,1,https://malegislature.gov/Bills/194/H4573
194,H4574,J26,2026-06-25 16:30,Favorable,9,0,1,1,https://malegislature.gov/Bills/194/H4574
194,H4575,J26,2026-03-06 17:32,Favorable,9,0,1,1,https://malegislature.gov/Bills/194/H4575
194,H4576,J26,2026-06-25 16:31,Favorable,9,0,1,1,https://malegislature.gov/Bills/194/H4576
194,H4578,J10,2025-11-24 05:50,Ought to Pass,11,0,0,0,https://malegislature.gov/Bills/194/H4578
194,H4579,J10,2025-10-23 14:00,ought to pass,11,0,0,0,https://malegislature.gov/Bills/194/H4579
194,H4580,J10,2025-10-23 14:00,ought to pass,11,0,0,0,https://malegislature.gov/Bills/194/H4580
194,H4582,J23,2026-01-09 15:34,Favorable Report,10,0,0,1,https://malegislature.gov/Bills/194/H4582
194,H4583,J23,2026-03-18 15:35,Favorable Report,9,0,1,1,https://malegislature.gov/Bills/194/H4583
194,H4584,J23,2026-01-09 15:36,Favorable Report,10,0,0,1,https://malegislature.gov/Bills/194/H4584
194,H4585,J26,2026-03-06 17:34,Favorable,9,0,1,1,https://malegislature.gov/Bills/194/H4585
194,H4589,J10,2025-10-23 14:00,ought to pass,11,0,0,0,https://malegislature.gov/Bills/194/H4589
194,H4590,J16,2025-09-26 14:30,Shall the bill be reported favorably with a new draft?,10,1,0,0,https://malegislature.gov/Bills/194/H4590
194,H4591,J21,2025-09-29 16:52,Should the Committee report the following bill out favorably?,11,0,0,0,https://malegislature.gov/Bills/194/H4591
194,H4596,J33,2025-10-02 14:14,AITIC Committee Poll,9,1,0,1,https://malegislature.gov/Bills/194/H4596
194,H4597,J17,2026-03-18 11:15,"Favorable, as redraft",10,1,0,0,https://malegislature.gov/Bills/194/H4597
194,H4599,J13,2025-10-03 17:00,"Poll on H235 (As redrafted, see attachment in email. Accompanied by H.249, H.246, H.236, H.266, H.265, H.258, and H.259)",11,0,0,0,https://malegislature.gov/Bills/194/H4599
194,H4601,H34,2025-10-14 10:45,H.4429 “An Act making appropriations for the fiscal year 2025 to provide for supplementing certain existing appropriations and for certain other activities and projects,26,0,7,3,https://malegislature.gov/Bills/194/H4601
194,H4602,J10,2025-11-10 14:00,ought to pass,8,0,0,3,https://malegislature.gov/Bills/194/H4602
194,H4603,J10,2025-11-10 14:00,ought to pass,8,0,0,3,https://malegislature.gov/Bills/194/H4603
194,H4604,J23,2026-01-09 15:38,Favorable Report,10,0,0,1,https://malegislature.gov/Bills/194/H4604
194,H4605,J26,2026-03-06 17:36,Favorable,9,0,1,1,https://malegislature.gov/Bills/194/H4605
194,H4607,H34,2026-05-19 10:45,H.4607 “An Act relative to increasing access to epinephrine” as amended,30,0,0,4,https://malegislature.gov/Bills/194/H4607
194,H4607,J16,2025-10-08 15:00,"Shall the bill be reported favorably with a new draft, accompanied by H2503 and H2367? ",11,0,0,0,https://malegislature.gov/Bills/194/H4607
194,H4607,J24,2025-11-21 16:44,H4607 reported favorably,13,0,0,0,https://malegislature.gov/Bills/194/H4607
194,H4608,J16,2025-10-08 12:00,Shall the bill be reported favorably with a new draft?,11,0,0,0,https://malegislature.gov/Bills/194/H4608
194,H4609,J16,2025-10-08 12:00,Shall the bill be reported favorably with a new draft?,11,0,0,0,https://malegislature.gov/Bills/194/H4609
194,H4610,J16,2025-10-08 12:00,Shall the bill be reported favorably with a new draft?,9,1,1,0,https://malegislature.gov/Bills/194/H4610
194,H4611,J16,2025-10-08 15:00,Shall the bill be reported favorably with a new draft?,11,0,0,0,https://malegislature.gov/Bills/194/H4611
194,H4611,J24,2025-11-21 16:45,H4611 reported favorably,13,0,0,0,https://malegislature.gov/Bills/194/H4611
194,H4612,J16,2025-10-08 12:00,Shall the bill be reported favorably with a new draft?,11,0,0,0,https://malegislature.gov/Bills/194/H4612
194,H4613,J16,2025-10-08 12:00,Shall the bill be reported favorably with a new draft?,11,0,0,0,https://malegislature.gov/Bills/194/H4613
194,H4613,J24,2025-11-21 16:46,H4613 reported favorably,13,0,0,0,https://malegislature.gov/Bills/194/H4613
194,H4614,J10,2025-11-10 14:00,ought to pass,8,0,0,3,https://malegislature.gov/Bills/194/H4614
194,H4615,S30,2025-10-20 13:00,Ought to pass with an amendment - New Text,16,0,2,0,https://malegislature.gov/Bills/194/H4615
194,H4616,J11,2025-10-09 15:34,Report as Redrafted,11,0,0,0,https://malegislature.gov/Bills/194/H4616
194,H4616,J24,2026-07-16 15:00,Favorable Report,13,0,0,0,https://malegislature.gov/Bills/194/H4616
194,H4617,J11,2025-10-09 15:44,Report as Redrafted,11,0,0,0,https://malegislature.gov/Bills/194/H4617
194,H4617,J24,2026-07-16 15:00,Favorable Report,13,0,0,0,https://malegislature.gov/Bills/194/H4617
194,H4618,J11,2025-10-09 15:47,Report as Redrafted,11,0,0,0,https://malegislature.gov/Bills/194/H4618
194,H4618,J24,2026-07-16 15:00,Favorable Report,13,0,0,0,https://malegislature.gov/Bills/194/H4618
194,H4619,J11,2025-10-09 15:58,Favorable as redrafted,11,0,0,0,https://malegislature.gov/Bills/194/H4619
194,H4619,J24,2026-07-16 15:00,Favorable Report,13,0,0,0,https://malegislature.gov/Bills/194/H4619
194,H462,J16,2025-11-25 13:00,Shall the bill be reported favorably?,10,0,1,0,https://malegislature.gov/Bills/194/H462
194,H4620,J25,2025-10-09 17:00,Ought to pass - by substitution of a new draft,8,0,0,3,https://malegislature.gov/Bills/194/H4620
194,H4621,J10,2025-11-10 14:00,ought to pass,8,0,0,3,https://malegislature.gov/Bills/194/H4621
194,H4625,J25,2025-12-02 17:00,Ought to pass,9,0,0,2,https://malegislature.gov/Bills/194/H4625
194,H4632,J23,2025-12-08 16:10,Favorable Report,8,0,0,3,https://malegislature.gov/Bills/194/H4632
194,H4633,J19,2025-10-12 14:12,H1608 - An Act relative to restraining orders as they pertain to hate crimes,11,0,0,0,https://malegislature.gov/Bills/194/H4633
194,H4634,J19,2025-10-12 14:14,H1643 - An Act to protect the privacy of 911 callers,11,0,0,0,https://malegislature.gov/Bills/194/H4634
194,H4635,J19,2025-10-12 14:15,H1669 - An Act relative to the effective enforcement of municipal ordinances and by-laws,11,0,0,0,https://malegislature.gov/Bills/194/H4635
194,H4636,J19,2025-10-12 14:16,H1675 - An Act to advance hate-crime protections for victims who are targeted due to their gender,11,0,0,0,https://malegislature.gov/Bills/194/H4636
194,H4637,H34,2026-05-19 10:45,H.4637 “An Act relative to civil rights and technology” as amended,31,0,0,3,https://malegislature.gov/Bills/194/H4637
194,H4637,J19,2025-10-12 14:17,H1688 - An Act relative to unmanned aerial vehicles,11,0,0,0,https://malegislature.gov/Bills/194/H4637
194,H4638,J19,2025-10-12 14:18,H1738 - An Act relative to the free flow of information,11,0,0,0,https://malegislature.gov/Bills/194/H4638
194,H4639,J19,2025-10-12 14:19,H1855 - An Act for uniform fiduciary access to digital assets,11,0,0,0,https://malegislature.gov/Bills/194/H4639
194,H4640,J19,2025-10-12 14:21,H1946 - An Act to implement the recommendations of the special commission on facial recognition technology,11,0,0,0,https://malegislature.gov/Bills/194/H4640
194,H4641,J14,2025-10-17 16:35,Should H.635 be reported favorably as redrafted to the House?  ,10,0,0,1,https://malegislature.gov/Bills/194/H4641
194,H4642,H34,2025-10-28 10:45,H.4642 “An Act relative to teacher preparation and student literacy” as amended,30,0,2,4,https://malegislature.gov/Bills/194/H4642
194,H4642,J14,2025-10-17 16:35,Should H.669 be reported favorably as redrafted to the House?  ,10,0,0,1,https://malegislature.gov/Bills/194/H4642
194,H4643,S30,2026-02-23 11:00,Ought to pass,16,0,2,0,https://malegislature.gov/Bills/194/H4643
194,H4645,S30,2025-11-06 11:45,Ought to pass with an amendment - New Text,17,0,1,0,https://malegislature.gov/Bills/194/H4645
194,H4646,S30,2026-06-04 11:30,Ought to pass with an amendment - New Text,15,0,2,1,https://malegislature.gov/Bills/194/H4646
194,H4648,J25,2025-11-26 12:00,Ought to pass,9,0,0,2,https://malegislature.gov/Bills/194/H4648
194,H4649,J27,2025-10-15 13:00,Redraft,12,0,1,0,https://malegislature.gov/Bills/194/H4649
194,H4650,J29,2025-10-16 18:01,Should the new draft be favorably reported to the House,9,2,0,0,https://malegislature.gov/Bills/194/H4650
194,H4651,J29,2025-10-16 18:03,Should the new draft be favorably reported to the House?,11,0,0,0,https://malegislature.gov/Bills/194/H4651
194,H4652,J29,2025-10-16 18:00,Should the new draft be favorably reported to the House?,11,0,0,0,https://malegislature.gov/Bills/194/H4652
194,H4653,J29,2025-10-16 18:00,Should the new draft be favorably reported to the House?,11,0,0,0,https://malegislature.gov/Bills/194/H4653
194,H4656,J13,2025-10-20 10:00,"Poll on H268 (As redrafted, see attachment in email. Accompanied by H269 and H270)",11,0,0,0,https://malegislature.gov/Bills/194/H4656
194,H4657,S29,2025-12-19 16:00,Placed in the Orders of the Day,7,0,0,0,https://malegislature.gov/Bills/194/H4657
194,H4658,J43,2025-10-17 18:00,Labor and Workforce Development ,11,0,0,0,https://malegislature.gov/Bills/194/H4658
194,H4659,J16,2025-10-21 12:00, Shall the bill be reported favorably with a new draft?,11,0,0,0,https://malegislature.gov/Bills/194/H4659
194,H4660,H34,2026-07-06 10:45,H.4660“An Act relative to a certain parcel of land in the town of Norton” as amended,25,0,0,9,https://malegislature.gov/Bills/194/H4660
194,H4660,J25,2025-10-21 12:00,Ought to pass with a redraft,9,0,0,2,https://malegislature.gov/Bills/194/H4660
194,H4663,J10,2025-11-10 14:00,ought to pass,8,0,0,3,https://malegislature.gov/Bills/194/H4663
194,H4664,J22,2025-10-22 15:11,Poll,11,2,0,0,https://malegislature.gov/Bills/194/H4664
194,H4665,J14,2025-10-22 15:00,Should H.599 be reported favorably as redrafted to the House? ,9,0,2,0,https://malegislature.gov/Bills/194/H4665
194,H4666,J18,2025-10-24 16:00,"Should the bill H2205, An Act expanding loan repayment assistance for primary care physicians working in integrated primary and behavioral health care settings - as redrafted - receive a favorable rep",13,0,0,0,https://malegislature.gov/Bills/194/H4666
194,H4667,J18,2025-10-22 17:00,Should the bill as redrafted receive a favorable report as recommended by the Chair?,12,0,1,0,https://malegislature.gov/Bills/194/H4667
194,H4667,J24,2025-11-21 16:47,H4667 reported favorably,13,0,0,0,https://malegislature.gov/Bills/194/H4667
194,H4668,J18,2025-10-22 17:00,Should the bill as redrafted receive a favorable report as recommended by the Chair?,12,0,1,0,https://malegislature.gov/Bills/194/H4668
194,H4668,J24,2026-07-16 15:00,Favorable Report,13,0,0,0,https://malegislature.gov/Bills/194/H4668
194,H4669,J18,2025-10-22 17:00,Should the bill as redrafted receive a favorable report as recommended by the Chair?,13,0,0,0,https://malegislature.gov/Bills/194/H4669
194,H4673,J19,2025-10-24 15:24,H1637 - An Act protecting first responders and enhancing access to behavioral health centers,8,2,0,1,https://malegislature.gov/Bills/194/H4673
194,H4674,J19,2025-10-24 15:22,H1653 - An Act protecting employee free speech,8,2,0,1,https://malegislature.gov/Bills/194/H4674
194,H4675,J19,2025-10-24 15:25,H1934 - An Act preventing animal cruelty,8,2,0,1,https://malegislature.gov/Bills/194/H4675
194,H4676,J19,2025-10-24 15:26,H1967 - An Act relative to tort actions for latent diseases,8,2,0,1,https://malegislature.gov/Bills/194/H4676
194,H4681,J43,2025-10-27 18:00,Do you agree with the Chair's recommendation that the redrafted language of H2086 should be given a favorable report?,9,0,1,1,https://malegislature.gov/Bills/194/H4681
194,H4683,S30,2026-01-22 11:00,Ought to pass with an amendment - New Text,13,0,3,2,https://malegislature.gov/Bills/194/H4683
194,H4686,J16,2026-02-06 16:00,Shall the bill be reported favorably?,11,0,0,0,https://malegislature.gov/Bills/194/H4686
194,H4687,H34,2026-07-08 10:45,H.4687 “An Act relative to property tax classifications in the city of Watertown for fiscal year 2027 and subsequent fiscal years” as amended,27,0,0,7,https://malegislature.gov/Bills/194/H4687
194,H4687,J26,2026-06-25 16:37,Favorable,9,0,1,1,https://malegislature.gov/Bills/194/H4687
194,H4691,J27,2025-12-18 12:00,Favorable,12,0,0,1,https://malegislature.gov/Bills/194/H4691
194,H4692,J31,2025-11-13 16:46,Ought to pass,8,0,3,0,https://malegislature.gov/Bills/194/H4692
194,H4693,H34,2025-11-17 10:45,H.4693“An Act to build resilient infrastructure to generate higher-ed transformation” as amended,29,0,3,4,https://malegislature.gov/Bills/194/H4693
194,H4693,J29,2025-10-30 16:07,Should the new draft be reported favorable to the House?,13,0,1,2,https://malegislature.gov/Bills/194/H4693
194,H4694,J28,2025-10-31 12:00,Poll on H.1472,11,0,0,0,https://malegislature.gov/Bills/194/H4694
194,H4695,J28,2025-10-31 12:00,Poll on H.1473,11,0,0,0,https://malegislature.gov/Bills/194/H4695
194,H4699,J28,2025-10-31 12:00,Poll on H.1542,10,1,0,0,https://malegislature.gov/Bills/194/H4699
194,H4701,J10,2025-11-25 14:00,Ought to pass,11,0,0,0,https://malegislature.gov/Bills/194/H4701
194,H4702,J23,2026-01-09 15:39,Favorable Report,10,0,0,1,https://malegislature.gov/Bills/194/H4702
194,H4703,J26,2026-06-25 16:39,Favorable,9,0,1,1,https://malegislature.gov/Bills/194/H4703
194,H4706,S30,2026-07-09 10:30,Ought to pass with an amendment - New Text,13,0,2,3,https://malegislature.gov/Bills/194/H4706
194,H4707,J28,2025-10-31 12:00,Poll on H.1493,11,0,0,0,https://malegislature.gov/Bills/194/H4707
194,H4714,J25,2025-09-23 17:00,Ought to pass,10,0,0,1,https://malegislature.gov/Bills/194/H4714
194,H4716,J10,2026-01-12 12:00,ought to pass,11,0,0,0,https://malegislature.gov/Bills/194/H4716
194,H4717,J10,2025-11-25 14:00,Ought to pass,11,0,0,0,https://malegislature.gov/Bills/194/H4717
194,H4718,J23,2026-01-09 15:40,Favorable Report,10,0,0,1,https://malegislature.gov/Bills/194/H4718
194,H4721,J10,2025-11-25 14:00,Ought to pass,11,0,0,0,https://malegislature.gov/Bills/194/H4721
194,H4722,J26,2026-03-13 13:51,Favorable,9,0,2,0,https://malegislature.gov/Bills/194/H4722
194,H4723,J27,2025-12-18 12:00,Favorable,12,0,0,1,https://malegislature.gov/Bills/194/H4723
194,H4724,J27,2025-08-01 13:30,Study?,12,1,0,0,https://malegislature.gov/Bills/194/H4724
194,H4725,J27,2025-08-01 13:30,Study?,12,1,0,0,https://malegislature.gov/Bills/194/H4725
194,H4726,J27,2025-08-01 13:30,Study?,10,1,2,0,https://malegislature.gov/Bills/194/H4726
194,H4727,J27,2025-08-01 13:30,Study?,11,1,1,0,https://malegislature.gov/Bills/194/H4727
194,H4728,J16,2025-11-07 15:00,Shall the bill be reported favorably with a new draft?,11,0,0,0,https://malegislature.gov/Bills/194/H4728
194,H4729,J16,2025-11-07 15:00,Shall the bill be reported favorably with a new draft?,11,0,0,0,https://malegislature.gov/Bills/194/H4729
194,H4730,J16,2025-11-07 15:00,Shall the bill be reported favorably with a new draft?,11,0,0,0,https://malegislature.gov/Bills/194/H4730
194,H4730,J24,2026-07-16 15:00,Favorable Report,13,0,0,0,https://malegislature.gov/Bills/194/H4730
194,H4731,J45,2025-08-07 14:00,Shall the bill accompany an order to study?,9,1,1,0,https://malegislature.gov/Bills/194/H4731
194,H4734,J27,2025-08-21 10:30,Study,13,0,0,0,https://malegislature.gov/Bills/194/H4734
194,H4735,J27,2025-08-21 10:30,Study,12,1,0,0,https://malegislature.gov/Bills/194/H4735
194,H4738,J10,2026-03-06 10:00,ought to pass,11,0,0,0,https://malegislature.gov/Bills/194/H4738
194,H4740,J23,2026-02-05 15:45,Favorable Report,9,0,0,2,https://malegislature.gov/Bills/194/H4740
194,H4741,J23,2026-02-05 15:46,Favorable Report,9,0,0,2,https://malegislature.gov/Bills/194/H4741
194,H4744,H34,2026-02-24 10:45,"H.4744 “An Act relative to energy affordability, clean power and economic competitiveness” as amended",18,0,10,7,https://malegislature.gov/Bills/194/H4744
194,H4744,J37,2025-11-12 16:00,Favorable Report of H3469 Redrafted to House of Representatives,7,0,4,0,https://malegislature.gov/Bills/194/H4744
194,H4745,J14,2025-11-10 18:10,"Should H.666 be reported favorably as redrafted to the House, accompanied by H549, H574, H696, H715, and H720?",11,0,0,0,https://malegislature.gov/Bills/194/H4745
194,H4746,J33,2025-11-12 19:00,AITIC Committee Poll,9,0,2,0,https://malegislature.gov/Bills/194/H4746
194,H4749,J46,2025-11-14 12:00,To be reported out favorably following a redraft?,11,0,0,0,https://malegislature.gov/Bills/194/H4749
194,H4751,J10,2025-12-09 14:00,Ought to pass,11,0,0,0,https://malegislature.gov/Bills/194/H4751
194,H4752,J10,2025-12-09 14:00,Ought to pass,11,0,0,0,https://malegislature.gov/Bills/194/H4752
194,H4753,J10,2025-12-09 14:02,Ought to pass,11,0,0,0,https://malegislature.gov/Bills/194/H4753
194,H4754,J26,2026-03-06 17:37,Favorable,9,0,1,1,https://malegislature.gov/Bills/194/H4754
194,H4755,J26,2026-03-06 17:38,Favorable,9,0,1,1,https://malegislature.gov/Bills/194/H4755
194,H4756,J47,2025-11-13 16:00,Poll?,10,0,1,0,https://malegislature.gov/Bills/194/H4756
194,H4757,J47,2025-11-13 16:00,Poll?,9,1,1,0,https://malegislature.gov/Bills/194/H4757
194,H4758,J47,2025-11-13 16:00,Poll?,9,1,1,0,https://malegislature.gov/Bills/194/H4758
194,H4759,J47,2025-11-13 16:00,Poll?,11,0,0,0,https://malegislature.gov/Bills/194/H4759
194,H4760,J15,2025-11-14 17:30,Poll/Vote,5,0,2,4,https://malegislature.gov/Bills/194/H4760
194,H4762,J28,2025-11-15 09:00,Poll on H.1531 w/ changes,11,0,0,0,https://malegislature.gov/Bills/194/H4762
194,H4763,J15,2026-02-02 12:00,Poll/Vote,17,0,0,0,https://malegislature.gov/Bills/194/H4763
194,H4767,S30,2026-07-09 10:30,Ought to pass with an amendment - New Text,13,0,2,3,https://malegislature.gov/Bills/194/H4767
194,H4768,S30,2026-02-23 11:00,Ought to pass with an amendment - New Text,16,0,2,0,https://malegislature.gov/Bills/194/H4768
194,H4769,S30,2026-02-19 11:00,Ought to pass with an amendment - New Text,16,0,2,0,https://malegislature.gov/Bills/194/H4769
194,H4775,J27,2025-08-21 10:30,Study,12,0,1,0,https://malegislature.gov/Bills/194/H4775
194,H4777,J11,2025-08-25 10:43,Should this bill be placed into a study?,11,0,0,0,https://malegislature.gov/Bills/194/H4777
194,H4779,J29,2025-09-01 16:26,Should H.1424 be sent to study?,11,0,0,0,https://malegislature.gov/Bills/194/H4779
194,H4780,J27,2025-09-04 12:00,Study,10,1,1,1,https://malegislature.gov/Bills/194/H4780
194,H4781,J10,2025-10-23 14:00,ought to pass,11,0,0,0,https://malegislature.gov/Bills/194/H4781
194,H4784,J10,2025-12-19 14:00,Ought to pass,11,0,0,0,https://malegislature.gov/Bills/194/H4784
194,H4786,J27,2025-09-04 12:00,Study,10,0,2,1,https://malegislature.gov/Bills/194/H4786
194,H4787,J27,2025-09-04 12:00,Study,11,0,1,1,https://malegislature.gov/Bills/194/H4787
194,H4788,J27,2025-09-04 12:00,Study,10,0,0,3,https://malegislature.gov/Bills/194/H4788
194,H4789,J11,2025-09-08 11:00,Study relative to certain pharmacy bills,11,0,0,0,https://malegislature.gov/Bills/194/H4789
194,H4790,J47,2025-09-12 16:00,Poll,11,0,0,0,https://malegislature.gov/Bills/194/H4790
194,H4795,J10,2025-12-19 14:00,Ought to pass,11,0,0,0,https://malegislature.gov/Bills/194/H4795
194,H4796,J16,2026-03-27 16:00,Shall the bill be reported favorably?,11,0,0,0,https://malegislature.gov/Bills/194/H4796
194,H4799,J23,2026-02-05 15:47,Favorable Report,9,0,0,2,https://malegislature.gov/Bills/194/H4799
194,H480,J12,2026-03-16 10:00,Favorable,12,0,0,1,https://malegislature.gov/Bills/194/H480
194,H4800,J25,2025-10-21 12:00,Ought to be sent to a study,7,1,0,3,https://malegislature.gov/Bills/194/H4800
194,H4804,J46,2025-11-25 14:00,To be reported favorably following a redraft?,10,0,1,0,https://malegislature.gov/Bills/194/H4804
194,H4805,J10,2025-11-25 14:00,"Ought to pass, with substitution of new draft",11,0,0,0,https://malegislature.gov/Bills/194/H4805
194,H482,J12,2025-11-24 12:00,Study,12,0,1,0,https://malegislature.gov/Bills/194/H482
194,H4823,J25,2025-11-26 12:00,Ought to pass – by substitution of a new draft,9,0,0,2,https://malegislature.gov/Bills/194/H4823
194,H4829,J23,2025-12-03 10:37,Redraft of H.44,13,0,3,1,https://malegislature.gov/Bills/194/H4829
194,H483,J12,2026-03-16 10:00,Study,10,1,1,1,https://malegislature.gov/Bills/194/H483
194,H4830,J25,2025-12-02 17:00,Ought to pass – by substitution of a new draft,9,0,0,2,https://malegislature.gov/Bills/194/H4830
194,H4831,J25,2025-12-02 17:00,"Ought to pass – by substitution of a new draft, attached: H3283, H3290, H3328, H3342, H3426",7,0,2,2,https://malegislature.gov/Bills/194/H4831
194,H4832,J33,2025-12-03 13:00,AITIC Committee Poll,8,1,0,2,https://malegislature.gov/Bills/194/H4832
194,H4833,J16,2025-11-25 13:00,Shall the bill be reported favorably with a new draft?,11,0,0,0,https://malegislature.gov/Bills/194/H4833
194,H4834,J16,2025-11-25 13:00,Shall the bill be reported favorably with a new draft?,10,1,0,0,https://malegislature.gov/Bills/194/H4834
194,H4834,J24,2026-07-16 15:00,Favorable Report,13,0,0,0,https://malegislature.gov/Bills/194/H4834
194,H4835,J28,2025-12-03 12:30,Poll on H.1476,10,0,1,0,https://malegislature.gov/Bills/194/H4835
194,H4839,J30,2025-12-03 14:00,Ought to pass - by substitution of a new draft,11,0,0,0,https://malegislature.gov/Bills/194/H4839
194,H484,J12,2025-11-24 12:00,Study,11,0,2,0,https://malegislature.gov/Bills/194/H484
194,H4840,J30,2025-12-03 14:00,Ought to pass - by substitution of a new draft,11,0,0,0,https://malegislature.gov/Bills/194/H4840
194,H4842,J28,2026-03-06 12:00,Poll on H.4842,10,0,0,1,https://malegislature.gov/Bills/194/H4842
194,H4843,J10,2026-03-06 10:00,ought to pass,11,0,0,0,https://malegislature.gov/Bills/194/H4843
194,H4844,J10,2026-03-06 10:00,ought to pass,11,0,0,0,https://malegislature.gov/Bills/194/H4844
194,H4846,J23,2026-03-28 15:05,Favorable Report,10,0,0,1,https://malegislature.gov/Bills/194/H4846
194,H4848,J23,2026-03-28 15:07,Favorable Report,10,0,0,1,https://malegislature.gov/Bills/194/H4848
194,H4849,J10,2026-03-06 10:00,ought to pass,11,0,0,0,https://malegislature.gov/Bills/194/H4849
194,H4851,J13,2025-12-08 10:00,Poll on H256,10,0,0,1,https://malegislature.gov/Bills/194/H4851
194,H4851,J13,2025-12-08 11:20,Poll on H256,11,0,0,0,https://malegislature.gov/Bills/194/H4851
194,H4852,J13,2025-12-03 17:20,Poll on H261,4,0,0,7,https://malegislature.gov/Bills/194/H4852
194,H4852,J13,2025-12-08 11:00,Poll on H261 (Accompanied by H264),11,0,0,0,https://malegislature.gov/Bills/194/H4852
194,H4852,J24,2026-07-31 16:40,Favorable as Redrafted,13,0,0,0,https://malegislature.gov/Bills/194/H4852
194,H4853,J45,2025-12-04 17:00,Shall the bill be reported favorably accompanying a redraft?,10,0,1,0,https://malegislature.gov/Bills/194/H4853
194,H4854,J45,2025-12-04 17:00,Shall the bill be reported favorably accompanying a redraft?,10,0,1,0,https://malegislature.gov/Bills/194/H4854
194,H4855,J45,2025-12-04 17:00,Shall the bill be reported favorably accompanying a redraft?,10,0,1,0,https://malegislature.gov/Bills/194/H4855
194,H4856,J45,2025-12-04 17:00,Shall the bill be reported favorably accompanying a redraft?,10,0,1,0,https://malegislature.gov/Bills/194/H4856
194,H4857,J19,2025-12-07 13:33,H1601 - An Act regarding conditions of release in Superior Court,11,0,0,0,https://malegislature.gov/Bills/194/H4857
194,H4858,J19,2025-12-07 13:34,H1645 - An Act to update expungement,11,0,0,0,https://malegislature.gov/Bills/194/H4858
194,H4859,J19,2025-12-07 13:35,H1685 - An Act relating to threats of suicide while in court custody (Stavri’s Law),11,0,0,0,https://malegislature.gov/Bills/194/H4859
194,H486,J12,2025-11-24 12:00,Study,10,0,1,2,https://malegislature.gov/Bills/194/H486
194,H4860,J19,2025-12-07 13:35,H1691 - An Act relative to certain offenses,11,0,0,0,https://malegislature.gov/Bills/194/H4860
194,H4861,J19,2025-12-07 13:36,H1897 - An Act relative to community corrections,11,0,0,0,https://malegislature.gov/Bills/194/H4861
194,H4862,J23,2025-12-08 16:04,Favorable as Redrafted,8,0,0,3,https://malegislature.gov/Bills/194/H4862
194,H4868,J16,2025-12-09 14:00,"Shall the bill be reported favorably with a new draft, accompanied by H2401?",10,1,0,0,https://malegislature.gov/Bills/194/H4868
194,H4869,J16,2025-12-09 14:00,Shall the bill be reported favorably with a new draft?,10,0,1,0,https://malegislature.gov/Bills/194/H4869
194,H4869,J24,2026-07-16 15:00,Favorable Report,13,0,0,0,https://malegislature.gov/Bills/194/H4869
194,H487,J12,2025-11-24 12:00,Study,11,0,0,2,https://malegislature.gov/Bills/194/H487
194,H4870,J16,2025-12-09 14:00,Shall the bill be reported favorably with a new draft?,11,0,0,0,https://malegislature.gov/Bills/194/H4870
194,H4870,J24,2026-07-16 19:25,Favorable as redrafted,13,0,0,0,https://malegislature.gov/Bills/194/H4870
194,H4878,J10,2026-03-06 10:00,ought to pass,11,0,0,0,https://malegislature.gov/Bills/194/H4878
194,H4879,J23,2026-02-05 15:49,Favorable Report,9,0,0,2,https://malegislature.gov/Bills/194/H4879
194,H488,J12,2026-03-16 10:00,Study,10,0,2,1,https://malegislature.gov/Bills/194/H488
194,H4880,J29,2025-12-10 15:18,Should the new draft be reported favorably to the House?,11,0,0,0,https://malegislature.gov/Bills/194/H4880
194,H4881,J29,2025-12-10 15:22,Should the new draft be favorably reported to the House?,11,0,0,0,https://malegislature.gov/Bills/194/H4881
194,H4882,J29,2025-12-10 15:41,Should the new draft be reported favorably to the House?,11,0,0,0,https://malegislature.gov/Bills/194/H4882
194,H4887,J10,2026-03-06 10:00,ought to pass,11,0,0,0,https://malegislature.gov/Bills/194/H4887
194,H4890,J23,2026-03-18 15:34,Favorable Report,9,0,1,1,https://malegislature.gov/Bills/194/H4890
194,H4892,J11,2025-12-08 11:35,Report as Redrafted,11,0,0,0,https://malegislature.gov/Bills/194/H4892
194,H4892,J24,2026-07-16 15:00,Favorable Report,13,0,0,0,https://malegislature.gov/Bills/194/H4892
194,H4893,J11,2025-12-08 11:43,Report as Redrafted,11,0,0,0,https://malegislature.gov/Bills/194/H4893
194,H4893,J24,2026-07-16 15:00,Favorable Report,13,0,0,0,https://malegislature.gov/Bills/194/H4893
194,H4894,J11,2025-12-08 11:48,Report as Redrafted,11,0,0,0,https://malegislature.gov/Bills/194/H4894
194,H4894,J24,2026-07-16 15:00,Favorable Report,13,0,0,0,https://malegislature.gov/Bills/194/H4894
194,H4895,J11,2025-12-08 11:38,Report as Redrafted,11,0,0,0,https://malegislature.gov/Bills/194/H4895
194,H4895,J24,2026-07-16 15:00,Favorable Report,13,0,0,0,https://malegislature.gov/Bills/194/H4895
194,H4896,J11,2025-12-08 11:40,Report as Redrafted,11,0,0,0,https://malegislature.gov/Bills/194/H4896
194,H4896,J24,2026-07-16 15:00,Favorable Report,13,0,0,0,https://malegislature.gov/Bills/194/H4896
194,H4897,J11,2025-12-08 11:50,Report as Redrafted,11,0,0,0,https://malegislature.gov/Bills/194/H4897
194,H4898,J11,2025-12-08 11:52,Report as Redrafted,11,0,0,0,https://malegislature.gov/Bills/194/H4898
194,H4898,J24,2026-04-09 13:27,Favorable Report,13,0,0,0,https://malegislature.gov/Bills/194/H4898
194,H4899,J11,2025-12-08 11:54,Report as Redrafted,11,0,0,0,https://malegislature.gov/Bills/194/H4899
194,H49,J23,2025-12-03 10:47,Joint Committee on Public Service,15,0,1,1,https://malegislature.gov/Bills/194/H49
194,H4900,J11,2025-12-08 11:57,Report as Redrafted,11,0,0,0,https://malegislature.gov/Bills/194/H4900
194,H4901,J23,2025-12-12 13:04,Favorable as Redrafted,8,0,0,3,https://malegislature.gov/Bills/194/H4901
194,H4902,J23,2025-12-12 13:02,Favorable as Redrafted,8,0,0,3,https://malegislature.gov/Bills/194/H4902
194,H4903,J14,2025-12-12 15:30,Should H.601 be reported favorably as redrafted to the House?,11,0,0,0,https://malegislature.gov/Bills/194/H4903
194,H4905,J13,2025-10-20 22:00,Poll on H250 ,11,0,0,0,https://malegislature.gov/Bills/194/H4905
194,H4906,J15,2025-10-06 11:00,Poll/Vote,10,0,1,0,https://malegislature.gov/Bills/194/H4906
194,H4907,J17,2026-03-18 12:30,"Favorable, as Redraft",11,0,0,0,https://malegislature.gov/Bills/194/H4907
194,H4909,J23,2026-03-28 15:03,Favorable Report,10,0,0,1,https://malegislature.gov/Bills/194/H4909
194,H491,J12,2025-11-24 12:00,Favorable with Changes,11,0,0,2,https://malegislature.gov/Bills/194/H491
194,H4910,J13,2025-12-15 10:00,"Poll on H.201, as redrafted (see attachment in email) ",11,0,0,0,https://malegislature.gov/Bills/194/H4910
194,H4911,J13,2025-12-15 10:00,"Poll on H.220 (As redrafted, see attachment in email. Accompanied by H.295 and H.221)",11,0,0,0,https://malegislature.gov/Bills/194/H4911
194,H4912,J13,2025-12-19 10:00,"Poll on H224 (Redrafted, see email) ",11,0,0,0,https://malegislature.gov/Bills/194/H4912
194,H4914,J11,2026-04-17 11:18,Should this bill be voted out of committee favorably?,11,0,0,0,https://malegislature.gov/Bills/194/H4914
194,H4915,J23,2025-07-22 12:23,Polls and Votes ,9,0,0,2,https://malegislature.gov/Bills/194/H4915
194,H4924,J10,2026-03-11 16:00,ought to pass,9,0,0,2,https://malegislature.gov/Bills/194/H4924
194,H4928,J21,2025-12-22 17:28,Should the Committee report the following bill out favorably?,9,0,1,1,https://malegislature.gov/Bills/194/H4928
194,H493,J12,2025-11-24 12:00,Study,10,0,1,2,https://malegislature.gov/Bills/194/H493
194,H4933,J11,2025-12-16 11:19,Report as Redrafted,11,0,0,0,https://malegislature.gov/Bills/194/H4933
194,H4933,J24,2026-07-16 15:00,Favorable Report,13,0,0,0,https://malegislature.gov/Bills/194/H4933
194,H4934,J11,2025-12-16 11:21,Report as Redrafted,11,0,0,0,https://malegislature.gov/Bills/194/H4934
194,H4935,J11,2026-01-05 15:12,Report as Redrafted,11,0,0,0,https://malegislature.gov/Bills/194/H4935
194,H4936,J11,2026-01-05 15:16,Report as Redrafted,11,0,0,0,https://malegislature.gov/Bills/194/H4936
194,H4936,J24,2026-07-16 15:00,Favorable Report,13,0,0,0,https://malegislature.gov/Bills/194/H4936
194,H4937,J11,2026-01-05 15:21,Report as Redrafted,11,0,0,0,https://malegislature.gov/Bills/194/H4937
194,H4937,J24,2026-07-16 15:00,Favorable Report,13,0,0,0,https://malegislature.gov/Bills/194/H4937
194,H4938,J11,2026-01-05 15:24,Report as Redrafted,11,0,0,0,https://malegislature.gov/Bills/194/H4938
194,H4939,J11,2026-01-05 15:26,Report as Redrafted,11,0,0,0,https://malegislature.gov/Bills/194/H4939
194,H4939,J24,2026-07-16 15:00,Favorable Report,13,0,0,0,https://malegislature.gov/Bills/194/H4939
194,H494,J12,2025-11-24 12:00,Study,12,0,1,0,https://malegislature.gov/Bills/194/H494
194,H4940,J11,2025-12-23 14:01,Report as Redrafted,11,0,0,0,https://malegislature.gov/Bills/194/H4940
194,H4941,J11,2025-12-23 14:03,Report as Redrafted,11,0,0,0,https://malegislature.gov/Bills/194/H4941
194,H4941,J24,2026-07-16 15:00,Favorable Report,13,0,0,0,https://malegislature.gov/Bills/194/H4941
194,H4942,J11,2026-01-05 15:28,Report as Redrafted,11,0,0,0,https://malegislature.gov/Bills/194/H4942
194,H4943,J11,2026-01-05 15:30,Report as Redrafted,11,0,0,0,https://malegislature.gov/Bills/194/H4943
194,H4943,J24,2026-07-16 15:00,Favorable Report,13,0,0,0,https://malegislature.gov/Bills/194/H4943
194,H4944,J11,2025-12-23 14:05,Report as Redrafted,11,0,0,0,https://malegislature.gov/Bills/194/H4944
194,H4945,J11,2026-01-05 15:32,Report as Redrafted,11,0,0,0,https://malegislature.gov/Bills/194/H4945
194,H4945,J24,2026-07-16 15:00,Favorable report,13,0,0,0,https://malegislature.gov/Bills/194/H4945
194,H4946,H34,2026-07-31 10:45,H.4946 “An Act mandating access to cancer screenings for firefighters through health care benefits plans or programs provided by the public employer” as amended,29,0,0,5,https://malegislature.gov/Bills/194/H4946
194,H4946,J11,2025-12-16 11:24,Report as Redrafted,11,0,0,0,https://malegislature.gov/Bills/194/H4946
194,H4946,J24,2026-04-09 13:25,Favorable Report,13,0,0,0,https://malegislature.gov/Bills/194/H4946
194,H4947,J11,2025-12-23 14:08,Report as Redrafted,11,0,0,0,https://malegislature.gov/Bills/194/H4947
194,H4948,J11,2025-12-23 14:10,Report as Redrafted,11,0,0,0,https://malegislature.gov/Bills/194/H4948
194,H4949,J11,2025-12-23 14:12,Report as Redrafted,11,0,0,0,https://malegislature.gov/Bills/194/H4949
194,H495,J12,2025-11-24 12:00,Study,12,0,1,0,https://malegislature.gov/Bills/194/H495
194,H4950,J11,2025-12-23 14:15,Report as Redrafted,11,0,0,0,https://malegislature.gov/Bills/194/H4950
194,H4951,J11,2025-12-16 11:27,Report as Redrafted,11,0,0,0,https://malegislature.gov/Bills/194/H4951
194,H4951,J24,2026-07-16 15:00,Favorable Report,13,0,0,0,https://malegislature.gov/Bills/194/H4951
194,H4952,J11,2026-01-05 15:50,Report as Redrafted,11,0,0,0,https://malegislature.gov/Bills/194/H4952
194,H4953,J11,2025-12-16 11:30,Report as Redrafted,11,0,0,0,https://malegislature.gov/Bills/194/H4953
194,H4953,J24,2026-07-31 16:38,Favorable as Redrafted,13,0,0,0,https://malegislature.gov/Bills/194/H4953
194,H4954,J11,2025-12-23 14:18,Report as Redrafted,11,0,0,0,https://malegislature.gov/Bills/194/H4954
194,H4955,J11,2025-12-23 14:21,Report as Redrafted,11,0,0,0,https://malegislature.gov/Bills/194/H4955
194,H4956,J11,2025-12-23 14:23,Report as Redrafted,11,0,0,0,https://malegislature.gov/Bills/194/H4956
194,H4957,J11,2025-12-16 11:32,Report as Redrafted,11,0,0,0,https://malegislature.gov/Bills/194/H4957
194,H4957,J24,2026-07-16 15:00,Favorable Report,13,0,0,0,https://malegislature.gov/Bills/194/H4957
194,H4958,J11,2025-12-16 11:34,Report as Redrafted,11,0,0,0,https://malegislature.gov/Bills/194/H4958
194,H4958,J24,2026-07-16 15:00,Favorable Report,13,0,0,0,https://malegislature.gov/Bills/194/H4958
194,H4959,J11,2025-12-16 11:37,Report as Redrafted,11,0,0,0,https://malegislature.gov/Bills/194/H4959
194,H4959,J24,2026-07-16 15:00,Favorable Report,13,0,0,0,https://malegislature.gov/Bills/194/H4959
194,H496,J12,2026-03-16 10:00,Study,11,0,1,1,https://malegislature.gov/Bills/194/H496
194,H4960,J11,2025-12-16 11:39,Report as Redrafted,11,0,0,0,https://malegislature.gov/Bills/194/H4960
194,H4961,J11,2025-12-16 11:41,Report as Redrafted,11,0,0,0,https://malegislature.gov/Bills/194/H4961
194,H4961,J24,2026-07-16 15:00,Favorable Report,13,0,0,0,https://malegislature.gov/Bills/194/H4961
194,H4973,H34,2026-06-03 10:45,H.4973 “An Act relative to authorizing the conveyance of certain parcels of land in the city of Fall River” as amended,24,0,3,7,https://malegislature.gov/Bills/194/H4973
194,H4973,J25,2026-01-14 15:00,Ought to pass - by substitution of a new draft,10,0,0,1,https://malegislature.gov/Bills/194/H4973
194,H4974,H34,2026-01-27 10:45,"H.4974 “An Act Preparing Apprentices through Training, Hiring, and Skills in Massachusetts” as amended",20,0,7,8,https://malegislature.gov/Bills/194/H4974
194,H4974,J43,2026-01-21 15:05,Favorable?,10,0,0,1,https://malegislature.gov/Bills/194/H4974
194,H4976,J27,2025-12-18 12:00,Redraft,12,0,0,1,https://malegislature.gov/Bills/194/H4976
194,H4986,J16,2025-12-19 15:00,"Shall the bill be reported favorably with a new draft, accompanied by H2506?",10,0,1,0,https://malegislature.gov/Bills/194/H4986
194,H4992,S29,2026-07-28 16:00,Placed in the Orders of the Day,7,0,0,0,https://malegislature.gov/Bills/194/H4992
194,H4995,J19,2025-12-22 10:19,H1638 - An Act relative to retirement reporting,9,0,0,2,https://malegislature.gov/Bills/194/H4995
194,H4996,J19,2025-12-22 10:20,H1644 - An Act relative to the punishment of organized retail crimes,9,0,0,2,https://malegislature.gov/Bills/194/H4996
194,H4997,J19,2025-12-22 10:18,H1928 - An Act relative to accomplice and joint venture criminal liability,9,0,0,2,https://malegislature.gov/Bills/194/H4997
194,H4998,J19,2025-12-22 10:17,H1936 - An Act relative to offenses while driving on a non-administrative license suspension,9,0,0,2,https://malegislature.gov/Bills/194/H4998
194,H4999,J19,2025-12-22 10:15,H2041 - An Act to protect victims of stalking in violation of harassment prevention orders,9,0,0,2,https://malegislature.gov/Bills/194/H4999
194,H500,J12,2025-11-24 12:00,Study,13,0,0,0,https://malegislature.gov/Bills/194/H500
194,H5000,SJ42,2026-05-04 15:00,Committee recommends that the General Court take no action on the Initiative Petition,10,0,0,0,https://malegislature.gov/Bills/194/H5000
194,H5001,SJ42,2026-05-04 15:00,Committee recommends that the General Court take no action on the Initiative Petition,10,0,0,0,https://malegislature.gov/Bills/194/H5001
194,H5002,SJ42,2026-05-04 15:00,Committee recommends that the General Court take no action on the Initiative Petition,10,0,0,0,https://malegislature.gov/Bills/194/H5002
194,H5003,SJ42,2026-05-04 15:00,Committee recommends that the General Court take no action on the Initiative Petition,9,0,1,0,https://malegislature.gov/Bills/194/H5003
194,H5004,SJ42,2026-05-04 15:00,Committee recommends that the General Court take no action on the Initiative Petition,8,1,1,0,https://malegislature.gov/Bills/194/H5004
194,H5005,SJ42,2026-05-04 15:00,Committee recommends that the General Court take no action on the Initiative Petition,10,0,0,0,https://malegislature.gov/Bills/194/H5005
194,H5006,SJ42,2026-05-04 15:00,Committee recommends that the General Court take no action on the Initiative Petition,9,1,0,0,https://malegislature.gov/Bills/194/H5006
194,H5007,SJ42,2026-05-04 15:00,Committee recommends that the General Court take no action on the Initiative Petition,9,1,0,0,https://malegislature.gov/Bills/194/H5007
194,H5008,SJ42,2026-05-04 15:00,Committee recommends that the General Court take no action on the Initiative Petition,10,0,0,0,https://malegislature.gov/Bills/194/H5008
194,H5009,SJ42,2026-05-04 15:00,Committee recommends that the General Court take no action on the Initiative Petition,9,0,1,0,https://malegislature.gov/Bills/194/H5009
194,H501,J12,2025-11-24 12:00,Study,13,0,0,0,https://malegislature.gov/Bills/194/H501
194,H5010,SJ42,2026-05-04 15:00,Committee recommends that the General Court take no action on the Initiative Petition,10,0,0,0,https://malegislature.gov/Bills/194/H5010
194,H5012,J29,2026-05-18 16:00,Should H.5012 be reported favorable to the House?,10,0,0,0,https://malegislature.gov/Bills/194/H5012
194,H5013,J16,2026-05-22 15:00,"Shall H5013, An Act to establish a celiac disease screening pilot program be reported out favorably?",11,0,0,0,https://malegislature.gov/Bills/194/H5013
194,H5013,J24,2026-07-16 15:00,Favorable Report,13,0,0,0,https://malegislature.gov/Bills/194/H5013
194,H5015,J11,2026-01-12 11:18,Report as Redrafted,11,0,0,0,https://malegislature.gov/Bills/194/H5015
194,H5015,J24,2026-07-16 15:00,Favorable Report,13,0,0,0,https://malegislature.gov/Bills/194/H5015
194,H5016,J11,2026-01-12 11:20,Report as Redrafted,11,0,0,0,https://malegislature.gov/Bills/194/H5016
194,H5016,J24,2026-07-16 15:00,Favorable Report,13,0,0,0,https://malegislature.gov/Bills/194/H5016
194,H5017,J11,2026-01-12 11:24,Report as Redrafted,11,0,0,0,https://malegislature.gov/Bills/194/H5017
194,H5018,J11,2026-01-12 11:26,Report as Redrafted,11,0,0,0,https://malegislature.gov/Bills/194/H5018
194,H5018,J24,2026-04-09 13:17,Favorable Report,13,0,0,0,https://malegislature.gov/Bills/194/H5018
194,H5019,J11,2026-01-12 11:33,Report as Redrafted,11,0,0,0,https://malegislature.gov/Bills/194/H5019
194,H502,J12,2025-11-24 12:00,Study,12,1,0,0,https://malegislature.gov/Bills/194/H502
194,H5020,J11,2026-01-12 11:35,Report as Redrafted,11,0,0,0,https://malegislature.gov/Bills/194/H5020
194,H5021,J11,2026-01-12 11:37,Report as Redrafted,11,0,0,0,https://malegislature.gov/Bills/194/H5021
194,H5021,J24,2026-07-16 15:00,Favorable Report,13,0,0,0,https://malegislature.gov/Bills/194/H5021
194,H5022,J11,2026-01-12 11:41,Report as Redrafted,11,0,0,0,https://malegislature.gov/Bills/194/H5022
194,H5023,J43,2026-01-07 15:00,Do you agree with the Chair's recommendation to give the bill a favorable report?,10,0,0,1,https://malegislature.gov/Bills/194/H5023
194,H5024,J13,2026-01-15 17:00,"Poll on H197 (As redrafted, see email) ",11,0,0,0,https://malegislature.gov/Bills/194/H5024
194,H5025,J13,2026-01-15 17:00,"Poll on H4258 (As redrafted, see email)",11,0,0,0,https://malegislature.gov/Bills/194/H5025
194,H5026,J29,2026-01-14 16:53,Should the new draft be reported favorably to the House?,11,0,0,0,https://malegislature.gov/Bills/194/H5026
194,H5027,J28,2026-01-13 12:00,Poll on H.1568,9,1,0,1,https://malegislature.gov/Bills/194/H5027
194,H5028,J25,2026-01-14 15:00,Ought to pass – by substitution of a new draft,10,0,0,1,https://malegislature.gov/Bills/194/H5028
194,H5029,J11,2026-01-16 15:13,Should this bill be reported out of committee as a redraft?,11,0,0,0,https://malegislature.gov/Bills/194/H5029
194,H503,J12,2025-11-24 12:00,Study,12,0,1,0,https://malegislature.gov/Bills/194/H503
194,H5030,J19,2026-01-16 14:32,An Act to further clear titles to real property affected by technical irregularities in recorded instruments,11,0,0,0,https://malegislature.gov/Bills/194/H5030
194,H5031,J19,2026-01-16 14:32, An Act relative to housing court jurisdiction,11,0,0,0,https://malegislature.gov/Bills/194/H5031
194,H5034,J23,2026-03-18 15:34,Favorable Report,9,0,1,1,https://malegislature.gov/Bills/194/H5034
194,H5035,J26,2026-05-14 17:07,Favorable,10,0,1,0,https://malegislature.gov/Bills/194/H5035
194,H5037,J11,2026-01-23 12:48,Report as Redrafted,11,0,0,0,https://malegislature.gov/Bills/194/H5037
194,H5038,J11,2026-01-23 12:52,Report as Redrafted,11,0,0,0,https://malegislature.gov/Bills/194/H5038
194,H5038,J24,2026-07-16 15:00,Favorable Report,13,0,0,0,https://malegislature.gov/Bills/194/H5038
194,H5039,J11,2026-01-23 12:55,Report as Redrafted,11,0,0,0,https://malegislature.gov/Bills/194/H5039
194,H5039,J24,2026-07-16 15:00,Favorable Report,13,0,0,0,https://malegislature.gov/Bills/194/H5039
194,H5040,J11,2026-01-23 12:57,Report as Redrafted,11,0,0,0,https://malegislature.gov/Bills/194/H5040
194,H5040,J24,2026-07-16 15:00,Favorable Report,13,0,0,0,https://malegislature.gov/Bills/194/H5040
194,H5041,J11,2026-01-23 12:59,Report as Redrafted,11,0,0,0,https://malegislature.gov/Bills/194/H5041
194,H5041,J24,2026-04-09 13:03,Favorable Report,13,0,0,0,https://malegislature.gov/Bills/194/H5041
194,H5042,J11,2026-01-23 13:01,Report as Redrafted,11,0,0,0,https://malegislature.gov/Bills/194/H5042
194,H5042,J24,2026-04-09 12:30,Favorable Report,13,0,0,0,https://malegislature.gov/Bills/194/H5042
194,H5043,J11,2026-01-23 13:03,Report as Redrafted,11,0,0,0,https://malegislature.gov/Bills/194/H5043
194,H5044,J11,2026-01-23 13:05,Report as Redrafted,11,0,0,0,https://malegislature.gov/Bills/194/H5044
194,H5045,J11,2026-01-23 13:07,Report as Redrafted,11,0,0,0,https://malegislature.gov/Bills/194/H5045
194,H5045,J24,2026-07-16 15:00,Favorable Report,13,0,0,0,https://malegislature.gov/Bills/194/H5045
194,H5046,J11,2026-01-23 13:09,Report as Redrafted,11,0,0,0,https://malegislature.gov/Bills/194/H5046
194,H5046,J24,2026-07-16 15:00,Favorable Report,13,0,0,0,https://malegislature.gov/Bills/194/H5046
194,H5048,J11,2025-09-19 11:15,Order certain mandated benefit bills to a study,11,0,0,0,https://malegislature.gov/Bills/194/H5048
194,H5049,J27,2025-09-18 11:00,Study,12,0,0,1,https://malegislature.gov/Bills/194/H5049
194,H5052,J10,2026-03-06 10:00,ought to pass,11,0,0,0,https://malegislature.gov/Bills/194/H5052
194,H5053,J10,2026-03-06 10:00,ought to pass,11,0,0,0,https://malegislature.gov/Bills/194/H5053
194,H5054,J23,2026-03-18 15:31,Favorable Report,9,0,1,1,https://malegislature.gov/Bills/194/H5054
194,H5055,J19,2026-01-30 16:32,An Act providing equity within the Judicial Branch,11,0,0,0,https://malegislature.gov/Bills/194/H5055
194,H5056,J19,2026-01-30 16:32, An Act to modify the rules for taking depositions outside the Commonwealth and to adopt the uniform interstate depositions and discovery act,11,0,0,0,https://malegislature.gov/Bills/194/H5056
194,H5057,J19,2026-01-30 16:33,An Act requiring the relocation of the Cambridge District Court,11,0,0,0,https://malegislature.gov/Bills/194/H5057
194,H5058,J19,2026-01-30 16:37,An Act designating the Charlestown division of Boston Municipal Court as the George Lewis Ruffin Courthouse,11,0,0,0,https://malegislature.gov/Bills/194/H5058
194,H5059,J19,2026-01-30 17:22,An Act relative to judicial security,11,0,0,0,https://malegislature.gov/Bills/194/H5059
194,H5060,J19,2026-01-30 17:23,An Act relative to equitable court staffing,11,0,0,0,https://malegislature.gov/Bills/194/H5060
194,H5061,J19,2026-01-30 17:24,An Act relative to advertising for justices of the peace,11,0,0,0,https://malegislature.gov/Bills/194/H5061
194,H5062,J19,2026-01-30 17:25,An Act concerning equitable allocation of recovery proceeds for subrogation claims,11,0,0,0,https://malegislature.gov/Bills/194/H5062
194,H5063,J19,2026-01-30 17:25,An Act to designate the courthouse in the Roxbury section of the city of Boston as the Edward O. Gourdin Courthouse,11,0,0,0,https://malegislature.gov/Bills/194/H5063
194,H5064,J47,2025-09-24 15:00,Poll,11,0,0,0,https://malegislature.gov/Bills/194/H5064
194,H5066,J11,2025-10-09 16:07,Study relative to health insurance contracting matters,11,0,0,0,https://malegislature.gov/Bills/194/H5066
194,H507,J14,2025-09-12 18:21,Should H.507 be reported favorably to the House?,11,0,0,0,https://malegislature.gov/Bills/194/H507
194,H5070,J43,2025-10-17 18:00,Labor and Workforce Development ,10,0,0,1,https://malegislature.gov/Bills/194/H5070
194,H5071,J33,2025-11-14 14:07,AITIC Committee Poll ,9,1,0,1,https://malegislature.gov/Bills/194/H5071
194,H5072,J33,2025-09-08 10:15,AITIC Committee Poll,9,0,1,1,https://malegislature.gov/Bills/194/H5072
194,H5073,J33,2025-12-03 13:20,AITIC Committee Poll,8,1,0,2,https://malegislature.gov/Bills/194/H5073
194,H5085,J13,2026-07-30 17:00,Joint Poll on H5085,13,0,4,0,https://malegislature.gov/Bills/194/H5085
194,H5086,J15,2026-04-16 12:30,Poll/Vote,11,0,0,0,https://malegislature.gov/Bills/194/H5086
194,H5088,J25,2026-07-06 10:00,Ought to pass,10,0,0,1,https://malegislature.gov/Bills/194/H5088
194,H5089,J13,2026-02-06 12:00,"Poll on H.202 (As redrafted, see attachment in email, accompanied by H.280)",11,0,0,0,https://malegislature.gov/Bills/194/H5089
194,H5090,J13,2026-02-06 12:00,"Poll on H.215 (As redrafted, see attachment in email)",11,0,0,0,https://malegislature.gov/Bills/194/H5090
194,H5091,J13,2026-02-06 12:00,"Poll on H.285 (As redrafted, see attachment in email)",10,0,1,0,https://malegislature.gov/Bills/194/H5091
194,H5092,J16,2026-02-06 16:00,Shall the bill be reported favorably with a new draft?,10,0,1,0,https://malegislature.gov/Bills/194/H5092
194,H5101,J31,2025-09-19 15:00,Ought to pass,6,2,0,3,https://malegislature.gov/Bills/194/H5101
194,H5102,J10,2026-03-06 10:00,ought to pass,11,0,0,0,https://malegislature.gov/Bills/194/H5102
194,H5103,J26,2026-05-14 17:11,Favorable,10,0,1,0,https://malegislature.gov/Bills/194/H5103
194,H5105,J29,2025-12-10 15:32,Should H.1448 be sent to study?,11,0,0,0,https://malegislature.gov/Bills/194/H5105
194,H5106,J29,2026-01-14 16:45,Study,11,0,0,0,https://malegislature.gov/Bills/194/H5106
194,H5107,J10,2026-03-06 10:00,ought to pass,11,0,0,0,https://malegislature.gov/Bills/194/H5107
194,H5108,J10,2026-03-06 10:00,ought to pass,11,0,0,0,https://malegislature.gov/Bills/194/H5108
194,H5109,J10,2026-03-06 10:00,ought to pass,11,0,0,0,https://malegislature.gov/Bills/194/H5109
194,H5110,J23,2026-05-08 16:40,Favorable Report,10,0,0,1,https://malegislature.gov/Bills/194/H5110
194,H5112,J11,2026-04-17 11:17,Should this bill be voted out favorably out of committee?,11,0,0,0,https://malegislature.gov/Bills/194/H5112
194,H5113,J21,2026-03-06 12:06,Should the Committee report the following bill out favorably?,9,0,1,1,https://malegislature.gov/Bills/194/H5113
194,H5115,J16,2026-05-22 15:00,"Shall H5115, An Act establishing statewide food truck regulations be reported out favorably?",11,0,0,0,https://malegislature.gov/Bills/194/H5115
194,H5117,J14,2026-02-05 15:56,Should H.4720 be reported favorably to the House? ,11,0,0,0,https://malegislature.gov/Bills/194/H5117
194,H5125,J19,2026-02-13 15:27, An Act limiting the use of prison labor,11,0,0,0,https://malegislature.gov/Bills/194/H5125
194,H5126,J19,2026-02-13 15:26,"An Act relative to treatment, not incarceration",11,0,0,0,https://malegislature.gov/Bills/194/H5126
194,H5127,J19,2026-02-13 15:25,An Act concerning the regulation of kratom,11,0,0,0,https://malegislature.gov/Bills/194/H5127
194,H5128,J10,2026-03-06 10:00,ought to pass,11,0,0,0,https://malegislature.gov/Bills/194/H5128
194,H5129,J15,2026-04-02 15:00,Poll/Vote,17,0,0,0,https://malegislature.gov/Bills/194/H5129
194,H5131,J10,2026-02-11 10:00,ought to pass as redrafted,13,0,3,0,https://malegislature.gov/Bills/194/H5131
194,H5132,J27,2025-11-13 10:00,Study,12,0,0,1,https://malegislature.gov/Bills/194/H5132
194,H5133,J27,2025-12-03 10:00,Study,12,0,0,1,https://malegislature.gov/Bills/194/H5133
194,H5134,J27,2025-12-12 10:00,Study,10,0,1,2,https://malegislature.gov/Bills/194/H5134
194,H5135,J27,2025-12-03 10:00,Study,11,0,2,0,https://malegislature.gov/Bills/194/H5135
194,H5136,J10,2026-03-06 10:00,ought to pass,11,0,0,0,https://malegislature.gov/Bills/194/H5136
194,H5139,J21,2026-03-16 15:18,Should the Committee report the following bill out favorably?,10,0,1,0,https://malegislature.gov/Bills/194/H5139
194,H514,J14,2026-02-05 15:51,Should H.514 be reported favorably to the House? ,11,0,0,0,https://malegislature.gov/Bills/194/H514
194,H5140,J21,2026-03-16 15:19,Should the Committee report the following bill out favorably?,10,0,1,0,https://malegislature.gov/Bills/194/H5140
194,H5142,J27,2025-12-12 10:00,Study,11,0,0,2,https://malegislature.gov/Bills/194/H5142
194,H5143,J27,2025-12-18 12:00,Study,12,0,0,1,https://malegislature.gov/Bills/194/H5143
194,H5144,J27,2025-12-12 10:00,Study,10,1,0,2,https://malegislature.gov/Bills/194/H5144
194,H5145,J21,2026-01-23 12:24,Should the Committee report the following bills to study?,5,1,1,4,https://malegislature.gov/Bills/194/H5145
194,H5147,J23,2025-12-08 16:02,Study,8,0,0,3,https://malegislature.gov/Bills/194/H5147
194,H5148,J21,2026-02-20 14:55,Should the Committee report the following bill out favorably?,9,1,0,1,https://malegislature.gov/Bills/194/H5148
194,H5149,J21,2026-01-23 12:18,Should the Committee report the following bills to study?,6,1,0,4,https://malegislature.gov/Bills/194/H5149
194,H515,J14,2025-12-12 15:30,Should H.515 be reported favorably to the House? ,11,0,0,0,https://malegislature.gov/Bills/194/H515
194,H5154,J19,2026-02-22 15:11,An Act exonerating certain individuals accused of witchcraft in colonial Massachusetts,11,0,0,0,https://malegislature.gov/Bills/194/H5154
194,H5162,J27,2026-04-08 12:00,Favorable,10,0,0,3,https://malegislature.gov/Bills/194/H5162
194,H5166,J25,2025-09-23 17:00,Study order,7,0,0,4,https://malegislature.gov/Bills/194/H5166
194,H5167,J25,2025-09-23 17:00,Study order,7,0,0,4,https://malegislature.gov/Bills/194/H5167
194,H5168,J25,2025-10-21 12:00,Ought to be sent to a study,9,0,0,2,https://malegislature.gov/Bills/194/H5168
194,H5169,J25,2025-11-06 17:00,Ought to be sent to a study,10,0,0,1,https://malegislature.gov/Bills/194/H5169
194,H5171,J10,2026-04-09 14:00,ought to pass,11,0,0,0,https://malegislature.gov/Bills/194/H5171
194,H5174,J14,2026-02-27 18:03,Should H.631 be reported favorably as redrafted to the House?,11,0,0,0,https://malegislature.gov/Bills/194/H5174
194,H5175,S30,2026-06-24 11:00,Ought to pass with an amendment - New Text,14,0,3,1,https://malegislature.gov/Bills/194/H5175
194,H5176,J14,2026-02-27 17:51,Should H.651 be reported favorably as redrafted to the House? ,11,0,0,0,https://malegislature.gov/Bills/194/H5176
194,H5177,J14,2026-02-27 18:00,Should H.4207 be reported favorably as redrafted to the House? ,11,0,0,0,https://malegislature.gov/Bills/194/H5177
194,H5178,J12,2025-11-24 12:00,Study,12,0,1,0,https://malegislature.gov/Bills/194/H5178
194,H5179,J29,2025-10-16 18:09,Should H.1443 be sent to Study?,11,0,0,0,https://malegislature.gov/Bills/194/H5179
194,H5180,J43,2025-12-01 14:00,Do you agree with the Chair's recommendation to study the bill?,7,1,0,3,https://malegislature.gov/Bills/194/H5180
194,H5181,J43,2025-10-27 18:00,Do you agree with the Chair's recommendation that H2181 should be given a study?,11,0,0,0,https://malegislature.gov/Bills/194/H5181
194,H5183,J25,2025-12-02 17:00,"Ought to be sent to a study – attached: H3303, H3336, H3349, H3425, H3891, H4028",9,0,0,2,https://malegislature.gov/Bills/194/H5183
194,H5184,J25,2025-11-26 12:00,"Ought to be sent to a study - attached: H3341, H3350, H3371, H3372, H3401",9,0,0,2,https://malegislature.gov/Bills/194/H5184
194,H5185,J30,2025-12-03 14:00,Study,11,0,0,0,https://malegislature.gov/Bills/194/H5185
194,H5186,J30,2025-12-03 14:00,Study,10,0,1,0,https://malegislature.gov/Bills/194/H5186
194,H5189,J23,2026-05-08 16:42,Favorable Report,10,0,0,1,https://malegislature.gov/Bills/194/H5189
194,H5190,H34,2026-06-30 10:45,H.5190 “An Act releasing certain land use restrictions held by the commonwealth in the city of Revere” as amended,29,0,0,5,https://malegislature.gov/Bills/194/H5190
194,H5190,J25,2026-03-03 10:00,Ought to pass - by substitution of a new draft,8,0,0,3,https://malegislature.gov/Bills/194/H5190
194,H5191,H34,2026-07-28 10:45,H.5191 “An Act validating a conveyance of land and authorizing the recording of a confirmatory deed in the city of Marlborough” as amended,32,0,0,2,https://malegislature.gov/Bills/194/H5191
194,H5191,J25,2026-03-03 10:00,Ought to pass - by substitution of a new draft,8,0,0,3,https://malegislature.gov/Bills/194/H5191
194,H5192,H34,2026-06-30 10:45,H.5192 “An Act authorizing the division of capital asset management and maintenance to take by eminent domain certain land in the town of Norwood” as amended,30,0,0,4,https://malegislature.gov/Bills/194/H5192
194,H5192,J25,2026-03-03 10:00,Ought to pass - by substitution of a new draft,8,0,0,3,https://malegislature.gov/Bills/194/H5192
194,H5193,J23,2025-12-03 10:39,Joint Committee on Public Service,15,0,1,1,https://malegislature.gov/Bills/194/H5193
194,H5198,J25,2025-12-03 15:30,Ought to be sent to study,15,0,0,2,https://malegislature.gov/Bills/194/H5198
194,H5199,J25,2025-12-03 15:30,Ought to be sent to study,14,1,0,2,https://malegislature.gov/Bills/194/H5199
194,H520,J14,2026-02-05 15:34,Should H.520 be reported favorably to the House? ,11,0,0,0,https://malegislature.gov/Bills/194/H520
194,H5200,J25,2025-10-09 17:00,Ought to be sent to study,8,0,0,3,https://malegislature.gov/Bills/194/H5200
194,H5201,J27,2025-12-03 15:00,Study,15,2,1,2,https://malegislature.gov/Bills/194/H5201
194,H5202,J27,2025-12-18 12:00,Study,11,1,0,1,https://malegislature.gov/Bills/194/H5202
194,H5203,J26,2026-02-05 16:02,Study,9,0,2,0,https://malegislature.gov/Bills/194/H5203
194,H5204,J26,2026-01-15 17:23,Study,9,0,2,0,https://malegislature.gov/Bills/194/H5204
194,H5205,J26,2026-01-26 17:31,Study,8,0,2,1,https://malegislature.gov/Bills/194/H5205
194,H5206,J11,2026-01-16 14:25,Should this bill be studied further?,11,0,0,0,https://malegislature.gov/Bills/194/H5206
194,H5207,J11,2026-01-23 12:44,Study relative to certain insurance bills,11,0,0,0,https://malegislature.gov/Bills/194/H5207
194,H5208,J43,2026-01-07 15:00,Do you agree with the Chair's recommendation to study the bill?,10,0,0,1,https://malegislature.gov/Bills/194/H5208
194,H5209,J43,2026-02-04 14:01,Do you agree with the Chair's recommendation to study the bill?,10,0,1,0,https://malegislature.gov/Bills/194/H5209
194,H5210,J11,2025-12-16 11:14,Study relative to health insurance mandated benefits,11,0,0,0,https://malegislature.gov/Bills/194/H5210
194,H5211,J11,2025-12-12 15:43,Do you think that this bill should be studied further?,11,0,0,0,https://malegislature.gov/Bills/194/H5211
194,H5212,J11,2025-12-08 11:23,Study relative to in-patient substance abuse treatment,11,0,0,0,https://malegislature.gov/Bills/194/H5212
194,H5213,J11,2026-02-13 12:10,Study,11,0,0,0,https://malegislature.gov/Bills/194/H5213
194,H5214,J16,2026-01-29 17:00,Shall this bill be studied?,9,0,2,0,https://malegislature.gov/Bills/194/H5214
194,H5215,J21,2026-03-06 12:09,Should the Committee report the following bill out favorably?,8,0,2,1,https://malegislature.gov/Bills/194/H5215
194,H5216,J21,2026-03-06 12:14,Should the Committee report the following bill out favorably?,9,0,1,1,https://malegislature.gov/Bills/194/H5216
194,H5217,J21,2026-03-06 12:42,Should the Committee report the following bill out favorably?,8,0,2,1,https://malegislature.gov/Bills/194/H5217
194,H5218,J21,2026-03-06 12:56,Should the Committee report the following bill out favorably?,9,0,1,1,https://malegislature.gov/Bills/194/H5218
194,H5219,J21,2026-03-06 13:05,Should the Committee report the following bill out favorably?,9,0,1,1,https://malegislature.gov/Bills/194/H5219
194,H5222,J28,2026-03-06 12:00,Poll on H.1564,10,0,0,1,https://malegislature.gov/Bills/194/H5222
194,H5223,J11,2025-12-23 13:57,Study relative to health insurance matters,11,0,0,0,https://malegislature.gov/Bills/194/H5223
194,H5224,J11,2026-01-05 14:59,Study Poll Relative to Banking Matters,11,0,0,0,https://malegislature.gov/Bills/194/H5224
194,H5225,J11,2026-01-05 14:56,Study relative to certain health insurance mandated benefit bills,11,0,0,0,https://malegislature.gov/Bills/194/H5225
194,H5226,J11,2026-01-12 11:14,Study relative to certain health insurance matters,11,0,0,0,https://malegislature.gov/Bills/194/H5226
194,H5227,J15,2026-04-02 15:00,Poll/ Vote,11,0,0,0,https://malegislature.gov/Bills/194/H5227
194,H5228,J10,2026-03-06 10:00,ought to pass; redraft,11,0,0,0,https://malegislature.gov/Bills/194/H5228
194,H5229,J18,2026-03-06 12:30,Shall the bill be reported favorably accompanying a redraft?,10,0,2,1,https://malegislature.gov/Bills/194/H5229
194,H523,J14,2025-11-10 18:23,Should H.523 be reported favorably to the House?,11,0,0,0,https://malegislature.gov/Bills/194/H523
194,H5230,J18,2026-03-06 12:30,Shall the bill be reported favorably accompanying a redraft?,12,0,0,1,https://malegislature.gov/Bills/194/H5230
194,H5230,J24,2026-07-16 15:30,Favorable Report,13,0,0,0,https://malegislature.gov/Bills/194/H5230
194,H5231,J18,2026-03-06 12:30,Shall the bill be reported favorably accompanying a redraft?,12,0,0,1,https://malegislature.gov/Bills/194/H5231
194,H5233,J16,2026-01-29 17:00,Shall this bill be studied?,10,0,1,0,https://malegislature.gov/Bills/194/H5233
194,H5234,J16,2026-01-29 17:00,Shall this bill be studied? ,10,0,1,0,https://malegislature.gov/Bills/194/H5234
194,H5235,J16,2026-01-29 17:00,Shall this bill be studied?,10,1,0,0,https://malegislature.gov/Bills/194/H5235
194,H5236,J26,2026-03-06 17:21,Study,9,0,1,1,https://malegislature.gov/Bills/194/H5236
194,H5238,J26,2026-02-20 17:16,Study,9,0,1,1,https://malegislature.gov/Bills/194/H5238
194,H5239,J26,2026-02-13 17:27,Study,9,0,2,0,https://malegislature.gov/Bills/194/H5239
194,H524,J14,2025-09-05 14:05,Should H.524 reported favorably to the House?,10,0,1,0,https://malegislature.gov/Bills/194/H524
194,H5247,J21,2026-07-28 10:58,Should the Committee report the following bill favorably?,10,0,0,1,https://malegislature.gov/Bills/194/H5247
194,H5248,J23,2026-05-08 16:41,Favorable Report,10,0,0,1,https://malegislature.gov/Bills/194/H5248
194,H5255,J26,2026-03-13 13:48,Favorable as Redrafted,9,0,2,0,https://malegislature.gov/Bills/194/H5255
194,H5258,J12,2026-03-16 10:00,Favorable Redraft,11,0,2,0,https://malegislature.gov/Bills/194/H5258
194,H5259,J12,2026-03-16 10:00,Favorable Redraft,17,0,2,1,https://malegislature.gov/Bills/194/H5259
194,H5259,J24,2026-04-09 12:30,Ought to pass,13,0,0,0,https://malegislature.gov/Bills/194/H5259
194,H5260,J26,2026-06-25 16:42,Study,9,0,1,1,https://malegislature.gov/Bills/194/H5260
194,H5261,J10,2026-04-09 14:00,ought to pass,11,0,0,0,https://malegislature.gov/Bills/194/H5261
194,H5264,H34,2026-03-17 10:45,H.5033 “An Act making appropriations for the fiscal year 2026 to provide for supplementing certain existing appropriations and for certain other activities and projects” as amended,23,8,0,4,https://malegislature.gov/Bills/194/H5264
194,H5266,J21,2026-03-16 14:19,Should the Committee report the following bill out favorably?,8,0,3,0,https://malegislature.gov/Bills/194/H5266
194,H5267,J21,2026-03-16 14:08,Should the Committee report the following bill out favorably?,10,0,1,0,https://malegislature.gov/Bills/194/H5267
194,H5268,J21,2026-03-16 14:37,Should the Committee report the following bill out favorably?,9,1,1,0,https://malegislature.gov/Bills/194/H5268
194,H5269,J12,2026-03-16 10:00,Study,11,0,1,1,https://malegislature.gov/Bills/194/H5269
194,H5271,J17,2026-03-18 13:07,"Favorable, as Redraft",10,0,1,0,https://malegislature.gov/Bills/194/H5271
194,H5272,J17,2026-03-18 13:06,"Favorable, as Redraft",9,0,2,0,https://malegislature.gov/Bills/194/H5272
194,H5273,J17,2026-03-18 13:04,"Favorable, as Redraft",11,0,0,0,https://malegislature.gov/Bills/194/H5273
194,H5274,J18,2026-03-18 13:00,Shall the bill be reported favorably accompanying a redraft?,7,4,1,1,https://malegislature.gov/Bills/194/H5274
194,H5275,J18,2026-03-18 13:00,Shall the bill be reported favorably accompanying a redraft?,9,3,0,1,https://malegislature.gov/Bills/194/H5275
194,H5276,J18,2026-03-18 13:00,Shall the bill be reported favorably accompanying a redraft?,9,3,0,1,https://malegislature.gov/Bills/194/H5276
194,H5277,J27,2026-03-18 12:00,Redraft,11,0,2,0,https://malegislature.gov/Bills/194/H5277
194,H5278,J27,2026-03-18 12:00,Redraft,12,0,1,0,https://malegislature.gov/Bills/194/H5278
194,H5279,H34,2026-04-14 10:45,H.5279 “An Act financing long-term improvements to municipal roads and bridges” as amended,28,0,0,6,https://malegislature.gov/Bills/194/H5279
194,H5279,J27,2026-03-18 12:00,Redraft,20,0,0,0,https://malegislature.gov/Bills/194/H5279
194,H5279,J32,2026-04-07 15:20,Ought to pass,19,0,0,1,https://malegislature.gov/Bills/194/H5279
194,H528,J14,2025-11-26 10:20,Should H.528 be reported favorably to the House?,11,0,0,0,https://malegislature.gov/Bills/194/H528
194,H5280,S30,2026-04-02 11:00,Ought to pass with an amendment - New Text,16,0,2,0,https://malegislature.gov/Bills/194/H5280
194,H5282,J14,2026-03-18 10:15,Should H.542 be reported favorably as redrafted to the House?,11,0,0,0,https://malegislature.gov/Bills/194/H5282
194,H5283,J14,2026-03-18 10:15,Should H.547 be reported favorably as redrafted to the House? ,9,0,2,0,https://malegislature.gov/Bills/194/H5283
194,H5284,J14,2026-03-18 10:15,Should H.632 be reported favorably as redrafted to the House?,11,0,0,0,https://malegislature.gov/Bills/194/H5284
194,H5285,J14,2026-03-18 10:15,Should H.646 be reported favorably as redrafted to the House?,11,0,0,0,https://malegislature.gov/Bills/194/H5285
194,H5287,J23,2026-03-18 15:54,Favorable as Redrafted,9,0,1,1,https://malegislature.gov/Bills/194/H5287
194,H5288,J23,2026-03-18 15:54,Favorable as Redrafted,9,0,1,1,https://malegislature.gov/Bills/194/H5288
194,H5289,J23,2026-03-18 15:53,Favorable as Redrafted,9,0,1,1,https://malegislature.gov/Bills/194/H5289
194,H5290,J37,2026-03-18 15:18,Whether the billought to pass,10,0,0,1,https://malegislature.gov/Bills/194/H5290
194,H5291,J37,2026-03-18 14:59,Whether the bill ought to pass,10,0,0,1,https://malegislature.gov/Bills/194/H5291
194,H5292,J37,2026-03-18 15:14,Whether the bill ought to pass,10,0,0,1,https://malegislature.gov/Bills/194/H5292
194,H5293,H34,2026-03-24 10:45,"H.5293 “An Act promoting rule of law, oversight, trust, and equal constitutional treatment (“The PROTECT Act”)” as amended",25,0,7,2,https://malegislature.gov/Bills/194/H5293
194,H5293,J22,2026-03-20 13:10,Poll,11,0,2,0,https://malegislature.gov/Bills/194/H5293
194,H5298,J26,2026-06-25 16:42,Favorable,9,0,1,1,https://malegislature.gov/Bills/194/H5298
194,H5299,J13,2026-03-18 16:00,"Poll on H279 (as redrafted, see email)",7,0,4,0,https://malegislature.gov/Bills/194/H5299
194,H530,J14,2025-09-19 16:55,   Should H.530 be reported favorably to the House?,10,0,0,1,https://malegislature.gov/Bills/194/H530
194,H5300,J13,2026-03-18 16:00,"Poll on H296 (as redrafted, see email) ",11,0,0,0,https://malegislature.gov/Bills/194/H5300
194,H5301,J28,2026-03-18 12:00,"Poll on H.1553, Redrafted",8,1,1,1,https://malegislature.gov/Bills/194/H5301
194,H5302,J43,2026-03-18 15:00,Do you agree with the Chair's recommendation to give the bill a favorable report?,11,0,0,0,https://malegislature.gov/Bills/194/H5302
194,H5303,J16,2026-03-18 15:30,"Shall the bill be reported favorably with a new draft, accompanied by H2499?",11,0,0,0,https://malegislature.gov/Bills/194/H5303
194,H5303,J24,2026-07-16 15:00,Favorable Report,13,0,0,0,https://malegislature.gov/Bills/194/H5303
194,H5304,S30,2026-08-10 11:30,Ought to pass,18,0,0,0,https://malegislature.gov/Bills/194/H5304
194,H5306,J17,2026-03-18 11:12,Shall this be redrafted ,10,1,0,0,https://malegislature.gov/Bills/194/H5306
194,H5307,J21,2026-03-16 13:28,Should the Committee report the following bills to study?,9,0,2,0,https://malegislature.gov/Bills/194/H5307
194,H5309,J26,2026-03-13 14:15,Study,10,0,1,0,https://malegislature.gov/Bills/194/H5309
194,H5313,J26,2026-03-13 13:55,Study,9,1,1,0,https://malegislature.gov/Bills/194/H5313
194,H5314,J28,2026-08-13 14:00,Poll on H.5314,7,0,0,4,https://malegislature.gov/Bills/194/H5314
194,H5316,S30,2026-04-30 14:15,Ought to pass with an amendment - New Text,15,1,2,0,https://malegislature.gov/Bills/194/H5316
194,H5317,J10,2026-04-09 14:00,ought to pass,11,0,0,0,https://malegislature.gov/Bills/194/H5317
194,H5318,J26,2026-03-13 14:04,Study,9,0,2,0,https://malegislature.gov/Bills/194/H5318
194,H5320,J17,2026-03-18 13:05,Further Investigation and Study,11,0,0,0,https://malegislature.gov/Bills/194/H5320
194,H5323,J37,2026-03-17 15:00,Sent to study,11,0,0,0,https://malegislature.gov/Bills/194/H5323
194,H5324,J37,2026-03-18 14:59,Whether the bill be sent to study,16,0,0,1,https://malegislature.gov/Bills/194/H5324
194,H5325,J37,2026-03-18 15:24,Whether the bill ought to be sent to study,10,0,0,1,https://malegislature.gov/Bills/194/H5325
194,H5326,J27,2026-03-18 12:00,Study,12,0,1,0,https://malegislature.gov/Bills/194/H5326
194,H5327,J27,2026-03-18 12:00,Study,12,0,0,1,https://malegislature.gov/Bills/194/H5327
194,H5328,J27,2026-03-18 12:00,Study,13,0,0,0,https://malegislature.gov/Bills/194/H5328
194,H5329,J27,2026-03-18 12:00,Study,12,1,0,0,https://malegislature.gov/Bills/194/H5329
194,H5330,J16,2026-03-18 15:30, Shall this matter be placed in a study?,11,0,0,0,https://malegislature.gov/Bills/194/H5330
194,H5332,J10,2026-05-14 12:00,ought to pass,11,0,0,0,https://malegislature.gov/Bills/194/H5332
194,H5333,J10,2026-05-14 12:00,ought to pass,11,0,0,0,https://malegislature.gov/Bills/194/H5333
194,H5334,J26,2026-05-14 17:16,Favorable,9,0,2,0,https://malegislature.gov/Bills/194/H5334
194,H5335,J25,2026-07-06 10:00,Ought to pass,10,0,0,1,https://malegislature.gov/Bills/194/H5335
194,H5336,J11,2025-08-11 15:15,Put bill into Study,22,0,0,0,https://malegislature.gov/Bills/194/H5336
194,H5339,J17,2026-04-03 13:28,"Favorable, as Redraft",11,0,0,0,https://malegislature.gov/Bills/194/H5339
194,H5340,J17,2026-04-03 13:27,"Favorable, as Redraft",11,0,0,0,https://malegislature.gov/Bills/194/H5340
194,H5341,J17,2026-04-03 13:28,"Favorable, as Redraft",11,0,0,0,https://malegislature.gov/Bills/194/H5341
194,H5342,J17,2026-04-03 13:24,"Favorable, as Redraft",11,0,0,0,https://malegislature.gov/Bills/194/H5342
194,H5343,J17,2026-04-03 13:27,"Favorable, as Redraft",11,0,0,0,https://malegislature.gov/Bills/194/H5343
194,H5344,J17,2026-04-03 13:26,"Favorable, as Redraft",11,0,0,0,https://malegislature.gov/Bills/194/H5344
194,H5345,J17,2026-04-03 13:25,"Favorable, as Redraft",11,0,0,0,https://malegislature.gov/Bills/194/H5345
194,H5346,J17,2026-04-03 13:24,"Favorable, as Redraft",11,0,0,0,https://malegislature.gov/Bills/194/H5346
194,H5347,J17,2026-04-03 13:25,"Favorable, as Redraft",11,0,0,0,https://malegislature.gov/Bills/194/H5347
194,H5348,H34,2026-04-06 10:45,"H.5050 “An Act making appropriations for the fiscal year 2026 to provide for supplementing certain existing appropriations and for responding to recent federal actions in part, as amended",28,0,0,6,https://malegislature.gov/Bills/194/H5348
194,H5351,S29,2026-07-28 16:00,Placed in the Orders of the Day,7,0,0,0,https://malegislature.gov/Bills/194/H5351
194,H5354,J16,2026-03-18 15:30, Shall this matter be placed in a study?,11,0,0,0,https://malegislature.gov/Bills/194/H5354
194,H5358,J10,2026-05-14 12:00,ought to pass,11,0,0,0,https://malegislature.gov/Bills/194/H5358
194,H5359,J23,2026-06-12 15:04,Favorable Report,9,0,0,2,https://malegislature.gov/Bills/194/H5359
194,H5360,J27,2026-03-18 12:00,Study,11,0,0,2,https://malegislature.gov/Bills/194/H5360
194,H5361,J43,2026-02-25 15:00,Do you agree with the Chair's recommendation to study the bill?,9,1,0,1,https://malegislature.gov/Bills/194/H5361
194,H5362,J43,2026-02-13 16:00,Do you agree with the Chair's recommendation that the bill should be studied?,10,0,0,1,https://malegislature.gov/Bills/194/H5362
194,H5363,J21,2026-07-28 10:53,Should the Committee report the following bill favorably?,10,0,0,1,https://malegislature.gov/Bills/194/H5363
194,H5364,J10,2026-05-14 12:00,ought to pass,11,0,0,0,https://malegislature.gov/Bills/194/H5364
194,H5365,J10,2026-05-14 12:00,ought to pass as changed,11,0,0,0,https://malegislature.gov/Bills/194/H5365
194,H5368,J21,2026-03-16 14:29,Should the Committee report the following bill out favorably?,10,0,1,0,https://malegislature.gov/Bills/194/H5368
194,H5369,J21,2026-03-16 14:47,Should the Committee report the following bill out favorably?,9,0,2,0,https://malegislature.gov/Bills/194/H5369
194,H5371,J26,2026-03-13 13:20,Favorable,10,0,1,0,https://malegislature.gov/Bills/194/H5371
194,H5372,J25,2025-11-26 17:00,Ought to pass,10,0,0,1,https://malegislature.gov/Bills/194/H5372
194,H5373,J25,2026-04-10 11:00,Ought to pass by substitution of a new draft,9,0,0,2,https://malegislature.gov/Bills/194/H5373
194,H5374,J26,2026-05-14 17:19,Favorable,10,0,1,0,https://malegislature.gov/Bills/194/H5374
194,H5375,S30,2026-05-18 15:00,Ought to pass,14,0,2,2,https://malegislature.gov/Bills/194/H5375
194,H5376,J46,2026-06-15 12:00,Ought to pass,10,0,1,0,https://malegislature.gov/Bills/194/H5376
194,H5379,J10,2026-05-14 12:00,ought to pass,11,0,0,0,https://malegislature.gov/Bills/194/H5379
194,H5380,J23,2026-07-22 15:10,Favorable Report,10,0,0,1,https://malegislature.gov/Bills/194/H5380
194,H5384,J23,2026-07-22 15:09,Favorable Report,10,0,0,1,https://malegislature.gov/Bills/194/H5384
194,H5385,J24,2026-04-11 15:20,H1368 Favorable as Redrafted,10,0,3,0,https://malegislature.gov/Bills/194/H5385
194,H5387,J10,2026-05-14 12:00,ought to pass,11,0,0,0,https://malegislature.gov/Bills/194/H5387
194,H5388,J10,2026-05-14 12:00,ought to pass,11,0,0,0,https://malegislature.gov/Bills/194/H5388
194,H5389,J23,2026-07-29 14:35,Favorable Report,9,0,0,2,https://malegislature.gov/Bills/194/H5389
194,H5394,J26,2026-03-17 16:30,Study,11,5,1,0,https://malegislature.gov/Bills/194/H5394
194,H5397,J11,2026-01-12 11:29,Report as Redrafted,9,0,2,0,https://malegislature.gov/Bills/194/H5397
194,H5398,J23,2025-12-08 16:06,Favorable as Redrafted,8,0,0,3,https://malegislature.gov/Bills/194/H5398
194,H541,J14,2025-11-10 18:23,Should H.541 be reported favorably to the House? ,11,0,0,0,https://malegislature.gov/Bills/194/H541
194,H5416,J10,2026-05-14 12:00,ought to pass,11,0,0,0,https://malegislature.gov/Bills/194/H5416
194,H5417,J26,2026-07-01 17:06,Favorable,9,0,1,1,https://malegislature.gov/Bills/194/H5417
194,H5418,J26,2026-07-01 17:05,Favorable,9,0,1,1,https://malegislature.gov/Bills/194/H5418
194,H5419,J23,2026-05-08 16:42,Favorable as Redrafted Report,10,0,0,1,https://malegislature.gov/Bills/194/H5419
194,H5421,J27,2026-06-25 12:00,Favorable,11,0,0,2,https://malegislature.gov/Bills/194/H5421
194,H5426,J10,2026-06-24 15:00,ought to pass,11,0,0,0,https://malegislature.gov/Bills/194/H5426
194,H5427,J23,2026-07-22 15:07,Favorable Report,10,0,0,1,https://malegislature.gov/Bills/194/H5427
194,H5428,J23,2026-07-22 15:08,Favorable Report,10,0,0,1,https://malegislature.gov/Bills/194/H5428
194,H5429,J23,2026-06-26 14:40,Favorable Report,17,0,0,0,https://malegislature.gov/Bills/194/H5429
194,H543,J14,2025-09-05 14:00,Should H.543 reported favorably to the House? ,10,0,1,0,https://malegislature.gov/Bills/194/H543
194,H5430,J27,2026-06-25 12:00,Favorable,11,0,0,2,https://malegislature.gov/Bills/194/H5430
194,H5431,J22,2026-07-31 15:45,Poll,13,0,0,0,https://malegislature.gov/Bills/194/H5431
194,H5432,J21,2026-07-28 10:52,Should the Committee report the following bill favorably?,10,0,0,1,https://malegislature.gov/Bills/194/H5432
194,H5434,J10,2026-06-24 15:00,ought to pass,11,0,0,0,https://malegislature.gov/Bills/194/H5434
194,H5435,J23,2026-07-22 15:06,Favorable Report,10,0,0,1,https://malegislature.gov/Bills/194/H5435
194,H5436,J12,2026-07-29 13:00,Favorable,13,0,0,0,https://malegislature.gov/Bills/194/H5436
194,H544,J14,2026-03-18 10:15,Should H.544 be reported favorably to the House?,11,0,0,0,https://malegislature.gov/Bills/194/H544
194,H5440,S30,2026-08-10 11:30,Ought to pass,18,0,0,0,https://malegislature.gov/Bills/194/H5440
194,H5442,S30,2026-06-11 11:45,Ought to pass,15,0,2,1,https://malegislature.gov/Bills/194/H5442
194,H5446,J21,2026-07-28 10:52,Should the Committee report the following bill favorably?,10,0,0,1,https://malegislature.gov/Bills/194/H5446
194,H5447,J28,2026-07-31 12:00,Poll on H.5447,10,0,1,0,https://malegislature.gov/Bills/194/H5447
194,H5448,J10,2026-06-24 15:00,ought to pass,11,0,0,0,https://malegislature.gov/Bills/194/H5448
194,H5449,J10,2026-06-24 15:00,ought to pass,11,0,0,0,https://malegislature.gov/Bills/194/H5449
194,H5450,J17,2026-05-21 11:58,"Favorable, as Redraft",11,0,0,0,https://malegislature.gov/Bills/194/H5450
194,H5451,J17,2026-05-21 11:57,"Favorable, as Redraft",11,0,0,0,https://malegislature.gov/Bills/194/H5451
194,H5452,J17,2026-05-21 11:56,"Favorable, as Redraft",11,0,0,0,https://malegislature.gov/Bills/194/H5452
194,H5453,J17,2026-05-21 11:58,Study Order,11,0,0,0,https://malegislature.gov/Bills/194/H5453
194,H5455,J16,2026-05-22 15:00,"Shall H5087, An Act regulating the operation of medical spas, be reported out favorably with a new draft?",10,0,1,0,https://malegislature.gov/Bills/194/H5455
194,H5456,J10,2026-06-24 15:00,ought to pass,10,0,1,0,https://malegislature.gov/Bills/194/H5456
194,H5457,J26,2026-07-01 17:07,Favorable,9,0,1,1,https://malegislature.gov/Bills/194/H5457
194,H546,J14,2026-02-05 15:26,Should H.546 be reported favorably to the House? ,11,0,0,0,https://malegislature.gov/Bills/194/H546
194,H5462,J15,2026-09-01 12:00,Poll/Vote,11,0,0,0,https://malegislature.gov/Bills/194/H5462
194,H5463,J10,2026-06-24 15:00,ought to pass,11,0,0,0,https://malegislature.gov/Bills/194/H5463
194,H5467,J10,2026-06-24 15:00,ought to pass,11,0,0,0,https://malegislature.gov/Bills/194/H5467
194,H5469,H34,2026-06-02 11:00,"H.5050 “An Act making appropriations for the fiscal year 2026 to provide for supplementing certain existing appropriations and for responding to recent federal actions” in part, as amended",21,0,9,4,https://malegislature.gov/Bills/194/H5469
194,H5469,S30,2026-07-23 11:45,Ought to pass with an amendment - New Text,15,0,3,0,https://malegislature.gov/Bills/194/H5469
194,H5471,J12,2026-06-02 14:00,Favorable Redraft for H.5465,13,0,0,0,https://malegislature.gov/Bills/194/H5471
194,H5475,J21,2026-07-28 10:51,Should the Committee report the following bill favorably?,10,0,0,1,https://malegislature.gov/Bills/194/H5475
194,H5476,J10,2026-06-24 15:00,ought to pass,11,0,0,0,https://malegislature.gov/Bills/194/H5476
194,H5483,J21,2026-07-28 10:50,Should the Committee report the following bill favorably?,10,0,0,1,https://malegislature.gov/Bills/194/H5483
194,H5485,J10,2026-07-23 12:00,ought to pass,11,0,0,0,https://malegislature.gov/Bills/194/H5485
194,H5486,J10,2026-07-23 12:00,ought to pass,11,0,0,0,https://malegislature.gov/Bills/194/H5486
194,H5487,J26,2026-07-01 17:10,Favorable,9,0,1,1,https://malegislature.gov/Bills/194/H5487
194,H549,J14,2025-11-10 18:10,"Should H.549 be reported favorably to the House, accompanying H.666? ",11,0,0,0,https://malegislature.gov/Bills/194/H549
194,H5491,S30,2026-08-10 11:30,Ought to pass with an amendment - New Text,16,0,2,0,https://malegislature.gov/Bills/194/H5491
194,H5493,H34,2026-06-09 10:45,"H.5377 “An Act making appropriations for the fiscal year 2026 to provide for supplementing certain existing appropriations and for certain other activities and projects” in part, as amended",23,0,8,3,https://malegislature.gov/Bills/194/H5493
194,H5497,J10,2026-07-23 12:00,ought to pass,11,0,0,0,https://malegislature.gov/Bills/194/H5497
194,H5500,H34,2026-04-15 11:30,"H.2 “An Act making appropriations for the fiscal year 2027 for the maintenance of the departments, boards, commissions, institutions, and certain activities of the Commonwealth"" in part; as amended",22,0,8,4,https://malegislature.gov/Bills/194/H5500
194,H5501,S30,2026-05-05 13:55,Ought to pass with an amendment - New Text,16,0,2,0,https://malegislature.gov/Bills/194/H5501
194,H5502,H34,2026-07-31 10:45,H.5502 “An Act relative to school choice” as amended,29,0,0,5,https://malegislature.gov/Bills/194/H5502
194,H5502,J14,2026-06-05 11:30,Should H.4867 be reported favorably as redrafted to the House? ,11,0,0,0,https://malegislature.gov/Bills/194/H5502
194,H5503,J27,2026-07-15 17:00,Favorable,12,0,0,1,https://malegislature.gov/Bills/194/H5503
194,H5504,H34,2026-07-31 18:10,H.5504 “An Act authorizing the town of Hingham to grant to the Commonwealth of Massachusetts certain parcels of land in the town of Hingham for highway purposes” as amended,23,0,0,11,https://malegislature.gov/Bills/194/H5504
194,H5504,J27,2026-07-15 17:00,Favorable,13,0,0,0,https://malegislature.gov/Bills/194/H5504
194,H5509,J46,2026-06-15 12:00,Ought to pass,10,0,1,0,https://malegislature.gov/Bills/194/H5509
194,H5512,J10,2026-07-23 12:00,ought to pass,11,0,0,0,https://malegislature.gov/Bills/194/H5512
194,H5513,J23,2026-07-29 14:35,Favorable Report,9,0,0,2,https://malegislature.gov/Bills/194/H5513
194,H5515,J26,2026-07-29 16:15,Favorable,10,0,1,0,https://malegislature.gov/Bills/194/H5515
194,H5519,H34,2026-07-08 10:45,H.5519 “An Act providing for the terms of certain bonds to be issued by the Commonwealth” as amended,27,0,0,7,https://malegislature.gov/Bills/194/H5519
194,H5519,J32,2026-07-02 16:45,Yes to Be Ingrossed as Written,13,0,0,0,https://malegislature.gov/Bills/194/H5519
194,H5520,J23,2026-08-26 15:05,Favorable Report,15,0,0,1,https://malegislature.gov/Bills/194/H5520
194,H5521,J15,2026-09-01 12:00,Poll/Vote,11,0,0,0,https://malegislature.gov/Bills/194/H5521
194,H5522,J21,2026-07-28 10:49,Should the Committee report the following bill favorably?,10,0,0,1,https://malegislature.gov/Bills/194/H5522
194,H5523,J21,2026-07-28 10:48,Should the Committee report the following bill favorably?,10,0,0,1,https://malegislature.gov/Bills/194/H5523
194,H5524,J10,2026-07-23 12:00,ought to pass,11,0,0,0,https://malegislature.gov/Bills/194/H5524
194,H5526,J26,2026-07-29 16:15,Favorable,9,0,2,0,https://malegislature.gov/Bills/194/H5526
194,H5527,H34,2026-07-06 10:45,"H.5527 “An Act relative to Massachusetts winning global investment, talent, and innovation” as amended",20,0,5,9,https://malegislature.gov/Bills/194/H5527
194,H5527,J12,2026-06-22 15:00,Favorable Redraft ,18,0,2,0,https://malegislature.gov/Bills/194/H5527
194,H5527,J32,2026-07-02 16:30,Yes to be Ingrossed as it is Written,18,0,2,0,https://malegislature.gov/Bills/194/H5527
194,H5529,J27,2026-07-15 17:00,Favorable,13,0,0,0,https://malegislature.gov/Bills/194/H5529
194,H5532,J21,2026-07-28 10:46,Should the Committee report the following bill favorably?,10,0,0,1,https://malegislature.gov/Bills/194/H5532
194,H5533,J21,2026-07-28 10:47,Should the Committee report the following bill favorably?,10,0,0,1,https://malegislature.gov/Bills/194/H5533
194,H5534,H34,2026-06-29 10:45,H.5534 “An Act making certain appropriations for the fiscal year 2027 before final action on the General Appropriation Bill”,30,0,0,4,https://malegislature.gov/Bills/194/H5534
194,H5539,J15,2026-09-01 12:00,Poll/Vote,11,0,0,0,https://malegislature.gov/Bills/194/H5539
194,H5541,H34,2026-07-28 10:45,H.5541“An Act authorizing the Massachusetts Department of Transportation to take easements over certain land located in the city of Woburn and the town of Burlington held in trust by the city of Bosto,32,0,0,2,https://malegislature.gov/Bills/194/H5541
194,H5541,J27,2026-06-25 12:00,Redraft,11,0,0,2,https://malegislature.gov/Bills/194/H5541
194,H5542,J15,2026-09-01 12:00,Poll/Vote?,11,0,0,0,https://malegislature.gov/Bills/194/H5542
194,H5546,J17,2026-06-26 16:00,"Favorable, as Redraft",11,0,0,0,https://malegislature.gov/Bills/194/H5546
194,H5547,J17,2026-06-26 16:00,"Favorable, as Redraft",11,0,0,0,https://malegislature.gov/Bills/194/H5547
194,H5548,J17,2026-06-26 16:00,"Favorable, as Redraft",11,0,0,0,https://malegislature.gov/Bills/194/H5548
194,H555,J14,2025-08-01 17:00,Should H.555 be reported favorably to the House?,10,0,0,1,https://malegislature.gov/Bills/194/H555
194,H5554,J28,2026-07-31 12:00,Poll on H.5554,10,0,1,0,https://malegislature.gov/Bills/194/H5554
194,H5556,J15,2026-09-01 12:00,Poll/Vote?,11,0,0,0,https://malegislature.gov/Bills/194/H5556
194,H5560,J47,2026-07-02 16:30,Poll?,8,0,2,0,https://malegislature.gov/Bills/194/H5560
194,H5563,J21,2026-07-28 10:45,Should the Committee report the following bill favorably?,10,0,0,1,https://malegislature.gov/Bills/194/H5563
194,H5564,J10,2026-07-23 12:00,ought to pass,11,0,0,0,https://malegislature.gov/Bills/194/H5564
194,H5567,J25,2026-07-06 10:00,Ought to pass – by substitution of a new draft,10,0,0,1,https://malegislature.gov/Bills/194/H5567
194,H5570,J21,2026-07-28 10:45,Should the Committee report the following bill favorably?,10,0,0,1,https://malegislature.gov/Bills/194/H5570
194,H5571,J10,2026-07-23 12:00,ought to pass,11,0,0,0,https://malegislature.gov/Bills/194/H5571
194,H5574,J26,2026-06-25 16:17,Study,9,0,1,1,https://malegislature.gov/Bills/194/H5574
194,H5575,J26,2026-06-25 16:41,Study,9,0,1,1,https://malegislature.gov/Bills/194/H5575
194,H5576,S30,2026-07-16 11:45,Ought to pass with an amendment - New Text,16,0,2,0,https://malegislature.gov/Bills/194/H5576
194,H5578,J10,2026-07-23 12:00,ought to pass,11,0,0,0,https://malegislature.gov/Bills/194/H5578
194,H5580,J11,2026-07-13 16:07,Study expanding treatment of cleft palate and cleft lip,11,0,0,0,https://malegislature.gov/Bills/194/H5580
194,H5582,J17,2026-06-26 16:00,"Favorable, as Redraft",11,0,0,0,https://malegislature.gov/Bills/194/H5582
194,H5587,J21,2026-07-28 10:41,Should the Committee report the following bill favorably?,10,0,0,1,https://malegislature.gov/Bills/194/H5587
194,H5590,J24,2026-07-16 19:13,Favorable as Redrafted,10,0,3,0,https://malegislature.gov/Bills/194/H5590
194,H5594,J13,2026-07-20 12:00,Ought to pass – by substitution of a New Draft,13,0,4,0,https://malegislature.gov/Bills/194/H5594
194,H5595,S29,2026-07-30 12:00,Placed in the Orders of the Day with an amendment,5,1,1,0,https://malegislature.gov/Bills/194/H5595
194,H5596,J26,2026-06-24 15:45,Study,10,1,1,5,https://malegislature.gov/Bills/194/H5596
194,H5599,J10,2026-07-23 12:00,ought to pass; redraft,11,0,0,0,https://malegislature.gov/Bills/194/H5599
194,H56,J23,2025-12-02 13:28,Joint Committee on Public Service,14,1,1,1,https://malegislature.gov/Bills/194/H56
194,H560,J14,2025-11-10 18:25,Should H.560 be reported favorably to the House? ,11,0,0,0,https://malegislature.gov/Bills/194/H560
194,H5600,J10,2026-07-23 12:00,ought to pass; redraft,11,0,0,0,https://malegislature.gov/Bills/194/H5600
194,H5601,J10,2026-07-23 12:00,ought to pass; redraft,11,0,0,0,https://malegislature.gov/Bills/194/H5601
194,H561,J14,2025-11-10 18:21,Should H.561 be reported favorably to the House? ,11,0,0,0,https://malegislature.gov/Bills/194/H561
194,H562,J14,2025-11-10 18:18,Should H.562 be reported favorably to the House?,11,0,0,0,https://malegislature.gov/Bills/194/H562
194,H5628,J13,2026-07-30 17:00,"Poll on H5286 (as redrafted, see email) ",11,0,0,0,https://malegislature.gov/Bills/194/H5628
194,H5643,J21,2026-07-28 10:34,Should the Committee report the following bill to study?,10,0,0,1,https://malegislature.gov/Bills/194/H5643
194,H5646,J26,2026-07-29 17:13,Study,10,0,1,0,https://malegislature.gov/Bills/194/H5646
194,H5647,J28,2026-07-31 12:00,Poll to report H.4163 to a Study Order,10,1,0,0,https://malegislature.gov/Bills/194/H5647
194,H565,J14,2025-12-12 15:30,Should H.565 be reported favorably to the House?,11,0,0,0,https://malegislature.gov/Bills/194/H565
194,H5662,J25,2026-08-21 17:00,Ought to pass – by substitution of a new draft,9,0,0,2,https://malegislature.gov/Bills/194/H5662
194,H5663,J17,2026-08-21 14:00,Further Investigation and Study Order,11,0,0,0,https://malegislature.gov/Bills/194/H5663
194,H567,J14,2025-08-01 17:00,Should H.567 be reported favorably to the House? ,10,0,0,1,https://malegislature.gov/Bills/194/H567
194,H571,J14,2025-09-05 14:00,Should H.571 reported favorably to the House? ,10,0,1,0,https://malegislature.gov/Bills/194/H571
194,H574,J14,2025-11-10 18:15,"Should H.574 be reported favorably to the House, accompanying H.666?",11,0,0,0,https://malegislature.gov/Bills/194/H574
194,H575,J14,2025-09-12 18:17,Should H.575 be reported favorably to the House?,9,2,0,0,https://malegislature.gov/Bills/194/H575
194,H576,J14,2025-09-05 14:00, Should H.576 be reported favorably to the House? ,10,0,1,0,https://malegislature.gov/Bills/194/H576
194,H585,J14,2025-09-12 18:24,Should H.585 be reported favorably to the House?,11,0,0,0,https://malegislature.gov/Bills/194/H585
194,H589,J14,2025-11-10 18:18,Should H.589 be reported favorably to the House?,11,0,0,0,https://malegislature.gov/Bills/194/H589
194,H590,J14,2025-09-19 16:45,Should H.590 be reported favorably to the House?,10,0,0,1,https://malegislature.gov/Bills/194/H590
194,H591,J14,2025-09-12 18:15,Should H.591 be reported favorably to the House?,11,0,0,0,https://malegislature.gov/Bills/194/H591
194,H592,J14,2025-09-05 14:05,Should H.592 reported favorably to the House? ,10,0,1,0,https://malegislature.gov/Bills/194/H592
194,H594,J14,2025-10-23 11:22,"Should H.594 be reported favorably to the House, accompanying H627? ",11,0,0,0,https://malegislature.gov/Bills/194/H594
194,H598,J14,2025-09-19 16:45,Should H.598 be reported favorably to the House?,10,0,0,1,https://malegislature.gov/Bills/194/H598
194,H6,J25,2025-12-03 15:30,Ought to pass,15,0,0,2,https://malegislature.gov/Bills/194/H6
194,H600,J14,2025-09-19 16:55,Should H.600 be reported favorably to the House?,10,0,0,1,https://malegislature.gov/Bills/194/H600
194,H602,J14,2025-07-23 17:00,Should H.602 be reported favorably to the House?   ,10,0,0,1,https://malegislature.gov/Bills/194/H602
194,H604,J14,2025-11-10 18:18,Should H.604 be reported favorably to the House? ,11,0,0,0,https://malegislature.gov/Bills/194/H604
194,H605,J14,2025-11-10 18:15,Should H.605 be reported favorably to the House? ,11,0,0,0,https://malegislature.gov/Bills/194/H605
194,H611,J14,2025-09-19 16:45,Should H.611 be reported favorably to the House? ,10,0,0,1,https://malegislature.gov/Bills/194/H611
194,H619,J14,2025-09-19 16:55, Should H.619 be reported favorably to the House? ,10,0,0,1,https://malegislature.gov/Bills/194/H619
194,H621,J14,2025-09-05 14:00,Should H.621 be reported favorably to the House?,10,0,1,0,https://malegislature.gov/Bills/194/H621
194,H622,J14,2025-09-05 14:00,Should H.622 be reported favorably to the House? ,10,0,1,0,https://malegislature.gov/Bills/194/H622
194,H624,J14,2025-10-23 10:18,Should H.624 be reported favorably to the House?,11,0,0,0,https://malegislature.gov/Bills/194/H624
194,H625,J14,2025-09-05 14:00,Should H.625 be reported favorably to the House? ,10,0,1,0,https://malegislature.gov/Bills/194/H625
194,H627,H34,2025-10-28 10:45,H.627 “An Act relative to the strengthening of financial literacy throughout the commonwealth” as amended,26,0,6,4,https://malegislature.gov/Bills/194/H627
194,H627,J14,2025-10-23 10:28,"Should H.627 be reported as favorably to the House, accompanied by H636, H46, and H594? ",11,0,0,0,https://malegislature.gov/Bills/194/H627
194,H628,J14,2025-11-10 18:15,Should H.628 be reported favorably to the House? ,11,0,0,0,https://malegislature.gov/Bills/194/H628
194,H629,H34,2025-10-28 10:45,H.629 “An Act expanding student access to the state seal of biliteracy” as amended,31,0,1,4,https://malegislature.gov/Bills/194/H629
194,H629,J14,2025-07-23 17:00, Should H.629 be reported favorably to the House? ,10,0,0,1,https://malegislature.gov/Bills/194/H629
194,H630,J14,2025-08-01 17:00,Should H.630 be reported favorably to the House?   ,10,0,0,1,https://malegislature.gov/Bills/194/H630
194,H634,J14,2025-11-26 10:20,Should H.634 be reported favorably to the House?   ,11,0,0,0,https://malegislature.gov/Bills/194/H634
194,H636,J14,2025-10-23 10:29,"Should H.636 be reported favorably to the House, accompanying H627? ",11,0,0,0,https://malegislature.gov/Bills/194/H636
194,H637,J14,2026-03-18 10:15,Should H.637 be reported favorably to the House?,11,0,0,0,https://malegislature.gov/Bills/194/H637
194,H638,J14,2025-09-12 18:12,Should H.638 be reported favorably to the House?,11,0,0,0,https://malegislature.gov/Bills/194/H638
194,H644,J14,2025-10-17 16:30,Should H.644 be reported favorably to the House?  ,10,0,0,1,https://malegislature.gov/Bills/194/H644
194,H650,J14,2025-07-23 17:00,Should H.650 be reported favorably to the House? ,10,0,0,1,https://malegislature.gov/Bills/194/H650
194,H652,J14,2025-09-19 16:45,Should H.652 be reported favorably to the House? ,10,0,0,1,https://malegislature.gov/Bills/194/H652
194,H653,J14,2025-08-01 17:00,Should H.653 be reported favorably to the House?   ,10,0,0,1,https://malegislature.gov/Bills/194/H653
194,H655,J14,2026-02-27 18:00,Should H.655 be reported favorably to the House? ,9,0,2,0,https://malegislature.gov/Bills/194/H655
194,H656,J14,2025-11-10 18:15,Should H.656 be reported favorably to the House? ,9,0,2,0,https://malegislature.gov/Bills/194/H656
194,H657,J14,2026-02-27 18:00,Should H.657 be reported favorably to the House? ,11,0,0,0,https://malegislature.gov/Bills/194/H657
194,H663,J14,2025-09-05 14:00,Should H.663 be reported favorably to the House? ,10,0,1,0,https://malegislature.gov/Bills/194/H663
194,H667,J14,2025-09-12 18:10,Should H.667 be reported favorably to the House?,11,0,0,0,https://malegislature.gov/Bills/194/H667
194,H668,J14,2026-02-27 17:37,Should H.668 be reported favorably to the House?,11,0,0,0,https://malegislature.gov/Bills/194/H668
194,H670,J14,2026-02-05 15:28,Should H.670 be reported favorably to the House? ,11,0,0,0,https://malegislature.gov/Bills/194/H670
194,H675,J14,2026-02-05 15:32,Should H.675 be reported favorably to the House? ,11,0,0,0,https://malegislature.gov/Bills/194/H675
194,H678,J14,2025-08-01 17:00,Should H.678 be reported favorably to the House?   ,10,0,0,1,https://malegislature.gov/Bills/194/H678
194,H684,J16,2025-12-09 14:00,Shall the bill be reported favorably?,11,0,0,0,https://malegislature.gov/Bills/194/H684
194,H685,J14,2025-11-26 10:20,Should H.685 be reported favorably to the House? ,11,0,0,0,https://malegislature.gov/Bills/194/H685
194,H691,J14,2026-03-18 10:15,Should H.691 be reported favorably to the House?,11,0,0,0,https://malegislature.gov/Bills/194/H691
194,H696,J14,2025-11-10 18:15,"Should H.696 be reported favorably to the House, accompanying H.666?",11,0,0,0,https://malegislature.gov/Bills/194/H696
194,H698,J14,2025-10-17 16:40,"Should H.698 be reported favorably, accompanying H.669 to the House?   ",10,0,0,1,https://malegislature.gov/Bills/194/H698
194,H699,J14,2025-09-19 16:55, Should H.699 be reported favorably to the House? ,10,0,0,1,https://malegislature.gov/Bills/194/H699
194,H7,J25,2025-12-03 15:30,Ought to pass,15,0,0,2,https://malegislature.gov/Bills/194/H7
194,H705,J14,2025-09-05 14:00,Should H.705 be reported favorably to the House? ,10,0,1,0,https://malegislature.gov/Bills/194/H705
194,H713,J14,2025-07-23 17:00,Should H.713 be reported favorably to the House?   ,10,0,0,1,https://malegislature.gov/Bills/194/H713
194,H714,J14,2025-08-01 17:00,Should H.714 be reported favorably to the House?   ,10,0,0,1,https://malegislature.gov/Bills/194/H714
194,H715,J14,2025-11-10 18:15,"Should H.715 be reported favorably to the House, accompanying H.666?",11,0,0,0,https://malegislature.gov/Bills/194/H715
194,H717,J14,2026-03-18 10:15,Should H.717 be reported favorably to the House?,11,0,0,0,https://malegislature.gov/Bills/194/H717
194,H718,J14,2025-09-05 14:00,Should H.718 be reported favorably to the House? ,10,0,1,0,https://malegislature.gov/Bills/194/H718
194,H72,J33,2025-09-08 10:16,"Advanced Info Tech, the Internet and Cybersecurity Poll",9,0,1,1,https://malegislature.gov/Bills/194/H72
194,H720,J14,2025-11-10 18:15,"Should H.720 be reported favorably to the House, accompanying H.666?",11,0,0,0,https://malegislature.gov/Bills/194/H720
194,H726,J14,2026-02-05 15:54,Should H.726 be reported favorably to the House?,11,0,0,0,https://malegislature.gov/Bills/194/H726
194,H727,J14,2025-08-01 17:00,Should H.727 be reported favorably to the House?   ,10,0,0,1,https://malegislature.gov/Bills/194/H727
194,H729,J14,2026-02-05 15:52,Should H.729 be reported favorably to the House? ,11,0,0,0,https://malegislature.gov/Bills/194/H729
194,H730,J14,2025-09-05 14:00,Should H.730 be reported favorably to the House? ,10,0,1,0,https://malegislature.gov/Bills/194/H730
194,H731,J14,2025-09-05 14:00,Should H.731 be reported favorably to the House?,10,0,1,0,https://malegislature.gov/Bills/194/H731
194,H736,J14,2026-02-05 15:31,Should H.736 be reported favorably to the House?,11,0,0,0,https://malegislature.gov/Bills/194/H736
194,H748,J14,2025-09-05 14:00,Should H.748 be reported favorably to the House? ,10,0,1,0,https://malegislature.gov/Bills/194/H748
194,H749,J14,2025-09-12 17:10,Should H.749 be reported favorably to the House?,11,0,0,0,https://malegislature.gov/Bills/194/H749
194,H75,J33,2025-09-08 10:32,"Advanced Info Tech, the Internet and Cybersecurity Poll",9,0,1,1,https://malegislature.gov/Bills/194/H75
194,H751,J14,2025-12-12 15:30,Should H.751 be reported favorably to the House? ,11,0,0,0,https://malegislature.gov/Bills/194/H751
194,H752,J14,2026-02-05 15:29,Should H.752 be reported favorably to the House? ,11,0,0,0,https://malegislature.gov/Bills/194/H752
194,H758,J46,2025-08-08 12:00,August Poll,9,0,1,1,https://malegislature.gov/Bills/194/H758
194,H76,H34,2026-02-10 10:45,H.76 “An Act to protect against election misinformation” as amended,24,0,7,4,https://malegislature.gov/Bills/194/H76
194,H76,J33,2025-12-03 13:00,AITIC Committee Poll,8,1,0,2,https://malegislature.gov/Bills/194/H76
194,H760,J24,2026-04-11 15:33,H760 Favorable Report,13,0,0,0,https://malegislature.gov/Bills/194/H760
194,H760,J46,2025-11-14 12:00,To be reported out favorably?,11,0,0,0,https://malegislature.gov/Bills/194/H760
194,H762,H34,2026-07-28 10:45,H.762 “An Act relative to home care services” as amended,31,0,0,3,https://malegislature.gov/Bills/194/H762
194,H762,J24,2026-04-09 12:30,Favorable Report,13,0,0,0,https://malegislature.gov/Bills/194/H762
194,H762,J46,2025-08-08 12:00,August Poll,9,0,1,1,https://malegislature.gov/Bills/194/H762
194,H763,J46,2025-11-14 12:00,To be reported out favorably?,9,0,2,0,https://malegislature.gov/Bills/194/H763
194,H764,J16,2025-07-07 12:00,"Should H764, An Act boosting flu prevention for seniors be reported out with Recommendation: Ought to pass, report to the House?",10,1,0,0,https://malegislature.gov/Bills/194/H764
194,H764,J24,2026-04-11 15:31,Attach to H760 Favorable Report,13,0,0,0,https://malegislature.gov/Bills/194/H764
194,H767,J24,2025-11-21 16:08,H767 reported favorably,13,0,0,0,https://malegislature.gov/Bills/194/H767
194,H77,J33,2025-12-03 13:00,AITIC Committee Poll,8,1,0,2,https://malegislature.gov/Bills/194/H77
194,H776,J46,2025-08-08 12:00,August Poll,9,0,1,1,https://malegislature.gov/Bills/194/H776
194,H785,J11,2025-09-08 13:00,Favorable report on pharmacy matters,11,0,0,0,https://malegislature.gov/Bills/194/H785
194,H786,J46,2025-11-14 12:00,To be reported out favorably?,11,0,0,0,https://malegislature.gov/Bills/194/H786
194,H790,J46,2025-11-14 12:00,To be reported out favorably?,11,0,0,0,https://malegislature.gov/Bills/194/H790
194,H791,J46,2025-08-08 12:00,August Poll,9,0,1,1,https://malegislature.gov/Bills/194/H791
194,H804,J15,2025-08-13 15:40,Poll/Vote,9,0,2,0,https://malegislature.gov/Bills/194/H804
194,H805,J15,2025-08-13 15:40,Poll/Vote,9,0,2,0,https://malegislature.gov/Bills/194/H805
194,H806,J15,2025-11-14 17:30,Poll/Vote,9,0,2,0,https://malegislature.gov/Bills/194/H806
194,H82,J33,2025-09-08 10:37,"Advanced Info Tech, the Internet and Cybersecurity Poll",9,0,1,1,https://malegislature.gov/Bills/194/H82
194,H822,J15,2025-08-13 15:40,Poll/Vote,9,0,2,0,https://malegislature.gov/Bills/194/H822
194,H825,J15,2025-11-14 17:30,Poll/Vote,9,0,2,0,https://malegislature.gov/Bills/194/H825
194,H83,J33,2025-12-03 17:32,AITIC Committee Poll,8,1,0,2,https://malegislature.gov/Bills/194/H83
194,H832,J15,2025-08-13 15:40,Poll/Vote,9,0,2,0,https://malegislature.gov/Bills/194/H832
194,H836,J15,2025-11-14 17:30,Poll/Vote,10,0,1,0,https://malegislature.gov/Bills/194/H836
194,H837,J15,2025-08-13 15:40,Poll/Vote,9,0,2,0,https://malegislature.gov/Bills/194/H837
194,H84,J33,2025-09-08 10:41,"Advanced Info Tech, the Internet and Cybersecurity Poll",9,0,1,1,https://malegislature.gov/Bills/194/H84
194,H846,H34,2026-02-10 10:45,H.846“An Act enhancing disclosure requirements for synthetic media in political advertising” as amended,31,0,0,4,https://malegislature.gov/Bills/194/H846
194,H846,J15,2025-08-13 15:40,Poll/Vote,9,0,2,0,https://malegislature.gov/Bills/194/H846
194,H848,J15,2026-03-18 12:00,Poll/Vote,9,2,0,0,https://malegislature.gov/Bills/194/H848
194,H856,J15,2025-08-13 15:40,Poll/Vote,9,0,2,0,https://malegislature.gov/Bills/194/H856
194,H858,J15,2025-08-13 15:40,Poll/Vote,9,0,2,0,https://malegislature.gov/Bills/194/H858
194,H860,J15,2025-08-13 15:40,Poll/Vote,9,0,2,0,https://malegislature.gov/Bills/194/H860
194,H868,J15,2025-11-14 17:30,Poll/Vote,9,0,2,0,https://malegislature.gov/Bills/194/H868
194,H876,J15,2025-10-06 11:00,Poll/Vote,10,0,1,0,https://malegislature.gov/Bills/194/H876
194,H883,J52,2025-11-20 12:00,Shall the bill be reported favorably?,11,0,0,0,https://malegislature.gov/Bills/194/H883
194,H884,J52,2025-11-20 12:00,Shall the bill be reported favorably?,11,0,0,0,https://malegislature.gov/Bills/194/H884
194,H885,J52,2025-11-20 12:00,Shall the bill be reported favorably with changes?,11,0,0,0,https://malegislature.gov/Bills/194/H885
194,H886,J21,2025-07-31 13:05,Should the Committee report the following bill out favorably?,9,0,1,1,https://malegislature.gov/Bills/194/H886
194,H887,J21,2025-09-15 13:13,Should the Committee report the following bill out favorably?,11,0,0,0,https://malegislature.gov/Bills/194/H887
194,H899,J21,2025-07-02 13:23,Should the Committee report the following bill out favorably?,11,0,0,0,https://malegislature.gov/Bills/194/H899
194,H899,S29,2026-07-15 16:00,Placed in the Orders of the Day,6,0,1,0,https://malegislature.gov/Bills/194/H899
194,H900,J21,2026-03-16 14:57,Should the Committee report the following bill out favorably?,9,1,1,0,https://malegislature.gov/Bills/194/H900
194,H902,J21,2025-09-29 16:12,Should the Committee report the following bill out favorably?,11,0,0,0,https://malegislature.gov/Bills/194/H902
194,H904,J21,2025-07-31 13:06,Should the Committee report the following bill out favorably?,9,0,1,1,https://malegislature.gov/Bills/194/H904
194,H909,J21,2026-02-20 14:35,Should the Committee report the following bill out favorably?,8,2,0,1,https://malegislature.gov/Bills/194/H909
194,H91,J33,2025-11-14 14:11,AITIC Committee Poll,9,1,0,1,https://malegislature.gov/Bills/194/H91
194,H915,J21,2025-11-25 16:08,H915 - An Act expanding access to trails for people of all abilities,10,1,0,0,https://malegislature.gov/Bills/194/H915
194,H92,J33,2025-10-02 11:20,AITIC Committee Poll,9,1,0,1,https://malegislature.gov/Bills/194/H92
194,H924,J21,2025-09-29 16:16,Should the Committee report the following bill out favorably?,11,0,0,0,https://malegislature.gov/Bills/194/H924
194,H924,S29,2026-01-27 12:00,Placed in the Orders of the Day,7,0,0,0,https://malegislature.gov/Bills/194/H924
194,H926,J21,2025-07-31 13:08,Should the Committee report the following bill out favorably?,9,0,1,1,https://malegislature.gov/Bills/194/H926
194,H932,J21,2026-01-22 16:12,An Act relative to the pesticide board,10,0,0,1,https://malegislature.gov/Bills/194/H932
194,H938,J21,2026-03-16 14:09,Should the Committee report the following bill out favorably?,9,1,1,0,https://malegislature.gov/Bills/194/H938
194,H944,J21,2026-03-06 12:02,Should the Committee report the following bill out favorably?,8,1,1,1,https://malegislature.gov/Bills/194/H944
194,H945,J21,2025-07-31 13:08,Should the Committee report the following bill out favorably?,9,0,1,1,https://malegislature.gov/Bills/194/H945
194,H946,J21,2025-12-30 16:02,Should the committee report the following bill out favorably?,10,0,0,1,https://malegislature.gov/Bills/194/H946
194,H950,J21,2026-01-22 16:14,An Act governing the use of pesticides containing the herbicide substance Glyphosate in the Commonwealth,10,0,0,1,https://malegislature.gov/Bills/194/H950
194,H954,J21,2026-01-22 16:15,An Act empowering vulnerable municipalities to protect residents and the environment from harmful pesticides,10,0,0,1,https://malegislature.gov/Bills/194/H954
194,H956,J21,2025-07-02 13:26,Should the Committee report the following bill out favorably?,10,1,0,0,https://malegislature.gov/Bills/194/H956
194,H957,J21,2025-08-29 08:04,Should the Committee report the following bill out favorably?,10,1,0,0,https://malegislature.gov/Bills/194/H957
194,H958,J21,2025-10-24 13:44,Should the Committee report the following bill out favorably?,7,1,1,2,https://malegislature.gov/Bills/194/H958
194,H959,J21,2025-09-15 13:22,Should the Committee report the following bill out favorably?,10,0,1,0,https://malegislature.gov/Bills/194/H959
194,H961,J21,2025-09-29 16:17,Should the Committee report the following bill out favorably?,10,0,1,0,https://malegislature.gov/Bills/194/H961
194,H962,J21,2026-01-22 16:16,An Act relative to the use of chlorpyrifos in the Commonwealth,10,0,0,1,https://malegislature.gov/Bills/194/H962
194,H967,J21,2026-03-06 12:51,Should the Committee report the following bill out favorably?,8,0,2,1,https://malegislature.gov/Bills/194/H967
194,H968,J21,2025-07-31 13:14,Should the Committee report the following bill out favorably?,9,0,1,1,https://malegislature.gov/Bills/194/H968
194,H97,J33,2025-12-03 13:04,AITIC Committee Poll,8,1,0,2,https://malegislature.gov/Bills/194/H97
194,H971,J21,2025-11-25 16:09,H971 - An Act establishing a pilot program for nature-based solutions to climate change,10,1,0,0,https://malegislature.gov/Bills/194/H971
194,H972,J21,2025-07-02 13:27,Should the Committee report the following bill out favorably?,11,0,0,0,https://malegislature.gov/Bills/194/H972
194,H976,J21,2026-02-20 14:39,Should the Committee report the following bill out favorably?,8,1,1,1,https://malegislature.gov/Bills/194/H976
194,H977,J21,2026-02-20 14:48,Should the Committee report the following bill out favorably?,8,2,0,1,https://malegislature.gov/Bills/194/H977
194,H981,J21,2026-01-22 16:17,An Act to protect pollinator habitat,10,0,0,1,https://malegislature.gov/Bills/194/H981
194,H984,J21,2025-07-02 13:27,Should the Committee report the following bill out favorably?,11,0,0,0,https://malegislature.gov/Bills/194/H984
194,H985,J21,2026-01-22 16:20,An Act establishing an ecologically-based mosquito management program in the Commonwealth to protect public health,10,0,0,1,https://malegislature.gov/Bills/194/H985
194,H986,J21,2025-09-29 16:20,Should the Committee report the following bill out favorably?,11,0,0,0,https://malegislature.gov/Bills/194/H986
194,H987,J21,2025-08-29 08:06,Should the Committee report the following bill out favorably?,10,1,0,0,https://malegislature.gov/Bills/194/H987
194,H990,J21,2026-03-16 14:53,Should the Committee report the following bill out favorably?,10,0,1,0,https://malegislature.gov/Bills/194/H990
194,H991,J21,2026-02-20 14:50,Should the Committee report the following bill out favorably?,9,1,0,1,https://malegislature.gov/Bills/194/H991
194,H996,J21,2025-07-31 13:21,Should the Committee report the following bill out favorably?,9,0,1,1,https://malegislature.gov/Bills/194/H996
194,H997,J21,2025-10-24 13:48,Should the Committee report the following bill out favorably?,8,1,0,2,https://malegislature.gov/Bills/194/H997
194,S1000,J28,2025-11-25 12:00,Study,5,0,1,0,https://malegislature.gov/Bills/194/S1000
194,S1001,J28,2025-10-10 12:00,Affirmative,6,0,0,0,https://malegislature.gov/Bills/194/S1001
194,S1002,J28,2025-11-25 12:00,Study,5,0,1,0,https://malegislature.gov/Bills/194/S1002
194,S1003,J28,2025-11-25 12:00,Study,5,0,1,0,https://malegislature.gov/Bills/194/S1003
194,S1004,J28,2025-11-25 12:00,Favorable with changes,5,0,1,0,https://malegislature.gov/Bills/194/S1004
194,S1005,J28,2025-11-25 12:00,Study,5,0,1,0,https://malegislature.gov/Bills/194/S1005
194,S1007,J28,2025-10-10 12:00,Affirmative,6,0,0,0,https://malegislature.gov/Bills/194/S1007
194,S101,J13,2025-11-24 16:00,Ought to pass,6,0,0,0,https://malegislature.gov/Bills/194/S101
194,S1014,J28,2025-11-25 12:00,Favorable with changes,6,0,0,0,https://malegislature.gov/Bills/194/S1014
194,S1015,J28,2025-11-25 12:00,Study,5,0,1,0,https://malegislature.gov/Bills/194/S1015
194,S102,J13,2025-10-07 17:00,Ought to pass,6,0,0,0,https://malegislature.gov/Bills/194/S102
194,S1022,J28,2025-12-01 14:00,Favorable with changes,5,0,1,0,https://malegislature.gov/Bills/194/S1022
194,S1024,J28,2025-11-25 12:00,Study,5,0,1,0,https://malegislature.gov/Bills/194/S1024
194,S1026,J28,2025-11-25 12:00,Study,5,0,1,0,https://malegislature.gov/Bills/194/S1026
194,S1028,J19,2026-02-23 12:00,Ought to pass,5,0,0,1,https://malegislature.gov/Bills/194/S1028
194,S1030,J19,2025-12-03 16:30,Ought to pass,5,0,0,1,https://malegislature.gov/Bills/194/S1030
194,S1033,J19,2026-01-23 17:00,Ought to pass,5,0,0,1,https://malegislature.gov/Bills/194/S1033
194,S1034,J19,2025-06-11 11:00,Ought to pass,6,0,0,0,https://malegislature.gov/Bills/194/S1034
194,S1034,S29,2025-07-17 13:00,"Placed in the Orders of the Day for July 24, 2025",6,0,1,0,https://malegislature.gov/Bills/194/S1034
194,S1036,J19,2025-12-03 16:30,Ought to pass,5,0,0,1,https://malegislature.gov/Bills/194/S1036
194,S1037,J19,2025-09-12 12:00,Ought to pass,6,0,0,0,https://malegislature.gov/Bills/194/S1037
194,S1038,J19,2025-12-03 17:30,Ought to pass,4,0,1,1,https://malegislature.gov/Bills/194/S1038
194,S104,J13,2025-10-07 17:00,Ought to pass,6,0,0,0,https://malegislature.gov/Bills/194/S104
194,S1042,J19,2025-07-15 13:00,Ought to pass,6,0,0,0,https://malegislature.gov/Bills/194/S1042
194,S1044,J19,2025-09-29 12:00,Ought to pass,6,0,0,0,https://malegislature.gov/Bills/194/S1044
194,S1047,J19,2025-09-29 12:00,Ought to pass,6,0,0,0,https://malegislature.gov/Bills/194/S1047
194,S1048,J19,2025-12-03 17:30,Ought to pass,5,0,0,1,https://malegislature.gov/Bills/194/S1048
194,S1050,J19,2025-12-03 17:30,Ought to pass,4,0,1,1,https://malegislature.gov/Bills/194/S1050
194,S1051,J19,2025-12-03 16:30,Ought to pass,4,0,1,1,https://malegislature.gov/Bills/194/S1051
194,S1052,S30,2025-07-10 12:45,Ought to pass – by substitution of a New Draft,16,0,1,1,https://malegislature.gov/Bills/194/S1052
194,S1053,J19,2025-09-12 12:00,Ought to pass,6,0,0,0,https://malegislature.gov/Bills/194/S1053
194,S1054,J19,2025-12-03 17:30,Ought to pass,5,0,0,1,https://malegislature.gov/Bills/194/S1054
194,S1055,J19,2025-12-03 17:30,Ought to pass,5,0,0,1,https://malegislature.gov/Bills/194/S1055
194,S1056,J19,2025-12-03 17:30,Ought to pass,5,0,0,1,https://malegislature.gov/Bills/194/S1056
194,S1057,S30,2025-09-11 10:30,Ought to pass,17,0,1,0,https://malegislature.gov/Bills/194/S1057
194,S1058,J19,2025-07-15 13:00,Ought to pass,5,0,1,0,https://malegislature.gov/Bills/194/S1058
194,S1059,J19,2026-02-23 12:00,Ought to pass,4,0,1,1,https://malegislature.gov/Bills/194/S1059
194,S106,J13,2025-11-17 17:00,Ought to pass,6,0,0,0,https://malegislature.gov/Bills/194/S106
194,S1060,J19,2025-07-15 13:00,Ought to pass,6,0,0,0,https://malegislature.gov/Bills/194/S1060
194,S1061,J19,2025-09-29 12:00,Ought to pass,5,0,1,0,https://malegislature.gov/Bills/194/S1061
194,S1062,J19,2026-01-23 17:00,Ought to pass,5,0,0,1,https://malegislature.gov/Bills/194/S1062
194,S1065,J19,2026-02-23 12:00,Ought to pass,4,0,1,1,https://malegislature.gov/Bills/194/S1065
194,S1067,J19,2026-03-18 14:00,Ought to pass,5,0,0,1,https://malegislature.gov/Bills/194/S1067
194,S1068,J19,2026-02-23 12:00,Favorable with changes,4,0,1,1,https://malegislature.gov/Bills/194/S1068
194,S1071,J19,2025-12-03 17:30,Ought to pass,5,0,0,1,https://malegislature.gov/Bills/194/S1071
194,S1073,J19,2026-02-23 12:00,Ought to pass,5,0,0,1,https://malegislature.gov/Bills/194/S1073
194,S1073,J24,2026-03-30 12:00,Ought to pass,6,0,1,0,https://malegislature.gov/Bills/194/S1073
194,S1075,J19,2026-01-23 17:00,Ought to pass,5,0,0,1,https://malegislature.gov/Bills/194/S1075
194,S1077,J19,2026-01-23 17:00,Study,4,0,1,1,https://malegislature.gov/Bills/194/S1077
194,S1078,J19,2025-09-29 12:00,Ought to pass with an amendment,6,0,0,0,https://malegislature.gov/Bills/194/S1078
194,S1079,J19,2025-07-15 13:00,Ought to pass,6,0,0,0,https://malegislature.gov/Bills/194/S1079
194,S1080,J19,2025-12-03 16:30,Ought to pass,5,0,0,1,https://malegislature.gov/Bills/194/S1080
194,S1081,J19,2025-07-15 17:00,Ought to pass,4,0,2,0,https://malegislature.gov/Bills/194/S1081
194,S1082,J19,2025-09-12 12:00,Ought to pass,6,0,0,0,https://malegislature.gov/Bills/194/S1082
194,S1083,J19,2025-12-03 16:30,Ought to pass,5,0,0,1,https://malegislature.gov/Bills/194/S1083
194,S1084,J19,2025-12-03 16:30,Ought to pass,4,0,1,1,https://malegislature.gov/Bills/194/S1084
194,S1085,J19,2025-12-03 17:30,Ought to pass,5,0,0,1,https://malegislature.gov/Bills/194/S1085
194,S1087,J19,2025-12-03 17:30,Ought to pass,4,0,1,1,https://malegislature.gov/Bills/194/S1087
194,S109,J13,2025-11-17 17:00,Ought to pass,6,0,0,0,https://malegislature.gov/Bills/194/S109
194,S1095,J19,2025-07-15 17:00,Ought to pass,6,0,0,0,https://malegislature.gov/Bills/194/S1095
194,S11,J26,2025-04-30 15:00,Should the Committee be authorized to favorably report the following amendment? ,6,0,0,0,https://malegislature.gov/Bills/194/S11
194,S110,J13,2025-10-07 17:00,Ought to pass,6,0,0,0,https://malegislature.gov/Bills/194/S110
194,S1107,J19,2025-12-03 17:30,Ought to pass,5,0,0,1,https://malegislature.gov/Bills/194/S1107
194,S111,J13,2025-09-29 17:00,Ought to pass,6,0,0,0,https://malegislature.gov/Bills/194/S111
194,S1110,J19,2025-12-03 17:30,Ought to pass,4,1,0,1,https://malegislature.gov/Bills/194/S1110
194,S1112,J19,2025-09-29 12:00,Ought to pass,6,0,0,0,https://malegislature.gov/Bills/194/S1112
194,S1113,J19,2026-01-21 17:00,Study,1,0,0,5,https://malegislature.gov/Bills/194/S1113
194,S1115,J19,2025-12-03 17:30,Ought to pass,3,0,2,1,https://malegislature.gov/Bills/194/S1115
194,S1115,J24,2026-02-24 12:00,Ought to pass with an amendment - New Draft,6,0,1,0,https://malegislature.gov/Bills/194/S1115
194,S1116,J19,2026-01-23 17:00,Ought to pass,5,0,0,1,https://malegislature.gov/Bills/194/S1116
194,S1117,J19,2025-12-03 17:30,Ought to pass,5,0,0,1,https://malegislature.gov/Bills/194/S1117
194,S1118,J19,2025-09-12 12:00,Ought to pass,6,0,0,0,https://malegislature.gov/Bills/194/S1118
194,S1119,J19,2025-12-03 17:30,Ought to pass,4,0,1,1,https://malegislature.gov/Bills/194/S1119
194,S112,J13,2025-11-17 17:00,Ought to pass,6,0,0,0,https://malegislature.gov/Bills/194/S112
194,S1120,J19,2025-12-03 17:30,Ought to pass,4,0,1,1,https://malegislature.gov/Bills/194/S1120
194,S1122,J19,2026-04-07 17:00,Ought to pass,4,0,1,1,https://malegislature.gov/Bills/194/S1122
194,S1124,J19,2025-07-15 17:00,Ought to pass,5,0,1,0,https://malegislature.gov/Bills/194/S1124
194,S1125,J19,2025-09-12 12:00,Ought to pass,4,0,0,2,https://malegislature.gov/Bills/194/S1125
194,S1126,J19,2025-12-03 17:30,Ought to pass,5,0,0,1,https://malegislature.gov/Bills/194/S1126
194,S1127,J19,2026-04-07 17:00,Ought to pass,4,0,1,1,https://malegislature.gov/Bills/194/S1127
194,S1128,J19,2025-09-12 12:00,Ought to pass,6,0,0,0,https://malegislature.gov/Bills/194/S1128
194,S113,J14,2025-12-03 14:00,Study,5,0,1,0,https://malegislature.gov/Bills/194/S113
194,S1130,J19,2025-12-03 17:30,Ought to pass,5,0,0,1,https://malegislature.gov/Bills/194/S1130
194,S1132,J19,2025-07-15 13:00,Ought to pass,6,0,0,0,https://malegislature.gov/Bills/194/S1132
194,S1133,J19,2026-02-23 12:00,Ought to pass,5,0,0,1,https://malegislature.gov/Bills/194/S1133
194,S1134,J19,2026-05-13 12:00,Ought to pass,4,1,1,0,https://malegislature.gov/Bills/194/S1134
194,S1135,J19,2025-09-12 12:00,Ought to pass,6,0,0,0,https://malegislature.gov/Bills/194/S1135
194,S1136,J19,2025-07-15 13:00,Ought to pass,5,0,1,0,https://malegislature.gov/Bills/194/S1136
194,S1137,J19,2026-01-23 17:00,Study,4,0,1,1,https://malegislature.gov/Bills/194/S1137
194,S114,J13,2025-11-24 16:00,Study,5,0,1,0,https://malegislature.gov/Bills/194/S114
194,S1140,J19,2026-01-23 17:00,Study,3,1,1,1,https://malegislature.gov/Bills/194/S1140
194,S1144,J19,2025-09-29 12:00,Ought to pass,5,0,0,1,https://malegislature.gov/Bills/194/S1144
194,S1145,J19,2025-09-29 12:00,Ought to pass,6,0,0,0,https://malegislature.gov/Bills/194/S1145
194,S1146,J19,2026-02-27 17:00,Ought to pass,3,0,1,2,https://malegislature.gov/Bills/194/S1146
194,S1147,J19,2025-09-29 12:00,Ought to pass,6,0,0,0,https://malegislature.gov/Bills/194/S1147
194,S1148,J19,2025-12-03 17:30,Ought to pass,5,0,0,1,https://malegislature.gov/Bills/194/S1148
194,S1149,J19,2026-01-23 17:00,Study,4,0,1,1,https://malegislature.gov/Bills/194/S1149
194,S115,J13,2025-11-17 17:00,Ought to pass,6,0,0,0,https://malegislature.gov/Bills/194/S115
194,S1150,J19,2025-12-03 17:30,Ought to pass,4,0,1,1,https://malegislature.gov/Bills/194/S1150
194,S1152,J19,2025-12-03 17:30,Ought to pass,5,0,0,1,https://malegislature.gov/Bills/194/S1152
194,S1153,J19,2025-12-03 17:30,Ought to pass,5,0,0,1,https://malegislature.gov/Bills/194/S1153
194,S1155,J19,2025-12-03 17:30,Ought to pass,5,0,0,1,https://malegislature.gov/Bills/194/S1155
194,S1156,J19,2025-12-03 17:30,Ought to pass,5,0,0,1,https://malegislature.gov/Bills/194/S1156
194,S1159,J19,2025-12-03 17:30,Ought to pass,4,0,1,1,https://malegislature.gov/Bills/194/S1159
194,S116,S29,2026-07-08 17:00,Placed in the Orders of the Day,5,1,1,0,https://malegislature.gov/Bills/194/S116
194,S1163,J19,2025-07-15 13:00,Ought to pass,5,0,1,0,https://malegislature.gov/Bills/194/S1163
194,S1165,J19,2025-12-03 17:30,Ought to pass,5,0,0,1,https://malegislature.gov/Bills/194/S1165
194,S1169,J19,2025-07-15 13:00,Ought to pass,6,0,0,0,https://malegislature.gov/Bills/194/S1169
194,S117,J13,2025-10-07 17:00,Ought to pass,5,0,1,0,https://malegislature.gov/Bills/194/S117
194,S1171,J19,2025-12-03 17:30,Ought to pass,5,0,0,1,https://malegislature.gov/Bills/194/S1171
194,S1173,J19,2025-12-03 17:30,Ought to pass,4,0,1,1,https://malegislature.gov/Bills/194/S1173
194,S1173,J24,2026-03-30 12:00,Ought to pass,6,0,1,0,https://malegislature.gov/Bills/194/S1173
194,S1174,J19,2025-12-03 17:30,Ought to pass,5,0,0,1,https://malegislature.gov/Bills/194/S1174
194,S1175,J19,2026-01-23 17:00,Study,3,1,1,1,https://malegislature.gov/Bills/194/S1175
194,S1176,J19,2026-01-23 17:00,Study,3,1,1,1,https://malegislature.gov/Bills/194/S1176
194,S1177,J19,2026-02-27 17:00,Study,3,0,1,2,https://malegislature.gov/Bills/194/S1177
194,S1178,J19,2026-03-09 17:00,Study,1,2,2,1,https://malegislature.gov/Bills/194/S1178
194,S1179,J19,2025-09-29 12:00,Ought to pass,5,0,1,0,https://malegislature.gov/Bills/194/S1179
194,S118,J13,2025-10-07 17:00,Ought to pass,5,0,1,0,https://malegislature.gov/Bills/194/S118
194,S1180,J19,2025-07-15 13:00,Ought to pass,6,0,0,0,https://malegislature.gov/Bills/194/S1180
194,S1181,J19,2025-12-03 17:30,Ought to pass,4,1,0,1,https://malegislature.gov/Bills/194/S1181
194,S1182,J19,2025-12-03 16:30,Ought to pass,4,1,0,1,https://malegislature.gov/Bills/194/S1182
194,S1183,J19,2026-01-23 17:00,Ought to pass,5,0,0,1,https://malegislature.gov/Bills/194/S1183
194,S1184,J19,2026-03-09 17:00,Study,3,1,1,1,https://malegislature.gov/Bills/194/S1184
194,S1186,J19,2026-04-07 17:00,Ought to pass,5,0,0,1,https://malegislature.gov/Bills/194/S1186
194,S1187,J19,2025-12-03 16:30,Ought to pass,3,0,2,1,https://malegislature.gov/Bills/194/S1187
194,S1188,J19,2025-12-03 17:30,Ought to pass,3,0,2,1,https://malegislature.gov/Bills/194/S1188
194,S1190,J10,2025-11-10 11:00,Ought to pass,5,0,0,0,https://malegislature.gov/Bills/194/S1190
194,S1193,J19,2025-07-15 13:00,Ought to pass,6,0,0,0,https://malegislature.gov/Bills/194/S1193
194,S1194,J19,2025-12-03 17:30,Ought to pass,5,0,0,1,https://malegislature.gov/Bills/194/S1194
194,S1196,J19,2026-02-27 17:00,Ought to pass,4,0,0,2,https://malegislature.gov/Bills/194/S1196
194,S1197,J19,2025-12-03 17:30,Ought to pass,3,0,2,1,https://malegislature.gov/Bills/194/S1197
194,S1198,J19,2025-12-03 17:30,Ought to pass,3,0,2,1,https://malegislature.gov/Bills/194/S1198
194,S12,J26,2025-04-30 15:00,Should the Committee be authorized to adversely report the following amendments?,5,1,0,0,https://malegislature.gov/Bills/194/S12
194,S120,J13,2025-10-07 17:00,Ought to pass,6,0,0,0,https://malegislature.gov/Bills/194/S120
194,S1200,J19,2026-02-27 17:00,Ought to pass,4,0,0,2,https://malegislature.gov/Bills/194/S1200
194,S1203,J19,2026-04-23 12:00,Ought to pass,4,0,1,1,https://malegislature.gov/Bills/194/S1203
194,S1204,J19,2025-09-29 12:00,Ought to pass,3,2,1,0,https://malegislature.gov/Bills/194/S1204
194,S1208,J19,2025-09-12 12:00,Ought to pass,6,0,0,0,https://malegislature.gov/Bills/194/S1208
194,S121,J13,2025-11-24 16:00,Study,5,0,1,0,https://malegislature.gov/Bills/194/S121
194,S1210,J19,2025-09-12 12:00,Ought to pass,6,0,0,0,https://malegislature.gov/Bills/194/S1210
194,S1215,J19,2025-09-29 12:00,Ought to pass,6,0,0,0,https://malegislature.gov/Bills/194/S1215
194,S122,J13,2025-11-24 16:00,Study,5,0,1,0,https://malegislature.gov/Bills/194/S122
194,S1222,J19,2025-12-03 16:30,Ought to pass,2,2,1,1,https://malegislature.gov/Bills/194/S1222
194,S1225,J19,2025-07-15 13:00,Ought to pass,3,1,2,0,https://malegislature.gov/Bills/194/S1225
194,S123,J13,2025-11-24 16:00,Study,5,0,1,0,https://malegislature.gov/Bills/194/S123
194,S1231,J19,2026-01-23 17:00,Ought to pass,5,0,0,1,https://malegislature.gov/Bills/194/S1231
194,S1232,J19,2026-02-27 17:00,Ought to pass,4,0,0,2,https://malegislature.gov/Bills/194/S1232
194,S1236,J19,2026-05-13 12:00,Ought to pass,5,0,1,0,https://malegislature.gov/Bills/194/S1236
194,S1237,J19,2025-09-29 12:00,Ought to pass,6,0,0,0,https://malegislature.gov/Bills/194/S1237
194,S1238,J19,2026-02-23 12:00,Ought to pass,5,0,0,1,https://malegislature.gov/Bills/194/S1238
194,S1239,J19,2025-12-03 17:30,Ought to pass,5,0,0,1,https://malegislature.gov/Bills/194/S1239
194,S124,J13,2025-11-24 16:00,Ought to pass,6,0,0,0,https://malegislature.gov/Bills/194/S124
194,S1240,J19,2025-09-12 12:00,Ought to pass,4,0,2,0,https://malegislature.gov/Bills/194/S1240
194,S1242,J19,2026-02-27 17:00,Ought to pass,4,0,0,2,https://malegislature.gov/Bills/194/S1242
194,S1243,J19,2025-12-03 16:30,Ought to pass,5,0,0,1,https://malegislature.gov/Bills/194/S1243
194,S1244,J19,2026-04-23 12:00,Ought to pass,4,0,1,1,https://malegislature.gov/Bills/194/S1244
194,S1244,J24,2026-06-12 17:00,Ought to pass with an amendment - New Draft,6,0,1,0,https://malegislature.gov/Bills/194/S1244
194,S1245,J19,2026-04-23 12:00,Ought to pass,4,0,1,1,https://malegislature.gov/Bills/194/S1245
194,S1246,J19,2025-12-03 16:30,Ought to pass,5,0,0,1,https://malegislature.gov/Bills/194/S1246
194,S1248,J19,2025-12-03 16:30,Ought to pass,4,0,1,1,https://malegislature.gov/Bills/194/S1248
194,S1249,J19,2025-12-03 16:30,Ought to pass,4,0,1,1,https://malegislature.gov/Bills/194/S1249
194,S1250,J19,2025-12-03 16:30,Ought to pass,5,0,0,1,https://malegislature.gov/Bills/194/S1250
194,S1253,J19,2025-12-03 16:30,Ought to pass,5,0,0,1,https://malegislature.gov/Bills/194/S1253
194,S1254,J19,2025-07-15 13:00,Ought to pass,6,0,0,0,https://malegislature.gov/Bills/194/S1254
194,S1256,J19,2025-09-12 12:00,Ought to pass,6,0,0,0,https://malegislature.gov/Bills/194/S1256
194,S126,J13,2025-11-24 16:00,Study,5,0,1,0,https://malegislature.gov/Bills/194/S126
194,S1260,J19,2026-03-09 17:00,Favorable with changes,3,0,1,2,https://malegislature.gov/Bills/194/S1260
194,S1262,J19,2026-02-23 12:00,Ought to pass,3,0,2,1,https://malegislature.gov/Bills/194/S1262
194,S1267,J19,2026-02-27 17:00,Study,3,0,1,2,https://malegislature.gov/Bills/194/S1267
194,S1276,J19,2026-07-14 10:30,Favorable with changes,4,0,2,0,https://malegislature.gov/Bills/194/S1276
194,S1278,J19,2025-12-02 17:30,Ought to pass,2,0,0,4,https://malegislature.gov/Bills/194/S1278
194,S128,J13,2025-09-29 17:00,Ought to pass,6,0,0,0,https://malegislature.gov/Bills/194/S128
194,S1282,J19,2026-04-23 12:00,Ought to pass,3,0,2,1,https://malegislature.gov/Bills/194/S1282
194,S1286,J43,2025-10-10 15:30,Ought to pass,6,0,0,0,https://malegislature.gov/Bills/194/S1286
194,S1287,J43,2025-11-21 12:30,Ought to pass,6,0,0,0,https://malegislature.gov/Bills/194/S1287
194,S1288,J43,2025-12-01 10:30,Ought to pass,6,0,0,0,https://malegislature.gov/Bills/194/S1288
194,S1289,J43,2025-12-01 10:30,Ought to pass,6,0,0,0,https://malegislature.gov/Bills/194/S1289
194,S1290,J43,2025-12-01 10:30,Ought to pass,6,0,0,0,https://malegislature.gov/Bills/194/S1290
194,S1291,J43,2025-09-22 16:00,Ought to pass,6,0,0,0,https://malegislature.gov/Bills/194/S1291
194,S1292,J43,2025-11-21 12:30,Ought to pass,6,0,0,0,https://malegislature.gov/Bills/194/S1292
194,S1293,J43,2025-09-22 16:00,Favorable with changes,6,0,0,0,https://malegislature.gov/Bills/194/S1293
194,S1294,J43,2025-07-28 12:00,Ought to pass,6,0,0,0,https://malegislature.gov/Bills/194/S1294
194,S1295,J43,2025-12-01 10:30,Ought to pass,6,0,0,0,https://malegislature.gov/Bills/194/S1295
194,S1296,J43,2025-09-22 16:00,Ought to pass,6,0,0,0,https://malegislature.gov/Bills/194/S1296
194,S1297,J43,2025-12-01 10:30,Ought to pass,6,0,0,0,https://malegislature.gov/Bills/194/S1297
194,S1298,J43,2025-12-01 10:30,Ought to pass,6,0,0,0,https://malegislature.gov/Bills/194/S1298
194,S1299,J43,2025-12-02 16:00,Ought to pass,6,0,0,0,https://malegislature.gov/Bills/194/S1299
194,S13,J26,2025-04-30 15:00,Should the Committee be authorized to adversely report the following amendments?,5,1,0,0,https://malegislature.gov/Bills/194/S13
194,S130,J13,2025-10-07 17:00,Ought to pass,6,0,0,0,https://malegislature.gov/Bills/194/S130
194,S1300,J43,2025-12-01 10:30,Ought to pass,6,0,0,0,https://malegislature.gov/Bills/194/S1300
194,S1301,J43,2025-09-22 16:00,Ought to pass,6,0,0,0,https://malegislature.gov/Bills/194/S1301
194,S1302,J43,2025-12-01 10:30,Ought to pass,6,0,0,0,https://malegislature.gov/Bills/194/S1302
194,S1304,J43,2025-11-21 12:30,Ought to pass,6,0,0,0,https://malegislature.gov/Bills/194/S1304
194,S1305,J43,2026-02-25 13:52,Ought to pass,5,0,1,0,https://malegislature.gov/Bills/194/S1305
194,S1306,J43,2025-11-21 12:30,Ought to pass,6,0,0,0,https://malegislature.gov/Bills/194/S1306
194,S1308,J43,2025-12-01 10:30,Ought to pass,6,0,0,0,https://malegislature.gov/Bills/194/S1308
194,S1309,J43,2025-12-01 10:30,Ought to pass,6,0,0,0,https://malegislature.gov/Bills/194/S1309
194,S131,J13,2025-09-05 17:00,Ought to pass,6,0,0,0,https://malegislature.gov/Bills/194/S131
194,S1310,J43,2025-12-01 10:30,Ought to pass,6,0,0,0,https://malegislature.gov/Bills/194/S1310
194,S1312,J43,2025-07-28 12:00,Ought to pass,6,0,0,0,https://malegislature.gov/Bills/194/S1312
194,S1314,J43,2025-11-21 12:30,Study,5,0,1,0,https://malegislature.gov/Bills/194/S1314
194,S1315,J43,2025-11-21 12:30,Study,5,0,1,0,https://malegislature.gov/Bills/194/S1315
194,S1316,J43,2025-09-22 16:00,Ought to pass,6,0,0,0,https://malegislature.gov/Bills/194/S1316
194,S1317,J43,2025-11-21 12:30,Ought to pass,6,0,0,0,https://malegislature.gov/Bills/194/S1317
194,S1318,J43,2025-12-01 10:30,Ought to pass,6,0,0,0,https://malegislature.gov/Bills/194/S1318
194,S1319,J43,2025-12-01 10:30,Ought to pass,6,0,0,0,https://malegislature.gov/Bills/194/S1319
194,S132,J13,2025-11-17 17:00,Ought to pass,6,0,0,0,https://malegislature.gov/Bills/194/S132
194,S1320,J43,2026-06-25 14:30,Ought to pass,6,0,0,0,https://malegislature.gov/Bills/194/S1320
194,S1321,J24,2026-01-26 12:00,Ought to pass,6,0,1,0,https://malegislature.gov/Bills/194/S1321
194,S1321,J43,2025-12-01 10:30,Ought to pass,6,0,0,0,https://malegislature.gov/Bills/194/S1321
194,S1323,J43,2025-11-21 12:30,Ought to pass,6,0,0,0,https://malegislature.gov/Bills/194/S1323
194,S1325,J43,2025-11-21 12:30,Ought to pass,6,0,0,0,https://malegislature.gov/Bills/194/S1325
194,S1326,J43,2025-09-22 16:00,Ought to pass,6,0,0,0,https://malegislature.gov/Bills/194/S1326
194,S1327,J43,2025-07-28 12:00,Ought to pass,6,0,0,0,https://malegislature.gov/Bills/194/S1327
194,S1328,J43,2025-12-01 10:30,Ought to pass,6,0,0,0,https://malegislature.gov/Bills/194/S1328
194,S1329,J43,2025-10-10 15:00,Ought to pass,6,0,0,0,https://malegislature.gov/Bills/194/S1329
194,S1330,J43,2025-11-21 12:30,Study,5,0,1,0,https://malegislature.gov/Bills/194/S1330
194,S1331,J43,2025-11-21 12:30,Ought to pass,6,0,0,0,https://malegislature.gov/Bills/194/S1331
194,S1332,J43,2025-12-02 16:00,Ought to pass,6,0,0,0,https://malegislature.gov/Bills/194/S1332
194,S1333,J43,2025-11-21 12:30,Ought to pass,6,0,0,0,https://malegislature.gov/Bills/194/S1333
194,S1334,J43,2025-11-21 12:30,Ought to pass,6,0,0,0,https://malegislature.gov/Bills/194/S1334
194,S1335,J43,2025-07-28 12:00,Ought to pass,6,0,0,0,https://malegislature.gov/Bills/194/S1335
194,S1336,J43,2025-12-02 16:00,Ought to pass,5,0,1,0,https://malegislature.gov/Bills/194/S1336
194,S1337,J43,2025-11-21 12:30,Ought to pass,6,0,0,0,https://malegislature.gov/Bills/194/S1337
194,S1338,J43,2025-09-22 16:00,Ought to pass,6,0,0,0,https://malegislature.gov/Bills/194/S1338
194,S1340,J43,2025-11-21 12:30,Ought to pass,6,0,0,0,https://malegislature.gov/Bills/194/S1340
194,S1341,J43,2026-06-25 14:30,Ought to pass,6,0,0,0,https://malegislature.gov/Bills/194/S1341
194,S1342,J43,2025-12-01 10:30,Ought to pass,6,0,0,0,https://malegislature.gov/Bills/194/S1342
194,S1344,J43,2025-09-22 16:00,Ought to pass,6,0,0,0,https://malegislature.gov/Bills/194/S1344
194,S1345,J43,2025-07-28 12:00,Ought to pass,6,0,0,0,https://malegislature.gov/Bills/194/S1345
194,S1346,J43,2025-11-21 12:30,Ought to pass,6,0,0,0,https://malegislature.gov/Bills/194/S1346
194,S1347,J43,2025-09-22 16:00,Ought to pass,6,0,0,0,https://malegislature.gov/Bills/194/S1347
194,S1348,J43,2025-12-01 10:30,Ought to pass,6,0,0,0,https://malegislature.gov/Bills/194/S1348
194,S135,J13,2025-10-07 17:00,Ought to pass,6,0,0,0,https://malegislature.gov/Bills/194/S135
194,S1351,J43,2025-09-22 22:00,Ought to pass,6,0,0,0,https://malegislature.gov/Bills/194/S1351
194,S1352,J43,2025-09-22 16:00,Ought to pass,6,0,0,0,https://malegislature.gov/Bills/194/S1352
194,S1353,J43,2025-12-01 10:30,Ought to pass,6,0,0,0,https://malegislature.gov/Bills/194/S1353
194,S1354,J43,2025-10-10 15:30,Ought to pass,6,0,0,0,https://malegislature.gov/Bills/194/S1354
194,S1356,J43,2025-11-21 12:30,Ought to pass,6,0,0,0,https://malegislature.gov/Bills/194/S1356
194,S1357,J43,2026-07-29 15:00,Ought to pass – by substitution of a New Draft,6,0,0,0,https://malegislature.gov/Bills/194/S1357
194,S1358,J43,2025-10-10 15:00,Ought to pass,6,0,0,0,https://malegislature.gov/Bills/194/S1358
194,S1360,J43,2025-12-01 10:30,Ought to pass,6,0,0,0,https://malegislature.gov/Bills/194/S1360
194,S1361,J43,2025-10-10 15:00,Ought to pass,6,0,0,0,https://malegislature.gov/Bills/194/S1361
194,S1362,J43,2025-11-20 12:30,Ought to pass,6,0,0,0,https://malegislature.gov/Bills/194/S1362
194,S1363,J43,2025-12-01 10:30,Ought to pass,6,0,0,0,https://malegislature.gov/Bills/194/S1363
194,S1364,J43,2025-12-01 10:30,Ought to pass,6,0,0,0,https://malegislature.gov/Bills/194/S1364
194,S1365,J43,2025-09-22 16:00,Ought to pass,6,0,0,0,https://malegislature.gov/Bills/194/S1365
194,S1366,J43,2025-11-20 12:30,Ought to pass,6,0,0,0,https://malegislature.gov/Bills/194/S1366
194,S1367,J43,2026-06-25 14:30,Ought to pass,6,0,0,0,https://malegislature.gov/Bills/194/S1367
194,S1368,J43,2025-09-22 16:00,Ought to pass,6,0,0,0,https://malegislature.gov/Bills/194/S1368
194,S1369,J43,2025-11-20 12:30,Ought to pass,6,0,0,0,https://malegislature.gov/Bills/194/S1369
194,S137,S29,2025-07-17 13:00,"Placed in the Orders of the Day for July 24, 2025",7,0,0,0,https://malegislature.gov/Bills/194/S137
194,S1370,J43,2025-07-28 12:00,Ought to pass,6,0,0,0,https://malegislature.gov/Bills/194/S1370
194,S1371,J43,2025-10-10 15:00,Ought to pass,6,0,0,0,https://malegislature.gov/Bills/194/S1371
194,S1374,J43,2025-12-01 10:30,Ought to pass,6,0,0,0,https://malegislature.gov/Bills/194/S1374
194,S1378,J43,2025-07-28 12:00,Ought to pass,6,0,0,0,https://malegislature.gov/Bills/194/S1378
194,S1379,J18,2025-12-02 12:00,Study,4,1,1,1,https://malegislature.gov/Bills/194/S1379
194,S138,J13,2025-09-29 17:00,Ought to pass,6,0,0,0,https://malegislature.gov/Bills/194/S138
194,S1380,J18,2025-10-14 12:00,Study,5,1,1,0,https://malegislature.gov/Bills/194/S1380
194,S1381,J18,2025-12-02 12:00,Ought to pass,5,0,1,1,https://malegislature.gov/Bills/194/S1381
194,S1382,J18,2025-12-02 12:00,Ought to pass,5,0,1,1,https://malegislature.gov/Bills/194/S1382
194,S1383,J18,2025-12-02 12:00,Ought to pass,5,0,1,1,https://malegislature.gov/Bills/194/S1383
194,S1383,J24,2026-02-24 12:00,Ought to pass,6,0,1,0,https://malegislature.gov/Bills/194/S1383
194,S1384,J18,2025-08-14 17:00,Ought to pass,6,0,1,0,https://malegislature.gov/Bills/194/S1384
194,S1386,J18,2025-12-02 12:00,Ought to pass,5,0,1,1,https://malegislature.gov/Bills/194/S1386
194,S1386,J24,2026-01-26 12:00,Ought to pass,6,0,1,0,https://malegislature.gov/Bills/194/S1386
194,S1387,J18,2025-12-02 12:00,Ought to pass,5,0,1,1,https://malegislature.gov/Bills/194/S1387
194,S1388,J18,2025-08-14 17:00,Ought to pass,6,0,1,0,https://malegislature.gov/Bills/194/S1388
194,S1389,J18,2025-12-02 12:00,Ought to pass,5,0,1,1,https://malegislature.gov/Bills/194/S1389
194,S1390,J18,2025-12-02 12:00,Ought to pass,5,0,1,1,https://malegislature.gov/Bills/194/S1390
194,S1391,J18,2025-10-14 12:00,Study,4,1,2,0,https://malegislature.gov/Bills/194/S1391
194,S1393,J18,2025-12-02 12:00,Ought to pass,4,1,1,1,https://malegislature.gov/Bills/194/S1393
194,S1393,J24,2026-02-24 12:00,Ought to pass,6,0,1,0,https://malegislature.gov/Bills/194/S1393
194,S1394,J18,2025-12-02 12:00,Ought to pass,5,0,1,1,https://malegislature.gov/Bills/194/S1394
194,S1395,J18,2025-12-02 12:00,Ought to pass,5,0,1,1,https://malegislature.gov/Bills/194/S1395
194,S1396,J18,2025-10-14 12:00,Ought to pass,7,0,0,0,https://malegislature.gov/Bills/194/S1396
194,S1397,J18,2025-12-02 12:00,Ought to pass,5,0,1,1,https://malegislature.gov/Bills/194/S1397
194,S1398,J18,2025-12-02 12:00,Ought to pass,5,0,1,1,https://malegislature.gov/Bills/194/S1398
194,S1399,J18,2025-12-02 12:00,Study,4,1,1,1,https://malegislature.gov/Bills/194/S1399
194,S14,TS29,2025-02-06 10:30,Ought to be accepted,7,0,2,0,https://malegislature.gov/Bills/194/S14
194,S140,J13,2025-11-24 16:00,Study,5,0,1,0,https://malegislature.gov/Bills/194/S140
194,S1400,J18,2025-08-14 17:00,Ought to pass,4,0,3,0,https://malegislature.gov/Bills/194/S1400
194,S1400,J24,2025-09-19 17:00,Ought to pass,6,0,1,0,https://malegislature.gov/Bills/194/S1400
194,S1401,J18,2025-12-02 12:00,Ought to pass,5,0,1,1,https://malegislature.gov/Bills/194/S1401
194,S1401,J24,2026-02-24 12:00,Ought to pass with an amendment - New Draft,6,0,1,0,https://malegislature.gov/Bills/194/S1401
194,S1403,J24,2025-09-19 17:00,Ought to pass,6,0,1,0,https://malegislature.gov/Bills/194/S1403
194,S1405,J18,2025-12-02 12:00,Ought to pass,5,0,1,1,https://malegislature.gov/Bills/194/S1405
194,S1406,J18,2025-12-02 12:00,Ought to pass,5,0,1,1,https://malegislature.gov/Bills/194/S1406
194,S1407,J18,2025-10-14 12:00,Ought to pass,7,0,0,0,https://malegislature.gov/Bills/194/S1407
194,S1408,J18,2025-12-02 12:00,Ought to pass,5,0,1,1,https://malegislature.gov/Bills/194/S1408
194,S1409,J18,2025-12-02 12:00,Study,4,1,1,1,https://malegislature.gov/Bills/194/S1409
194,S141,J13,2025-11-17 17:00,Ought to pass,6,0,0,0,https://malegislature.gov/Bills/194/S141
194,S1410,J18,2025-10-14 12:00,Ought to pass,7,0,0,0,https://malegislature.gov/Bills/194/S1410
194,S1411,J18,2025-08-14 17:00,Ought to pass,6,0,1,0,https://malegislature.gov/Bills/194/S1411
194,S1412,J18,2025-10-14 12:00,Ought to pass,7,0,0,0,https://malegislature.gov/Bills/194/S1412
194,S1413,J13,2025-11-24 16:00,Ought to pass,6,0,0,0,https://malegislature.gov/Bills/194/S1413
194,S1414,J16,2025-12-02 16:33,Favorable,5,0,1,0,https://malegislature.gov/Bills/194/S1414
194,S1415,J18,2025-10-14 12:00,Ought to pass,7,0,0,0,https://malegislature.gov/Bills/194/S1415
194,S1415,J24,2026-01-26 12:00,Ought to pass,6,0,1,0,https://malegislature.gov/Bills/194/S1415
194,S1416,J18,2025-08-14 17:00,Ought to pass,7,0,0,0,https://malegislature.gov/Bills/194/S1416
194,S1418,J18,2025-10-14 12:00,Ought to pass,7,0,0,0,https://malegislature.gov/Bills/194/S1418
194,S1419,J18,2025-12-02 12:00,Ought to pass,6,0,0,1,https://malegislature.gov/Bills/194/S1419
194,S142,J13,2025-11-24 16:00,Study,5,0,1,0,https://malegislature.gov/Bills/194/S142
194,S1420,J18,2025-12-02 12:00,Ought to pass,6,0,0,1,https://malegislature.gov/Bills/194/S1420
194,S1421,J18,2025-10-14 12:00,Ought to pass,7,0,0,0,https://malegislature.gov/Bills/194/S1421
194,S1422,J18,2025-08-14 17:00,Ought to pass,7,0,0,0,https://malegislature.gov/Bills/194/S1422
194,S1423,J10,2025-10-21 17:00,Study Order,5,0,0,0,https://malegislature.gov/Bills/194/S1423
194,S1424,J10,2025-11-10 11:00,Study,5,0,0,0,https://malegislature.gov/Bills/194/S1424
194,S1426,J10,2025-09-10 12:00,Ought to pass,6,0,0,0,https://malegislature.gov/Bills/194/S1426
194,S1427,J10,2025-07-25 14:00,Study Order,5,0,0,1,https://malegislature.gov/Bills/194/S1427
194,S1429,J10,2025-07-25 14:00,Ought to pass,5,0,0,1,https://malegislature.gov/Bills/194/S1429
194,S143,J13,2025-11-24 16:00,Ought to pass,6,0,0,0,https://malegislature.gov/Bills/194/S143
194,S1431,S29,2026-01-27 12:00,Placed in the Orders of the Day,6,0,1,0,https://malegislature.gov/Bills/194/S1431
194,S1432,J10,2025-07-25 14:00,Ought to pass,5,0,0,1,https://malegislature.gov/Bills/194/S1432
194,S1434,J10,2025-09-10 12:00,Ought to pass,4,0,2,0,https://malegislature.gov/Bills/194/S1434
194,S1437,J10,2025-10-21 17:00,Study Order,4,0,1,0,https://malegislature.gov/Bills/194/S1437
194,S1438,J10,2025-10-21 17:00,Study Order,4,0,1,0,https://malegislature.gov/Bills/194/S1438
194,S1439,J10,2025-10-21 17:00,Study Order,4,0,1,0,https://malegislature.gov/Bills/194/S1439
194,S144,J43,2025-10-10 15:00,Ought to pass,6,0,0,0,https://malegislature.gov/Bills/194/S144
194,S1441,J10,2025-09-10 12:00,Ought to pass,6,0,0,0,https://malegislature.gov/Bills/194/S1441
194,S1442,J10,2025-10-21 17:00,Study Order,5,0,0,0,https://malegislature.gov/Bills/194/S1442
194,S1443,J10,2025-07-25 14:00,Ought to pass,5,0,0,1,https://malegislature.gov/Bills/194/S1443
194,S1444,J10,2025-07-25 14:00,Ought to pass,5,0,0,1,https://malegislature.gov/Bills/194/S1444
194,S1445,J10,2025-09-10 12:00,Ought to pass,6,0,0,0,https://malegislature.gov/Bills/194/S1445
194,S1447,J10,2026-06-29 17:00,Ought to pass,3,0,3,0,https://malegislature.gov/Bills/194/S1447
194,S1448,J10,2025-07-25 14:00,Ought to pass,5,0,0,1,https://malegislature.gov/Bills/194/S1448
194,S1449,J10,2025-07-25 14:00,Ought to pass,5,0,0,1,https://malegislature.gov/Bills/194/S1449
194,S145,J13,2025-11-17 17:00,Ought to pass,6,0,0,0,https://malegislature.gov/Bills/194/S145
194,S1451,J10,2025-07-25 14:00,Study Order,4,0,1,1,https://malegislature.gov/Bills/194/S1451
194,S1452,J10,2025-10-21 17:00,Study Order,5,0,0,0,https://malegislature.gov/Bills/194/S1452
194,S1453,J10,2025-07-25 14:00,Study Order,5,0,0,1,https://malegislature.gov/Bills/194/S1453
194,S1454,J10,2025-07-25 14:00,Ought to pass,5,0,0,1,https://malegislature.gov/Bills/194/S1454
194,S1454,S29,2026-01-12 17:00,Placed in the Orders of the Day,5,0,2,0,https://malegislature.gov/Bills/194/S1454
194,S1455,J10,2025-11-10 11:00,Study,5,0,0,0,https://malegislature.gov/Bills/194/S1455
194,S1457,J10,2025-11-10 11:00,Study,5,0,0,0,https://malegislature.gov/Bills/194/S1457
194,S1458,J10,2025-11-10 11:00,Ought to pass,5,0,0,0,https://malegislature.gov/Bills/194/S1458
194,S1459,J10,2025-11-10 11:00,Ought to pass,5,0,0,0,https://malegislature.gov/Bills/194/S1459
194,S146,J13,2025-11-17 17:00,Ought to pass,6,0,0,0,https://malegislature.gov/Bills/194/S146
194,S1460,J10,2025-11-10 11:00,Ought to pass,5,0,0,0,https://malegislature.gov/Bills/194/S1460
194,S1462,J10,2025-10-21 17:00,Study Order,5,0,0,0,https://malegislature.gov/Bills/194/S1462
194,S1465,J10,2025-10-21 17:00,Study Order,4,0,1,0,https://malegislature.gov/Bills/194/S1465
194,S1466,J10,2025-10-21 17:00,Study Order,4,0,1,0,https://malegislature.gov/Bills/194/S1466
194,S1467,J10,2025-10-21 17:00,Study Order,4,0,1,0,https://malegislature.gov/Bills/194/S1467
194,S1468,J10,2025-07-25 14:00,Ought to pass,5,0,0,1,https://malegislature.gov/Bills/194/S1468
194,S1469,J10,2025-07-25 14:00,Ought to pass,5,0,0,1,https://malegislature.gov/Bills/194/S1469
194,S147,J13,2025-10-07 17:00,Ought to pass,6,0,0,0,https://malegislature.gov/Bills/194/S147
194,S1470,J10,2025-10-21 17:00,Study Order,5,0,0,0,https://malegislature.gov/Bills/194/S1470
194,S1471,J10,2025-07-25 14:00,Ought to pass,5,0,0,1,https://malegislature.gov/Bills/194/S1471
194,S1472,J10,2025-11-10 11:00,Study,5,0,0,0,https://malegislature.gov/Bills/194/S1472
194,S1473,S29,2026-03-31 17:00,Placed in the Orders of the Day,7,0,0,0,https://malegislature.gov/Bills/194/S1473
194,S1474,J28,2025-11-25 12:00,Favorable with changes,5,0,1,0,https://malegislature.gov/Bills/194/S1474
194,S1475,J10,2025-07-25 14:00,Study Order,4,0,0,2,https://malegislature.gov/Bills/194/S1475
194,S1478,J16,2025-12-02 16:30,Favorable,5,0,1,0,https://malegislature.gov/Bills/194/S1478
194,S1479,J16,2025-12-02 16:30,Favorable,4,0,2,0,https://malegislature.gov/Bills/194/S1479
194,S1480,J16,2025-10-17 18:00,Favorable,5,0,1,0,https://malegislature.gov/Bills/194/S1480
194,S1481,J16,2025-09-23 18:30,Favorable With Changes,4,0,2,0,https://malegislature.gov/Bills/194/S1481
194,S1483,S30,2025-10-09 12:30,Ought to pass – by substitution of a New Draft,15,0,1,2,https://malegislature.gov/Bills/194/S1483
194,S1484,J16,2025-07-29 14:30,Favorable,5,0,1,0,https://malegislature.gov/Bills/194/S1484
194,S1486,J16,2025-09-23 18:30,Favorable,4,0,1,1,https://malegislature.gov/Bills/194/S1486
194,S1486,J24,2025-11-03 12:00,Ought to pass,4,1,2,0,https://malegislature.gov/Bills/194/S1486
194,S1487,J16,2025-09-23 18:30,Favorable,4,0,2,0,https://malegislature.gov/Bills/194/S1487
194,S1488,J16,2025-09-23 18:30,Favorable,5,0,1,0,https://malegislature.gov/Bills/194/S1488
194,S149,J13,2025-09-29 17:00,Ought to pass,6,0,0,0,https://malegislature.gov/Bills/194/S149
194,S149,J24,2026-03-30 12:00,Ought to pass,6,0,1,0,https://malegislature.gov/Bills/194/S149
194,S1490,J16,2025-09-23 18:30,Favorable,4,0,2,0,https://malegislature.gov/Bills/194/S1490
194,S1490,J24,2025-12-15 17:00,Ought to pass,6,0,1,0,https://malegislature.gov/Bills/194/S1490
194,S1492,J16,2025-12-02 16:30,Favorable with changes,5,0,1,0,https://malegislature.gov/Bills/194/S1492
194,S1495,J16,2025-12-02 16:30,Favorable,4,1,1,0,https://malegislature.gov/Bills/194/S1495
194,S1497,J16,2025-12-02 16:30,Favorable,5,0,1,0,https://malegislature.gov/Bills/194/S1497
194,S1497,J24,2026-04-28 12:00,Ought to pass with an amendment - New Draft,6,0,1,0,https://malegislature.gov/Bills/194/S1497
194,S15,TS29,2025-02-06 10:30,Ought to be accepted,7,0,2,0,https://malegislature.gov/Bills/194/S15
194,S1501,J24,2025-09-19 17:00,Ought to pass,6,0,1,0,https://malegislature.gov/Bills/194/S1501
194,S1502,J16,2025-12-02 17:30,Favorable,5,0,1,0,https://malegislature.gov/Bills/194/S1502
194,S1502,J24,2026-04-28 12:00,Ought to pass,6,0,1,0,https://malegislature.gov/Bills/194/S1502
194,S1503,J16,2025-12-02 16:30,Favorable,5,0,1,0,https://malegislature.gov/Bills/194/S1503
194,S1505,J16,2025-09-23 18:30,Favorable,5,0,1,0,https://malegislature.gov/Bills/194/S1505
194,S1506,J16,2025-10-17 18:00,Favorable,5,0,1,0,https://malegislature.gov/Bills/194/S1506
194,S1506,J24,2026-01-26 12:00,Ought to pass,6,0,1,0,https://malegislature.gov/Bills/194/S1506
194,S1507,J16,2025-09-23 18:30,Favorable,5,0,1,0,https://malegislature.gov/Bills/194/S1507
194,S1507,J24,2026-01-26 12:00,Ought to pass,6,0,1,0,https://malegislature.gov/Bills/194/S1507
194,S1508,J16,2025-10-17 18:00,Favorable,5,0,1,0,https://malegislature.gov/Bills/194/S1508
194,S1509,J16,2025-12-02 16:30,Favorable,5,0,1,0,https://malegislature.gov/Bills/194/S1509
194,S151,J13,2025-10-07 17:00,Ought to pass,6,0,0,0,https://malegislature.gov/Bills/194/S151
194,S1511,J16,2025-07-29 14:30,"Favorable, Carrying S.248",5,0,1,0,https://malegislature.gov/Bills/194/S1511
194,S1512,J16,2025-09-23 18:30,Favorable,5,0,1,0,https://malegislature.gov/Bills/194/S1512
194,S1513,J16,2025-07-29 14:30,Favorable,5,0,1,0,https://malegislature.gov/Bills/194/S1513
194,S1514,J16,2025-07-29 14:30,Favorable,5,0,1,0,https://malegislature.gov/Bills/194/S1514
194,S1515,J16,2025-09-23 18:30,Favorable,6,0,0,0,https://malegislature.gov/Bills/194/S1515
194,S1516,J16,2025-07-29 14:30,Favorable,5,0,1,0,https://malegislature.gov/Bills/194/S1516
194,S152,J13,2025-11-17 17:00,Ought to pass,6,0,0,0,https://malegislature.gov/Bills/194/S152
194,S1532,J16,2025-12-02 16:30,Favorable,5,0,1,0,https://malegislature.gov/Bills/194/S1532
194,S1534,J16,2026-03-26 12:00,"Favorable, carrying S.1638",4,0,1,1,https://malegislature.gov/Bills/194/S1534
194,S1535,J16,2025-07-29 14:30,Favorable,5,0,1,0,https://malegislature.gov/Bills/194/S1535
194,S1536,J16,2025-12-02 16:30,Favorable with changes,5,0,1,0,https://malegislature.gov/Bills/194/S1536
194,S1537,J16,2025-12-02 16:30,Favorable,5,0,1,0,https://malegislature.gov/Bills/194/S1537
194,S1537,J24,2026-02-24 12:00,Ought to pass,6,0,1,0,https://malegislature.gov/Bills/194/S1537
194,S1538,J16,2025-07-29 14:30,Favorable,5,0,1,0,https://malegislature.gov/Bills/194/S1538
194,S1539,J16,2025-12-02 16:30,Favorable with changes,5,0,1,0,https://malegislature.gov/Bills/194/S1539
194,S1539,J24,2026-02-24 12:00,Ought to pass,6,0,1,0,https://malegislature.gov/Bills/194/S1539
194,S154,J13,2025-09-05 17:00,Ought to pass,6,0,0,0,https://malegislature.gov/Bills/194/S154
194,S1542,J16,2025-09-23 18:30,"Favorable, accompanied by S.1510",6,0,0,0,https://malegislature.gov/Bills/194/S1542
194,S1542,J24,2025-11-03 12:00,Ought to pass,6,0,1,0,https://malegislature.gov/Bills/194/S1542
194,S1543,J16,2025-12-02 16:30,Favorable,5,0,1,0,https://malegislature.gov/Bills/194/S1543
194,S1545,J16,2025-07-29 14:30,Favorable,5,0,1,0,https://malegislature.gov/Bills/194/S1545
194,S1546,J16,2025-07-29 14:30,Favorable,5,0,1,0,https://malegislature.gov/Bills/194/S1546
194,S1547,J16,2025-12-02 16:30,Favorable,5,0,1,0,https://malegislature.gov/Bills/194/S1547
194,S1547,J24,2026-02-24 12:00,Ought to pass,6,0,1,0,https://malegislature.gov/Bills/194/S1547
194,S1548,J16,2025-12-02 16:30,Favorable,5,0,1,0,https://malegislature.gov/Bills/194/S1548
194,S155,J13,2025-09-29 17:00,Ought to pass,6,0,0,0,https://malegislature.gov/Bills/194/S155
194,S1550,J16,2025-12-02 16:30,Favorable,5,0,1,0,https://malegislature.gov/Bills/194/S1550
194,S1551,J16,2025-07-29 14:30,Favorable,5,0,1,0,https://malegislature.gov/Bills/194/S1551
194,S1554,J16,2025-09-23 18:30,Favorable,5,0,1,0,https://malegislature.gov/Bills/194/S1554
194,S1556,J16,2025-10-17 18:00,Favorable,5,0,1,0,https://malegislature.gov/Bills/194/S1556
194,S156,J13,2025-09-29 17:00,Ought to pass,6,0,0,0,https://malegislature.gov/Bills/194/S156
194,S1560,J16,2025-07-29 14:30,Favorable,5,0,1,0,https://malegislature.gov/Bills/194/S1560
194,S1561,J16,2025-12-02 16:30,Favorable,5,0,1,0,https://malegislature.gov/Bills/194/S1561
194,S1562,J16,2025-12-02 16:30,Favorable,4,0,2,0,https://malegislature.gov/Bills/194/S1562
194,S1563,J16,2025-12-02 16:30,Favorable,4,0,2,0,https://malegislature.gov/Bills/194/S1563
194,S1563,J24,2026-02-24 12:00,Ought to pass,6,0,1,0,https://malegislature.gov/Bills/194/S1563
194,S1564,J16,2025-07-29 14:30,"Favorable, accompanied by S.1638",5,0,1,0,https://malegislature.gov/Bills/194/S1564
194,S1566,J16,2025-10-17 18:00,Favorable,5,0,1,0,https://malegislature.gov/Bills/194/S1566
194,S157,J13,2025-09-05 17:00,Ought to pass,6,0,0,0,https://malegislature.gov/Bills/194/S157
194,S1571,J16,2025-12-02 16:30,Favorable,4,0,2,0,https://malegislature.gov/Bills/194/S1571
194,S1572,J16,2025-12-02 16:30,Favorable,5,0,1,0,https://malegislature.gov/Bills/194/S1572
194,S1573,J16,2025-12-02 16:31,Favorable,5,0,1,0,https://malegislature.gov/Bills/194/S1573
194,S1573,J24,2026-02-24 12:00,Ought to pass,6,0,1,0,https://malegislature.gov/Bills/194/S1573
194,S1578,J16,2025-07-29 14:30,"Favorable, accompanied by S.1577",5,0,1,0,https://malegislature.gov/Bills/194/S1578
194,S158,J13,2025-11-24 16:00,Ought to pass,6,0,0,0,https://malegislature.gov/Bills/194/S158
194,S1580,J16,2025-12-02 16:31,Favorable,5,0,1,0,https://malegislature.gov/Bills/194/S1580
194,S1583,J16,2025-07-29 14:30,Favorable,5,0,1,0,https://malegislature.gov/Bills/194/S1583
194,S1584,J16,2025-07-29 14:30,Favorable,5,0,1,0,https://malegislature.gov/Bills/194/S1584
194,S1586,J16,2025-10-17 18:00,Favorable,5,0,1,0,https://malegislature.gov/Bills/194/S1586
194,S1587,J16,2025-10-17 18:00,Favorable,5,0,1,0,https://malegislature.gov/Bills/194/S1587
194,S1587,J24,2026-01-26 12:00,Ought to pass,6,0,1,0,https://malegislature.gov/Bills/194/S1587
194,S1588,J16,2025-12-02 16:32,Favorable,5,0,1,0,https://malegislature.gov/Bills/194/S1588
194,S1589,J16,2025-07-29 14:30,Favorable,5,0,1,0,https://malegislature.gov/Bills/194/S1589
194,S1590,J16,2025-07-29 14:30,Favorable,5,0,1,0,https://malegislature.gov/Bills/194/S1590
194,S1591,J16,2025-10-17 18:00,Favorable,5,0,1,0,https://malegislature.gov/Bills/194/S1591
194,S1592,J16,2025-09-23 18:30,Favorable,5,0,1,0,https://malegislature.gov/Bills/194/S1592
194,S1592,J24,2025-11-03 12:00,Ought to pass,6,0,1,0,https://malegislature.gov/Bills/194/S1592
194,S1595,J16,2025-12-02 16:34,Favorable,6,0,0,0,https://malegislature.gov/Bills/194/S1595
194,S1595,J24,2026-02-24 12:00,Ought to pass,6,0,1,0,https://malegislature.gov/Bills/194/S1595
194,S1599,J16,2025-12-02 16:36,Favorable,6,0,0,0,https://malegislature.gov/Bills/194/S1599
194,S160,J13,2025-11-24 16:00,Ought to pass,6,0,0,0,https://malegislature.gov/Bills/194/S160
194,S1601,J16,2025-10-17 18:00,Favorable,5,0,1,0,https://malegislature.gov/Bills/194/S1601
194,S1602,J16,2025-09-23 18:30,Favorable,6,0,0,0,https://malegislature.gov/Bills/194/S1602
194,S1604,J16,2025-07-29 14:30,Favorable,5,0,1,0,https://malegislature.gov/Bills/194/S1604
194,S1605,J16,2025-09-23 18:30,"Favorable, accompanied by S.1607",6,0,0,0,https://malegislature.gov/Bills/194/S1605
194,S1606,J16,2026-07-31 16:45,Favorable,5,0,1,0,https://malegislature.gov/Bills/194/S1606
194,S1608,J16,2025-12-02 16:37,Favorable,5,0,1,0,https://malegislature.gov/Bills/194/S1608
194,S161,J13,2025-11-17 17:00,Ought to pass,6,0,0,0,https://malegislature.gov/Bills/194/S161
194,S1610,J16,2025-12-03 13:30,Favorable,5,0,1,0,https://malegislature.gov/Bills/194/S1610
194,S1614,J16,2025-12-02 16:38,Favorable,5,0,1,0,https://malegislature.gov/Bills/194/S1614
194,S1616,J16,2025-10-17 18:00,Favorable with changes,5,0,1,0,https://malegislature.gov/Bills/194/S1616
194,S1617,J16,2025-10-17 18:00,Favorable,5,0,1,0,https://malegislature.gov/Bills/194/S1617
194,S1619,J16,2025-07-29 14:31,Favorable,5,0,1,0,https://malegislature.gov/Bills/194/S1619
194,S162,J13,2025-11-24 16:00,Ought to pass,6,0,0,0,https://malegislature.gov/Bills/194/S162
194,S1621,J16,2025-10-17 18:00,"Favorable, accompanied by S1519",5,0,1,0,https://malegislature.gov/Bills/194/S1621
194,S1622,J16,2025-12-02 16:38,Favorable,5,0,1,0,https://malegislature.gov/Bills/194/S1622
194,S1623,J16,2025-09-23 18:30,Favorable,5,0,1,0,https://malegislature.gov/Bills/194/S1623
194,S1623,J24,2025-11-03 12:00,Ought to pass,6,0,1,0,https://malegislature.gov/Bills/194/S1623
194,S1624,J16,2025-12-02 16:39,Favorable,6,0,0,0,https://malegislature.gov/Bills/194/S1624
194,S1629,J16,2025-12-02 16:39,Favorable,6,0,0,0,https://malegislature.gov/Bills/194/S1629
194,S163,J13,2025-10-07 17:00,Ought to pass,6,0,0,0,https://malegislature.gov/Bills/194/S163
194,S1631,J16,2025-10-17 18:00,Favorable with changes,5,0,1,0,https://malegislature.gov/Bills/194/S1631
194,S1632,J16,2025-12-02 16:40,Favorable,5,0,1,0,https://malegislature.gov/Bills/194/S1632
194,S1633,J16,2025-12-02 16:40,Favorable,5,0,1,0,https://malegislature.gov/Bills/194/S1633
194,S1634,J16,2025-12-02 16:41,Favorable,5,0,1,0,https://malegislature.gov/Bills/194/S1634
194,S1635,J16,2025-12-02 16:30,Favorable,5,0,1,0,https://malegislature.gov/Bills/194/S1635
194,S1635,J24,2026-02-24 12:00,Ought to pass,6,0,1,0,https://malegislature.gov/Bills/194/S1635
194,S1643,J22,2025-12-03 13:00,Ought to pass,5,0,1,1,https://malegislature.gov/Bills/194/S1643
194,S1645,J22,2025-12-03 13:00,Ought to pass,6,0,0,1,https://malegislature.gov/Bills/194/S1645
194,S1646,H34,2026-06-09 10:45,S.1646 “An Act relative to violation of regulation regarding hot work processes” as amended,30,0,1,3,https://malegislature.gov/Bills/194/S1646
194,S1646,J22,2025-12-03 13:00,Ought to pass,6,0,0,1,https://malegislature.gov/Bills/194/S1646
194,S1646,S30,2026-03-19 11:15,Ought to pass with an amendment,16,0,1,1,https://malegislature.gov/Bills/194/S1646
194,S1647,J22,2025-12-03 13:00,Ought to pass,4,1,1,1,https://malegislature.gov/Bills/194/S1647
194,S1648,J22,2025-12-03 13:00,Ought to pass,6,0,0,1,https://malegislature.gov/Bills/194/S1648
194,S1649,J22,2025-12-03 13:00,Ought to pass,5,0,1,1,https://malegislature.gov/Bills/194/S1649
194,S1649,S29,2026-07-31 17:00,Placed in the Orders of the Day with an amendment,5,0,2,0,https://malegislature.gov/Bills/194/S1649
194,S165,S30,2025-09-11 10:30,Ought to pass,17,0,1,0,https://malegislature.gov/Bills/194/S165
194,S1650,J22,2025-12-03 13:00,Ought to pass,6,0,0,1,https://malegislature.gov/Bills/194/S1650
194,S1654,J22,2025-12-03 13:00,Ought to pass,6,0,0,1,https://malegislature.gov/Bills/194/S1654
194,S1655,J22,2025-07-10 10:00,Ought to pass,7,0,0,0,https://malegislature.gov/Bills/194/S1655
194,S1656,J22,2025-12-03 13:00,Ought to pass,6,0,0,1,https://malegislature.gov/Bills/194/S1656
194,S1657,J22,2025-07-10 10:00,Ought to pass,7,0,0,0,https://malegislature.gov/Bills/194/S1657
194,S1658,J22,2025-07-10 10:00,Ought to pass,7,0,0,0,https://malegislature.gov/Bills/194/S1658
194,S1659,J22,2025-07-10 10:00,Ought to pass,7,0,0,0,https://malegislature.gov/Bills/194/S1659
194,S166,J13,2025-11-24 16:00,Ought to pass,6,0,0,0,https://malegislature.gov/Bills/194/S166
194,S166,J24,2026-01-26 12:00,Ought to pass,6,0,1,0,https://malegislature.gov/Bills/194/S166
194,S1661,J22,2025-12-03 13:00,Ought to pass,6,0,0,1,https://malegislature.gov/Bills/194/S1661
194,S1662,J22,2026-06-15 15:00,Ought to pass,7,0,0,0,https://malegislature.gov/Bills/194/S1662
194,S1663,J22,2025-12-03 13:00,Ought to pass,6,0,0,1,https://malegislature.gov/Bills/194/S1663
194,S1664,J22,2025-12-03 13:00,Ought to pass,5,0,1,1,https://malegislature.gov/Bills/194/S1664
194,S1665,J22,2025-12-03 13:00,Ought to pass,6,0,0,1,https://malegislature.gov/Bills/194/S1665
194,S1667,J22,2025-12-03 13:00,Ought to pass,5,0,1,1,https://malegislature.gov/Bills/194/S1667
194,S1668,J22,2025-12-03 13:00,Ought to pass,6,0,0,1,https://malegislature.gov/Bills/194/S1668
194,S1669,J22,2025-12-03 13:00,Ought to pass,6,0,0,1,https://malegislature.gov/Bills/194/S1669
194,S167,J13,2025-10-07 17:00,Ought to pass,6,0,0,0,https://malegislature.gov/Bills/194/S167
194,S168,J13,2025-09-29 17:00,Ought to pass,6,0,0,0,https://malegislature.gov/Bills/194/S168
194,S1680,J22,2025-12-03 13:00,Ought to pass,6,0,0,1,https://malegislature.gov/Bills/194/S1680
194,S1682,J22,2025-12-03 13:00,Ought to pass,6,0,0,1,https://malegislature.gov/Bills/194/S1682
194,S1688,J22,2025-12-03 13:00,Ought to pass,5,1,0,1,https://malegislature.gov/Bills/194/S1688
194,S169,J13,2025-11-24 16:00,Study,5,0,1,0,https://malegislature.gov/Bills/194/S169
194,S1697,J22,2025-12-03 13:00,Ought to pass,5,0,1,1,https://malegislature.gov/Bills/194/S1697
194,S1698,J22,2025-12-03 13:00,Ought to pass,6,0,0,1,https://malegislature.gov/Bills/194/S1698
194,S170,J13,2025-09-29 17:00,Ought to pass,6,0,0,0,https://malegislature.gov/Bills/194/S170
194,S1700,J22,2025-12-03 13:00,Ought to pass,4,1,1,1,https://malegislature.gov/Bills/194/S1700
194,S1701,J22,2025-07-10 10:00,Ought to pass,7,0,0,0,https://malegislature.gov/Bills/194/S1701
194,S1703,J22,2025-12-03 13:00,Ought to pass,6,0,0,1,https://malegislature.gov/Bills/194/S1703
194,S1704,J22,2025-12-03 13:00,Ought to pass,6,0,0,1,https://malegislature.gov/Bills/194/S1704
194,S1706,J22,2025-12-03 13:00,Ought to pass,5,0,1,1,https://malegislature.gov/Bills/194/S1706
194,S1708,J22,2025-12-03 13:00,Ought to pass,6,0,0,1,https://malegislature.gov/Bills/194/S1708
194,S1709,J22,2025-07-10 10:00,Ought to pass,7,0,0,0,https://malegislature.gov/Bills/194/S1709
194,S171,J13,2025-11-17 17:00,Ought to pass,6,0,0,0,https://malegislature.gov/Bills/194/S171
194,S1710,J22,2025-12-03 13:00,Ought to pass,6,0,0,1,https://malegislature.gov/Bills/194/S1710
194,S1711,J22,2025-12-03 13:00,Ought to pass,5,0,1,1,https://malegislature.gov/Bills/194/S1711
194,S1713,J22,2025-07-10 10:00,Ought to pass,7,0,0,0,https://malegislature.gov/Bills/194/S1713
194,S1716,J22,2025-12-03 13:00,Ought to pass,6,0,0,1,https://malegislature.gov/Bills/194/S1716
194,S1717,J22,2025-12-03 13:00,Ought to pass,6,0,0,1,https://malegislature.gov/Bills/194/S1717
194,S1718,J22,2025-07-10 10:00,Ought to pass,7,0,0,0,https://malegislature.gov/Bills/194/S1718
194,S1719,J22,2025-12-03 13:00,Ought to pass,6,0,0,1,https://malegislature.gov/Bills/194/S1719
194,S172,J13,2025-09-29 17:00,Ought to pass,6,0,0,0,https://malegislature.gov/Bills/194/S172
194,S1721,J22,2025-12-03 13:00,Ought to pass,5,1,0,1,https://malegislature.gov/Bills/194/S1721
194,S1725,J22,2025-12-03 13:00,Ought to pass,5,0,1,1,https://malegislature.gov/Bills/194/S1725
194,S1727,J22,2025-12-03 13:00,Ought to pass,5,0,1,1,https://malegislature.gov/Bills/194/S1727
194,S1729,J22,2025-09-04 17:00,Ought to pass,6,0,0,1,https://malegislature.gov/Bills/194/S1729
194,S173,J47,2025-12-02 17:00,Ought to pass,5,0,1,0,https://malegislature.gov/Bills/194/S173
194,S1730,J22,2025-12-03 13:00,Ought to pass,6,0,0,1,https://malegislature.gov/Bills/194/S1730
194,S1734,J22,2025-12-03 13:00,Ought to pass,6,0,0,1,https://malegislature.gov/Bills/194/S1734
194,S1735,J22,2025-12-03 13:00,Ought to pass,6,0,0,1,https://malegislature.gov/Bills/194/S1735
194,S1736,J22,2025-09-16 17:00,Ought to pass,6,0,1,0,https://malegislature.gov/Bills/194/S1736
194,S1737,J22,2025-12-03 13:00,Ought to pass,6,0,0,1,https://malegislature.gov/Bills/194/S1737
194,S1738,J22,2025-12-03 13:00,Ought to pass,6,0,0,1,https://malegislature.gov/Bills/194/S1738
194,S1739,J22,2025-12-03 13:00,Ought to pass,6,0,0,1,https://malegislature.gov/Bills/194/S1739
194,S174,J47,2025-12-02 17:00,Ought to pass,5,0,1,0,https://malegislature.gov/Bills/194/S174
194,S1741,J22,2025-09-16 17:00,Ought to pass,7,0,0,0,https://malegislature.gov/Bills/194/S1741
194,S1742,J22,2025-12-03 13:00,Ought to pass,6,0,0,1,https://malegislature.gov/Bills/194/S1742
194,S1745,J22,2025-12-03 13:00,Ought to pass,6,0,0,1,https://malegislature.gov/Bills/194/S1745
194,S1746,J22,2025-07-10 10:00,Ought to pass,7,0,0,0,https://malegislature.gov/Bills/194/S1746
194,S1747,J22,2025-12-03 13:00,Ought to pass,6,0,0,1,https://malegislature.gov/Bills/194/S1747
194,S1748,J22,2025-07-10 10:00,Ought to pass,7,0,0,0,https://malegislature.gov/Bills/194/S1748
194,S1749,J22,2025-12-03 13:00,Ought to pass,6,0,0,1,https://malegislature.gov/Bills/194/S1749
194,S175,J47,2025-12-02 17:00,Ought to pass,5,0,1,0,https://malegislature.gov/Bills/194/S175
194,S1750,J22,2025-12-03 13:00,Ought to pass,6,0,0,1,https://malegislature.gov/Bills/194/S1750
194,S1751,J22,2025-12-03 13:00,Ought to pass,6,0,0,1,https://malegislature.gov/Bills/194/S1751
194,S1753,J22,2025-07-10 10:00,Ought to pass,6,1,0,0,https://malegislature.gov/Bills/194/S1753
194,S1755,J22,2025-12-03 13:00,Ought to pass,6,0,0,1,https://malegislature.gov/Bills/194/S1755
194,S1757,J22,2025-12-03 13:00,Ought to pass,5,0,1,1,https://malegislature.gov/Bills/194/S1757
194,S1759,J22,2025-12-03 13:00,Ought to pass,6,0,0,1,https://malegislature.gov/Bills/194/S1759
194,S176,J47,2025-12-02 17:00,Ought to pass,5,0,1,0,https://malegislature.gov/Bills/194/S176
194,S1760,J22,2025-12-03 13:00,Ought to pass,6,0,0,1,https://malegislature.gov/Bills/194/S1760
194,S1761,J22,2025-12-03 13:00,Ought to pass,6,0,0,1,https://malegislature.gov/Bills/194/S1761
194,S1762,J22,2025-07-10 10:00,Ought to pass,6,1,0,0,https://malegislature.gov/Bills/194/S1762
194,S1764,J22,2025-12-03 13:00,Ought to pass,5,1,0,1,https://malegislature.gov/Bills/194/S1764
194,S1765,J22,2025-12-03 13:00,Ought to pass,6,0,0,1,https://malegislature.gov/Bills/194/S1765
194,S1766,J22,2025-12-03 13:00,Ought to pass,6,0,0,1,https://malegislature.gov/Bills/194/S1766
194,S1768,J22,2025-12-03 13:00,Ought to pass,6,0,0,1,https://malegislature.gov/Bills/194/S1768
194,S1769,J22,2025-12-03 13:00,Ought to pass,6,0,0,1,https://malegislature.gov/Bills/194/S1769
194,S177,J47,2025-10-20 17:00,Favorable,5,0,1,0,https://malegislature.gov/Bills/194/S177
194,S1770,J22,2025-12-03 13:00,Ought to pass,5,1,0,1,https://malegislature.gov/Bills/194/S1770
194,S1772,J22,2025-12-03 13:00,Ought to pass,6,0,0,1,https://malegislature.gov/Bills/194/S1772
194,S1773,J22,2025-12-03 13:00,Ought to pass,6,0,0,1,https://malegislature.gov/Bills/194/S1773
194,S1774,J22,2025-12-03 13:00,Ought to pass,5,1,0,1,https://malegislature.gov/Bills/194/S1774
194,S1775,J22,2025-12-03 13:00,Ought to pass,6,0,0,1,https://malegislature.gov/Bills/194/S1775
194,S1777,J22,2025-12-03 13:00,Ought to pass,6,0,0,1,https://malegislature.gov/Bills/194/S1777
194,S1778,J22,2025-12-03 13:00,Ought to pass,6,0,0,1,https://malegislature.gov/Bills/194/S1778
194,S1779,J22,2025-12-03 13:00,Ought to pass,6,0,0,1,https://malegislature.gov/Bills/194/S1779
194,S178,J47,2025-12-02 17:00,Ought to pass,4,0,2,0,https://malegislature.gov/Bills/194/S178
194,S1781,J22,2025-12-03 13:00,Ought to pass,5,1,0,1,https://malegislature.gov/Bills/194/S1781
194,S1782,J22,2025-09-04 17:00,Ought to pass,6,0,0,1,https://malegislature.gov/Bills/194/S1782
194,S1783,J22,2025-12-03 13:00,Ought to pass,6,0,0,1,https://malegislature.gov/Bills/194/S1783
194,S1784,J22,2025-09-16 17:00,Ought to pass,5,0,2,0,https://malegislature.gov/Bills/194/S1784
194,S1785,J22,2025-12-03 13:00,Ought to pass,6,0,0,1,https://malegislature.gov/Bills/194/S1785
194,S1786,J23,2026-03-17 16:00,Ought to pass,4,0,2,0,https://malegislature.gov/Bills/194/S1786
194,S1787,J23,2026-03-17 16:00,Ought to pass,4,0,2,0,https://malegislature.gov/Bills/194/S1787
194,S1788,J23,2025-10-10 15:00,Ought to pass,5,0,0,1,https://malegislature.gov/Bills/194/S1788
194,S1789,J23,2026-03-17 16:00,Ought to pass,3,0,3,0,https://malegislature.gov/Bills/194/S1789
194,S179,J47,2025-12-02 17:00,Ought to pass,5,0,1,0,https://malegislature.gov/Bills/194/S179
194,S1790,J23,2025-11-12 17:00,Ought to pass,4,0,2,0,https://malegislature.gov/Bills/194/S1790
194,S1791,J23,2025-10-28 17:00,Ought to pass,5,0,1,0,https://malegislature.gov/Bills/194/S1791
194,S1792,J23,2025-10-28 17:00,Ought to pass,6,0,0,0,https://malegislature.gov/Bills/194/S1792
194,S1795,J23,2025-11-12 17:00,Ought to pass,6,0,0,0,https://malegislature.gov/Bills/194/S1795
194,S1797,J23,2025-10-10 15:00,Ought to pass,5,0,0,1,https://malegislature.gov/Bills/194/S1797
194,S1798,J23,2026-03-17 16:00,Ought to pass,4,0,2,0,https://malegislature.gov/Bills/194/S1798
194,S180,J47,2025-12-02 17:00,Ought to pass,5,0,1,0,https://malegislature.gov/Bills/194/S180
194,S1800,J23,2025-11-12 17:00,Ought to pass,3,0,3,0,https://malegislature.gov/Bills/194/S1800
194,S1802,J23,2025-07-29 17:00,Ought to pass,4,0,2,0,https://malegislature.gov/Bills/194/S1802
194,S1803,J23,2026-03-17 16:00,Ought to pass,3,0,3,0,https://malegislature.gov/Bills/194/S1803
194,S1804,J23,2026-03-17 16:00,Ought to pass,3,0,3,0,https://malegislature.gov/Bills/194/S1804
194,S1805,J23,2025-07-29 17:00,Ought to pass,5,0,1,0,https://malegislature.gov/Bills/194/S1805
194,S1807,J23,2025-12-02 10:00,Ought to pass,4,0,1,1,https://malegislature.gov/Bills/194/S1807
194,S181,J47,2025-10-20 17:00,Favorable,5,0,1,0,https://malegislature.gov/Bills/194/S181
194,S1814,J23,2025-10-28 17:00,Ought to pass,6,0,0,0,https://malegislature.gov/Bills/194/S1814
194,S1816,J23,2026-03-17 16:00,Ought to pass,4,0,2,0,https://malegislature.gov/Bills/194/S1816
194,S1817,J23,2026-03-17 16:00,Ought to pass,4,0,2,0,https://malegislature.gov/Bills/194/S1817
194,S1819,J23,2026-03-17 16:00,Ought to pass,4,0,2,0,https://malegislature.gov/Bills/194/S1819
194,S1821,J23,2025-10-10 15:00,Ought to pass,5,0,0,1,https://malegislature.gov/Bills/194/S1821
194,S1823,J23,2026-03-17 16:00,Ought to pass,4,0,2,0,https://malegislature.gov/Bills/194/S1823
194,S1825,J23,2025-07-29 17:00,Ought to pass,6,0,0,0,https://malegislature.gov/Bills/194/S1825
194,S1827,J23,2026-03-17 16:00,Ought to pass,4,0,2,0,https://malegislature.gov/Bills/194/S1827
194,S1828,J23,2025-11-12 17:00,Ought to pass,6,0,0,0,https://malegislature.gov/Bills/194/S1828
194,S183,J47,2025-10-20 17:00,Favorable,6,0,0,0,https://malegislature.gov/Bills/194/S183
194,S1832,J23,2025-10-10 15:00,Ought to pass,5,0,0,1,https://malegislature.gov/Bills/194/S1832
194,S1835,J23,2025-10-28 17:00,Ought to pass,6,0,0,0,https://malegislature.gov/Bills/194/S1835
194,S1836,J23,2025-09-22 17:00,Ought to pass,3,0,3,0,https://malegislature.gov/Bills/194/S1836
194,S1838,J23,2025-12-02 10:00,Ought to pass,5,0,0,1,https://malegislature.gov/Bills/194/S1838
194,S184,J47,2025-12-02 17:00,Ought to pass,5,0,1,0,https://malegislature.gov/Bills/194/S184
194,S1841,J23,2026-03-17 16:00,Ought to pass,5,0,1,0,https://malegislature.gov/Bills/194/S1841
194,S1844,J23,2026-03-17 16:00,Ought to pass,4,0,2,0,https://malegislature.gov/Bills/194/S1844
194,S1845,J23,2025-10-28 17:00,Ought to pass,6,0,0,0,https://malegislature.gov/Bills/194/S1845
194,S1846,J23,2026-03-17 16:00,Ought to pass,3,0,3,0,https://malegislature.gov/Bills/194/S1846
194,S1847,J23,2025-10-28 17:00,Ought to pass,5,0,1,0,https://malegislature.gov/Bills/194/S1847
194,S1848,J23,2025-10-28 17:00,Ought to pass,5,0,0,1,https://malegislature.gov/Bills/194/S1848
194,S1849,J23,2025-10-10 15:00,Ought to pass,5,0,0,1,https://malegislature.gov/Bills/194/S1849
194,S185,J47,2025-12-02 17:00,Ought to pass,5,0,1,0,https://malegislature.gov/Bills/194/S185
194,S1850,J23,2025-11-12 17:00,Ought to pass,4,0,2,0,https://malegislature.gov/Bills/194/S1850
194,S1851,J23,2025-10-28 17:00,Ought to pass,6,0,0,0,https://malegislature.gov/Bills/194/S1851
194,S1851,S29,2026-03-31 17:00,Placed in the Orders of the Day,6,0,1,0,https://malegislature.gov/Bills/194/S1851
194,S1853,J23,2026-03-17 16:00,Ought to pass,3,0,3,0,https://malegislature.gov/Bills/194/S1853
194,S1856,J23,2026-03-17 16:00,Ought to pass,4,0,2,0,https://malegislature.gov/Bills/194/S1856
194,S1859,J23,2025-07-29 17:00,Ought to pass,4,0,2,0,https://malegislature.gov/Bills/194/S1859
194,S186,J47,2025-12-02 17:00,Ought to pass,5,0,1,0,https://malegislature.gov/Bills/194/S186
194,S1860,J23,2025-10-10 15:00,Ought to pass,5,0,0,1,https://malegislature.gov/Bills/194/S1860
194,S1862,J23,2025-10-28 17:00,Ought to pass,6,0,0,0,https://malegislature.gov/Bills/194/S1862
194,S1863,J23,2025-11-12 17:00,Ought to pass,6,0,0,0,https://malegislature.gov/Bills/194/S1863
194,S1864,J23,2025-11-12 17:00,Ought to pass,4,0,2,0,https://malegislature.gov/Bills/194/S1864
194,S1865,J23,2025-09-22 17:00,Ought to pass,6,0,0,0,https://malegislature.gov/Bills/194/S1865
194,S1867,J23,2026-03-17 16:00,Ought to pass,4,0,2,0,https://malegislature.gov/Bills/194/S1867
194,S1868,J23,2026-03-17 16:00,Ought to pass,4,0,2,0,https://malegislature.gov/Bills/194/S1868
194,S187,J17,2025-12-02 17:00,Ought to pass,5,0,1,0,https://malegislature.gov/Bills/194/S187
194,S1871,J23,2026-03-17 16:00,Ought to pass,4,0,2,0,https://malegislature.gov/Bills/194/S1871
194,S1872,J23,2025-07-29 17:00,Ought to pass,5,0,1,0,https://malegislature.gov/Bills/194/S1872
194,S1873,J23,2025-10-28 17:00,Ought to pass,5,0,1,0,https://malegislature.gov/Bills/194/S1873
194,S1876,J23,2026-03-17 16:00,Ought to pass,4,0,2,0,https://malegislature.gov/Bills/194/S1876
194,S1883,J23,2025-11-12 17:00,Ought to pass,5,0,1,0,https://malegislature.gov/Bills/194/S1883
194,S1884,J23,2025-07-29 17:00,Ought to pass,5,0,1,0,https://malegislature.gov/Bills/194/S1884
194,S1885,J23,2025-11-12 17:00,Ought to pass,4,0,2,0,https://malegislature.gov/Bills/194/S1885
194,S1886,J23,2026-03-17 16:00,Ought to pass,5,0,1,0,https://malegislature.gov/Bills/194/S1886
194,S1888,J23,2026-03-17 16:00,Ought to pass,4,0,2,0,https://malegislature.gov/Bills/194/S1888
194,S1891,J23,2025-09-22 17:00,Ought to pass,5,0,1,0,https://malegislature.gov/Bills/194/S1891
194,S1895,J23,2025-09-22 17:00,Ought to pass,6,0,0,0,https://malegislature.gov/Bills/194/S1895
194,S1896,J23,2025-11-12 17:00,Ought to pass,6,0,0,0,https://malegislature.gov/Bills/194/S1896
194,S1897,J23,2026-03-17 16:00,Ought to pass,3,0,3,0,https://malegislature.gov/Bills/194/S1897
194,S1898,J23,2025-10-28 17:00,Ought to pass,6,0,0,0,https://malegislature.gov/Bills/194/S1898
194,S1902,J23,2025-10-10 15:00,Ought to pass,5,0,0,1,https://malegislature.gov/Bills/194/S1902
194,S1903,J23,2025-10-10 15:00,Ought to pass,5,0,0,1,https://malegislature.gov/Bills/194/S1903
194,S1906,J23,2026-03-17 16:00,Ought to pass,4,0,2,0,https://malegislature.gov/Bills/194/S1906
194,S1907,J23,2025-10-10 15:00,Ought to pass,5,0,0,1,https://malegislature.gov/Bills/194/S1907
194,S1908,J23,2026-03-17 16:00,Ought to pass,4,0,2,0,https://malegislature.gov/Bills/194/S1908
194,S1909,J23,2025-10-10 15:00,Ought to pass,5,0,0,1,https://malegislature.gov/Bills/194/S1909
194,S1910,J23,2025-09-22 17:00,Ought to pass,5,0,1,0,https://malegislature.gov/Bills/194/S1910
194,S1911,J23,2025-10-10 15:00,Ought to pass,4,0,0,2,https://malegislature.gov/Bills/194/S1911
194,S1913,J23,2025-11-12 17:00,Ought to pass,5,0,1,0,https://malegislature.gov/Bills/194/S1913
194,S1914,J23,2025-10-10 15:00,Ought to pass,4,0,0,2,https://malegislature.gov/Bills/194/S1914
194,S1915,J23,2025-11-12 17:00,Ought to pass,6,0,0,0,https://malegislature.gov/Bills/194/S1915
194,S1915,S29,2026-01-27 12:00,Placed in the Orders of the Day,7,0,0,0,https://malegislature.gov/Bills/194/S1915
194,S1917,J23,2025-10-28 17:00,Ought to pass,5,0,0,1,https://malegislature.gov/Bills/194/S1917
194,S1918,J23,2025-10-28 17:00,Ought to pass,5,0,0,1,https://malegislature.gov/Bills/194/S1918
194,S1919,J23,2025-09-22 17:00,Ought to pass,6,0,0,0,https://malegislature.gov/Bills/194/S1919
194,S1920,J23,2026-03-17 16:00,Ought to pass,5,0,1,0,https://malegislature.gov/Bills/194/S1920
194,S1921,J23,2026-03-17 16:00,Ought to pass,4,0,2,0,https://malegislature.gov/Bills/194/S1921
194,S1922,J26,2026-06-15 16:15,Favorable,4,0,2,0,https://malegislature.gov/Bills/194/S1922
194,S1923,J26,2026-06-24 15:00,Favorable,5,9,2,1,https://malegislature.gov/Bills/194/S1923
194,S1924,J26,2026-06-25 12:00,Favorable,5,0,1,0,https://malegislature.gov/Bills/194/S1924
194,S1926,J26,2026-06-24 15:00,Ought to pass,14,0,2,1,https://malegislature.gov/Bills/194/S1926
194,S1928,J26,2025-11-21 17:00,Study,6,0,0,0,https://malegislature.gov/Bills/194/S1928
194,S1930,J26,2025-11-21 17:00,Favorable,4,0,2,0,https://malegislature.gov/Bills/194/S1930
194,S1931,J26,2026-06-24 15:00,Ought to pass,5,9,2,1,https://malegislature.gov/Bills/194/S1931
194,S1932,J26,2025-11-07 12:00,Favorable,6,0,0,0,https://malegislature.gov/Bills/194/S1932
194,S1933,S30,2026-01-08 16:45,Ought to pass – by substitution of a New Draft,14,0,3,1,https://malegislature.gov/Bills/194/S1933
194,S1934,J26,2025-11-07 12:00,Favorable,6,0,0,0,https://malegislature.gov/Bills/194/S1934
194,S1935,S30,2026-01-08 16:45,Ought to pass – by substitution of a New Draft,14,0,3,1,https://malegislature.gov/Bills/194/S1935
194,S1936,J26,2025-11-07 12:00,Favorable,5,0,1,0,https://malegislature.gov/Bills/194/S1936
194,S1937,J26,2025-11-21 17:00,Favorable,4,0,2,0,https://malegislature.gov/Bills/194/S1937
194,S1939,J26,2025-11-07 12:00,Favorable,5,0,1,0,https://malegislature.gov/Bills/194/S1939
194,S1940,J26,2025-11-21 17:00,Favorable,5,0,1,0,https://malegislature.gov/Bills/194/S1940
194,S1942,J26,2026-06-24 15:00,Ought to pass,14,0,2,1,https://malegislature.gov/Bills/194/S1942
194,S1943,J26,2026-06-24 15:00,Ought to pass,5,9,2,1,https://malegislature.gov/Bills/194/S1943
194,S1947,J26,2026-07-20 16:30,Favorable,4,10,1,2,https://malegislature.gov/Bills/194/S1947
194,S1948,J26,2025-11-07 12:00,Favorable,6,0,0,0,https://malegislature.gov/Bills/194/S1948
194,S1948,S29,2026-01-12 17:00,Placed in the Orders of the Day,7,0,0,0,https://malegislature.gov/Bills/194/S1948
194,S1950,J26,2026-06-24 15:00,Ought to pass,14,0,2,1,https://malegislature.gov/Bills/194/S1950
194,S1951,J26,2025-11-07 12:00,Favorable,5,1,0,0,https://malegislature.gov/Bills/194/S1951
194,S1953,J26,2026-06-24 15:00,Ought to pass,14,0,2,1,https://malegislature.gov/Bills/194/S1953
194,S1954,J26,2026-06-24 15:00,Ought to pass,5,9,2,1,https://malegislature.gov/Bills/194/S1954
194,S1955,J26,2025-11-21 17:00,Favorable,4,0,2,0,https://malegislature.gov/Bills/194/S1955
194,S1956,J26,2026-06-24 15:00,Ought to pass,14,0,2,1,https://malegislature.gov/Bills/194/S1956
194,S1957,J26,2026-06-24 15:00,Ought to pass,14,0,2,1,https://malegislature.gov/Bills/194/S1957
194,S1958,J26,2026-06-24 15:00,Ought to pass,5,9,2,1,https://malegislature.gov/Bills/194/S1958
194,S196,J17,2025-10-28 17:00,Ought to pass,5,0,1,0,https://malegislature.gov/Bills/194/S196
194,S1961,J26,2025-11-21 17:00,Study,5,1,0,0,https://malegislature.gov/Bills/194/S1961
194,S1962,J26,2026-06-24 15:00,Ought to pass,7,8,1,1,https://malegislature.gov/Bills/194/S1962
194,S1963,J26,2026-06-24 15:00,Ought to pass,15,0,1,1,https://malegislature.gov/Bills/194/S1963
194,S1964,J26,2025-11-21 17:00,Favorable,5,0,1,0,https://malegislature.gov/Bills/194/S1964
194,S1966,J26,2025-11-21 17:00,Study,5,1,0,0,https://malegislature.gov/Bills/194/S1966
194,S1967,J26,2025-11-21 17:00,Study,5,0,1,0,https://malegislature.gov/Bills/194/S1967
194,S1968,J26,2025-11-21 17:00,Study,5,1,0,0,https://malegislature.gov/Bills/194/S1968
194,S1969,J26,2025-11-07 12:00,Favorable,4,0,2,0,https://malegislature.gov/Bills/194/S1969
194,S1970,J26,2026-06-24 15:00,Ought to pass,15,0,1,1,https://malegislature.gov/Bills/194/S1970
194,S1971,J26,2026-07-20 16:30,Favorable,3,10,2,2,https://malegislature.gov/Bills/194/S1971
194,S1972,J26,2025-11-21 17:00,Favorable,5,0,1,0,https://malegislature.gov/Bills/194/S1972
194,S1974,J26,2026-06-24 15:00,Ought to pass,4,9,3,1,https://malegislature.gov/Bills/194/S1974
194,S1975,J26,2026-06-24 15:00,Ought to pass,14,0,2,1,https://malegislature.gov/Bills/194/S1975
194,S1978,J26,2025-11-21 17:00,Study,5,1,0,0,https://malegislature.gov/Bills/194/S1978
194,S198,J17,2025-10-21 17:00,Ought to pass,5,0,1,0,https://malegislature.gov/Bills/194/S198
194,S1980,J26,2025-11-21 17:00,Study,5,1,0,0,https://malegislature.gov/Bills/194/S1980
194,S1981,J26,2026-06-24 15:00,Ought to pass,6,9,1,1,https://malegislature.gov/Bills/194/S1981
194,S1983,J26,2026-06-24 15:00,Ought to pass,6,9,1,1,https://malegislature.gov/Bills/194/S1983
194,S1985,J26,2026-06-15 16:15,Favorable,6,0,0,0,https://malegislature.gov/Bills/194/S1985
194,S1986,J26,2026-06-24 15:00,Ought to pass,15,0,1,1,https://malegislature.gov/Bills/194/S1986
194,S1988,J26,2026-06-15 16:15,Favorable,6,0,0,0,https://malegislature.gov/Bills/194/S1988
194,S199,J17,2025-10-21 17:00,Ought to pass,5,0,1,0,https://malegislature.gov/Bills/194/S199
194,S1991,J26,2025-11-21 17:00,Study,5,1,0,0,https://malegislature.gov/Bills/194/S1991
194,S1992,J26,2025-11-21 17:00,Study,5,1,0,0,https://malegislature.gov/Bills/194/S1992
194,S1993,J26,2025-11-21 17:00,Study,5,1,0,0,https://malegislature.gov/Bills/194/S1993
194,S1994,J26,2025-11-21 17:00,Study,5,1,0,0,https://malegislature.gov/Bills/194/S1994
194,S1997,J26,2025-11-21 17:00,Favorable,4,0,2,0,https://malegislature.gov/Bills/194/S1997
194,S1998,J26,2026-06-24 15:00,Ought to pass,14,0,2,1,https://malegislature.gov/Bills/194/S1998
194,S1999,J26,2025-11-21 17:00,Favorable,4,0,2,0,https://malegislature.gov/Bills/194/S1999
194,S200,J17,2025-11-05 17:00,Ought to pass,5,0,1,0,https://malegislature.gov/Bills/194/S200
194,S2000,J26,2026-06-24 15:00,Ought to pass,5,9,2,1,https://malegislature.gov/Bills/194/S2000
194,S2001,J26,2026-06-24 15:00,Ought to pass,13,0,3,1,https://malegislature.gov/Bills/194/S2001
194,S2002,J26,2026-06-24 15:00,Ought to pass,15,0,1,1,https://malegislature.gov/Bills/194/S2002
194,S2003,J26,2025-11-21 17:00,Favorable,4,0,2,0,https://malegislature.gov/Bills/194/S2003
194,S2004,J26,2026-03-06 12:00,Redraft,5,0,1,0,https://malegislature.gov/Bills/194/S2004
194,S2006,J26,2025-11-21 17:00,Favorable,5,0,1,0,https://malegislature.gov/Bills/194/S2006
194,S2009,J26,2025-11-07 12:00,Favorable,5,1,0,0,https://malegislature.gov/Bills/194/S2009
194,S2010,J26,2025-11-21 17:00,Favorable,5,0,1,0,https://malegislature.gov/Bills/194/S2010
194,S2014,J26,2026-06-15 16:15,Favorable,5,0,1,0,https://malegislature.gov/Bills/194/S2014
194,S202,J17,2025-11-13 13:00,Ought to pass,5,0,1,0,https://malegislature.gov/Bills/194/S202
194,S2023,J26,2026-06-15 16:15,Favorable,5,0,1,0,https://malegislature.gov/Bills/194/S2023
194,S2024,J26,2026-06-24 15:00,Ought to pass,14,0,2,1,https://malegislature.gov/Bills/194/S2024
194,S2025,J26,2026-06-24 15:00,Ought to pass,15,0,1,1,https://malegislature.gov/Bills/194/S2025
194,S2026,J26,2026-06-24 15:00,Ought to pass,5,9,2,1,https://malegislature.gov/Bills/194/S2026
194,S203,J17,2025-12-02 17:00,Ought to pass,5,0,1,0,https://malegislature.gov/Bills/194/S203
194,S2032,J26,2026-03-06 12:00,Favorable,5,0,1,0,https://malegislature.gov/Bills/194/S2032
194,S2033,J26,2026-06-24 15:00,Ought to pass,4,9,3,1,https://malegislature.gov/Bills/194/S2033
194,S2036,J26,2025-11-07 12:00,Favorable,5,0,1,0,https://malegislature.gov/Bills/194/S2036
194,S2036,S30,2026-01-08 16:45,Ought to pass – by substitution of a New Draft,15,0,2,1,https://malegislature.gov/Bills/194/S2036
194,S2037,J26,2025-11-21 17:00,Favorable,4,0,2,0,https://malegislature.gov/Bills/194/S2037
194,S2038,J26,2026-06-24 15:00,Ought to pass,15,0,1,1,https://malegislature.gov/Bills/194/S2038
194,S204,J17,2025-11-25 12:30,Redraft,5,0,1,0,https://malegislature.gov/Bills/194/S204
194,S2041,J26,2026-06-25 12:00,Favorable,5,0,1,0,https://malegislature.gov/Bills/194/S2041
194,S2045,J26,2026-06-24 15:00,Ought to pass,14,0,2,1,https://malegislature.gov/Bills/194/S2045
194,S2046,J26,2025-11-21 17:00,Favorable,6,0,0,0,https://malegislature.gov/Bills/194/S2046
194,S2049,J26,2025-11-21 17:00,Study,5,1,0,0,https://malegislature.gov/Bills/194/S2049
194,S2051,J26,2026-06-24 15:00,Ought to pass,15,0,1,1,https://malegislature.gov/Bills/194/S2051
194,S2052,J26,2025-11-21 17:00,Study,5,1,0,0,https://malegislature.gov/Bills/194/S2052
194,S2054,J26,2026-06-24 15:00,Ought to pass,15,0,1,1,https://malegislature.gov/Bills/194/S2054
194,S2057,J26,2025-11-21 17:00,Study,5,1,0,0,https://malegislature.gov/Bills/194/S2057
194,S2061,J26,2025-11-21 17:00,Favorable,6,0,0,0,https://malegislature.gov/Bills/194/S2061
194,S2062,J26,2025-11-21 17:00,Study,5,0,1,0,https://malegislature.gov/Bills/194/S2062
194,S2064,J26,2026-06-24 15:00,Ought to pass,15,0,1,1,https://malegislature.gov/Bills/194/S2064
194,S2065,J26,2025-11-21 17:00,Favorable,6,0,0,0,https://malegislature.gov/Bills/194/S2065
194,S2066,J26,2026-06-24 15:00,Ought to pass,15,0,1,1,https://malegislature.gov/Bills/194/S2066
194,S2067,J26,2025-11-21 17:00,Favorable,5,0,1,0,https://malegislature.gov/Bills/194/S2067
194,S2069,J26,2025-11-07 12:00,Favorable,6,0,0,0,https://malegislature.gov/Bills/194/S2069
194,S207,J17,2025-09-26 17:00,Ought to pass,5,0,1,0,https://malegislature.gov/Bills/194/S207
194,S2070,J26,2025-11-21 17:00,Favorable,5,0,1,0,https://malegislature.gov/Bills/194/S2070
194,S2072,J26,2025-11-07 12:00,Favorable,6,0,0,0,https://malegislature.gov/Bills/194/S2072
194,S2073,J26,2025-11-21 17:00,Favorable,6,0,0,0,https://malegislature.gov/Bills/194/S2073
194,S2074,J26,2026-06-15 16:15,Favorable,6,0,0,0,https://malegislature.gov/Bills/194/S2074
194,S2076,J26,2026-06-24 15:00,Ought to pass,5,9,2,1,https://malegislature.gov/Bills/194/S2076
194,S2077,J26,2026-06-15 16:15,Favorable,4,0,2,0,https://malegislature.gov/Bills/194/S2077
194,S2079,J26,2026-06-24 15:00,Ought to pass,5,9,2,1,https://malegislature.gov/Bills/194/S2079
194,S208,J17,2025-09-26 17:00,Ought to pass,5,0,1,0,https://malegislature.gov/Bills/194/S208
194,S208,J24,2025-11-03 12:00,Ought to pass,6,0,1,0,https://malegislature.gov/Bills/194/S208
194,S2083,J26,2026-06-24 15:00,Ought to pass,15,0,1,1,https://malegislature.gov/Bills/194/S2083
194,S2085,J26,2026-06-24 15:00,Ought to pass,15,0,1,1,https://malegislature.gov/Bills/194/S2085
194,S2089,J26,2026-06-24 15:00,Ought to pass,5,9,2,1,https://malegislature.gov/Bills/194/S2089
194,S209,J17,2025-11-13 13:00,Ought to pass,5,0,1,0,https://malegislature.gov/Bills/194/S209
194,S209,S30,2026-02-05 11:00,Ought to pass – by substitution of a New Draft,16,0,2,0,https://malegislature.gov/Bills/194/S209
194,S2092,J26,2025-11-21 17:00,Favorable,6,0,0,0,https://malegislature.gov/Bills/194/S2092
194,S2093,J26,2025-11-21 17:00,Favorable,5,0,1,0,https://malegislature.gov/Bills/194/S2093
194,S2094,J26,2025-11-21 17:00,Favorable,5,0,1,0,https://malegislature.gov/Bills/194/S2094
194,S2095,J26,2026-06-24 15:00,Ought to pass,13,0,3,1,https://malegislature.gov/Bills/194/S2095
194,S2099,J25,2026-01-12 15:00,Ought to pass – by substitution of a New Draft,4,0,0,2,https://malegislature.gov/Bills/194/S2099
194,S21,J10,2025-07-25 14:00,Study Order,4,0,0,2,https://malegislature.gov/Bills/194/S21
194,S2100,J23,2025-11-12 17:00,Ought to pass,6,0,0,0,https://malegislature.gov/Bills/194/S2100
194,S2103,J25,2026-01-30 14:00,Ought to pass – by substitution of a New Draft,2,0,0,4,https://malegislature.gov/Bills/194/S2103
194,S2103,J25,2026-01-30 17:00,Ought to pass – by substitution of a New Draft,5,0,0,1,https://malegislature.gov/Bills/194/S2103
194,S2104,J25,2025-11-20 17:00,Ought to pass,4,0,0,2,https://malegislature.gov/Bills/194/S2104
194,S2105,J25,2026-01-30 14:00,Ought to pass – by substitution of a New Draft,2,0,0,4,https://malegislature.gov/Bills/194/S2105
194,S2106,J25,2026-01-12 15:00,Ought to pass,5,0,0,1,https://malegislature.gov/Bills/194/S2106
194,S2107,J25,2025-07-18 17:00,Ought to pass,6,0,0,0,https://malegislature.gov/Bills/194/S2107
194,S2109,J25,2025-11-07 17:00,Ought to pass,6,0,0,0,https://malegislature.gov/Bills/194/S2109
194,S2110,S29,2026-01-27 12:00,Placed in the Orders of the Day,7,0,0,0,https://malegislature.gov/Bills/194/S2110
194,S2115,J25,2025-08-01 16:30,Ought to pass,6,0,0,0,https://malegislature.gov/Bills/194/S2115
194,S2116,J25,2026-01-30 14:00,Ought to pass,2,0,1,3,https://malegislature.gov/Bills/194/S2116
194,S2118,J25,2025-12-03 14:00,Ought to pass,5,0,0,1,https://malegislature.gov/Bills/194/S2118
194,S2119,J25,2025-11-20 17:00,Ought to pass,3,0,1,2,https://malegislature.gov/Bills/194/S2119
194,S212,J17,2025-10-28 17:00,Ought to pass,5,0,1,0,https://malegislature.gov/Bills/194/S212
194,S2120,J25,2025-12-03 14:00,Ought to pass,5,0,0,1,https://malegislature.gov/Bills/194/S2120
194,S2120,S29,2026-03-10 17:00,Placed in the Orders of the Day,7,0,0,0,https://malegislature.gov/Bills/194/S2120
194,S2121,J25,2025-09-29 12:00,Ought to pass,6,0,0,0,https://malegislature.gov/Bills/194/S2121
194,S2122,J25,2025-12-03 14:00,Ought to pass,5,0,0,1,https://malegislature.gov/Bills/194/S2122
194,S2123,J25,2026-01-06 12:00,Ought to pass,5,0,0,1,https://malegislature.gov/Bills/194/S2123
194,S2124,J25,2026-01-12 15:00,Ought to pass,5,0,0,1,https://malegislature.gov/Bills/194/S2124
194,S2126,S30,2026-02-23 11:00,Ought to pass – by substitution of a New Draft,16,0,2,0,https://malegislature.gov/Bills/194/S2126
194,S2127,J25,2026-01-30 14:00,Ought to pass,2,0,1,3,https://malegislature.gov/Bills/194/S2127
194,S2129,J25,2026-01-30 14:00,Ought to pass,2,0,1,3,https://malegislature.gov/Bills/194/S2129
194,S213,J17,2025-11-05 17:00,Ought to pass,5,0,1,0,https://malegislature.gov/Bills/194/S213
194,S2130,J25,2026-01-30 14:00,Ought to pass,3,0,0,3,https://malegislature.gov/Bills/194/S2130
194,S2131,J25,2026-01-30 14:00,Ought to pass,2,0,1,3,https://malegislature.gov/Bills/194/S2131
194,S2132,S29,2026-01-27 16:00,Placed in the Orders of the Day,7,0,0,0,https://malegislature.gov/Bills/194/S2132
194,S2133,J25,2026-01-12 15:00,Ought to pass,5,0,0,1,https://malegislature.gov/Bills/194/S2133
194,S2134,J25,2025-11-07 17:00,Ought to pass,5,0,1,0,https://malegislature.gov/Bills/194/S2134
194,S2136,J25,2026-01-30 14:00,Ought to pass – by substitution of a New Draft,2,0,0,4,https://malegislature.gov/Bills/194/S2136
194,S2136,J25,2026-01-30 17:00,Ought to pass – by substitution of a New Draft,5,0,0,1,https://malegislature.gov/Bills/194/S2136
194,S2139,J25,2026-01-12 15:00,Ought to pass,4,0,1,1,https://malegislature.gov/Bills/194/S2139
194,S214,J17,2025-11-13 13:00,Ought to pass,5,0,1,0,https://malegislature.gov/Bills/194/S214
194,S2141,H34,2025-11-18 10:45,S.2141 “An Act relative to amending certain use restrictions for the Foxborough State Hospital” as amended,31,0,1,4,https://malegislature.gov/Bills/194/S2141
194,S2141,S30,2025-10-09 12:30,Ought to pass,14,0,2,2,https://malegislature.gov/Bills/194/S2141
194,S2142,J25,2025-11-07 17:00,Ought to pass,6,0,0,0,https://malegislature.gov/Bills/194/S2142
194,S2143,J25,2026-01-30 14:00,Ought to pass,1,0,2,3,https://malegislature.gov/Bills/194/S2143
194,S2144,J25,2025-10-28 17:00,Ought to pass,6,0,0,0,https://malegislature.gov/Bills/194/S2144
194,S2145,J25,2025-09-29 12:00,Ought to pass,6,0,0,0,https://malegislature.gov/Bills/194/S2145
194,S2145,S29,2026-03-10 17:00,Placed in the Orders of the Day,7,0,0,0,https://malegislature.gov/Bills/194/S2145
194,S2146,J25,2025-11-07 17:00,Ought to pass,6,0,0,0,https://malegislature.gov/Bills/194/S2146
194,S2147,J25,2025-11-07 17:00,Ought to pass,6,0,0,0,https://malegislature.gov/Bills/194/S2147
194,S2148,J25,2025-09-29 12:00,Ought to pass,6,0,0,0,https://malegislature.gov/Bills/194/S2148
194,S2149,J25,2025-12-03 14:00,Ought to pass,5,0,0,1,https://malegislature.gov/Bills/194/S2149
194,S215,J16,2025-12-02 16:30,Favorable,5,0,1,0,https://malegislature.gov/Bills/194/S215
194,S2150,J25,2025-07-18 17:00,Ought to pass,6,0,0,0,https://malegislature.gov/Bills/194/S2150
194,S2151,J25,2025-11-20 17:00,Ought to pass,3,0,1,2,https://malegislature.gov/Bills/194/S2151
194,S2153,J25,2025-07-18 17:00,Ought to pass,6,0,0,0,https://malegislature.gov/Bills/194/S2153
194,S2156,J25,2025-10-28 17:00,Ought to pass,6,0,0,0,https://malegislature.gov/Bills/194/S2156
194,S2159,J25,2026-01-30 14:00,Ought to pass,2,0,1,3,https://malegislature.gov/Bills/194/S2159
194,S216,J17,2025-11-05 17:00,Ought to pass,5,0,1,0,https://malegislature.gov/Bills/194/S216
194,S2160,J25,2025-11-20 17:00,Ought to pass,3,0,1,2,https://malegislature.gov/Bills/194/S2160
194,S2161,J25,2026-01-12 15:00,Ought to pass,5,0,0,1,https://malegislature.gov/Bills/194/S2161
194,S2162,J25,2025-12-03 14:00,Ought to pass,5,0,0,1,https://malegislature.gov/Bills/194/S2162
194,S2165,J25,2026-06-17 12:00,Ought to pass,6,0,0,0,https://malegislature.gov/Bills/194/S2165
194,S2166,J25,2025-12-03 14:00,Ought to pass,5,0,0,1,https://malegislature.gov/Bills/194/S2166
194,S2167,J25,2025-07-18 17:00,Ought to pass,6,0,0,0,https://malegislature.gov/Bills/194/S2167
194,S2168,J25,2026-01-30 14:00,Ought to pass,3,0,0,3,https://malegislature.gov/Bills/194/S2168
194,S2169,J25,2025-10-28 17:00,Ought to pass,6,0,0,0,https://malegislature.gov/Bills/194/S2169
194,S217,J17,2025-10-28 17:00,Ought to pass,4,0,2,0,https://malegislature.gov/Bills/194/S217
194,S2171,J25,2026-01-06 12:00,Ought to pass,5,0,0,1,https://malegislature.gov/Bills/194/S2171
194,S2172,J25,2026-06-16 12:00,Ought to pass,2,0,0,4,https://malegislature.gov/Bills/194/S2172
194,S2173,J25,2025-08-01 16:30,Ought to pass,6,0,0,0,https://malegislature.gov/Bills/194/S2173
194,S2175,J25,2026-01-12 15:00,Ought to pass,5,0,0,1,https://malegislature.gov/Bills/194/S2175
194,S2178,J25,2026-01-06 12:00,Ought to pass,5,0,0,1,https://malegislature.gov/Bills/194/S2178
194,S2180,J25,2025-11-07 17:00,Ought to pass,6,0,0,0,https://malegislature.gov/Bills/194/S2180
194,S2181,J25,2025-11-07 17:00,Ought to pass,6,0,0,0,https://malegislature.gov/Bills/194/S2181
194,S2182,J25,2025-11-20 17:00,Ought to pass,3,0,1,2,https://malegislature.gov/Bills/194/S2182
194,S2183,J25,2025-07-18 17:00,Ought to pass,5,0,1,0,https://malegislature.gov/Bills/194/S2183
194,S2184,J25,2025-10-20 15:00,Ought to pass,6,0,0,0,https://malegislature.gov/Bills/194/S2184
194,S2185,J25,2025-11-20 17:00,Ought to pass,3,0,1,2,https://malegislature.gov/Bills/194/S2185
194,S2186,J25,2025-11-07 17:00,Ought to pass,6,0,0,0,https://malegislature.gov/Bills/194/S2186
194,S2187,J25,2025-07-18 17:00,Ought to pass,5,0,1,0,https://malegislature.gov/Bills/194/S2187
194,S2188,J25,2025-07-18 17:00,Ought to pass,6,0,0,0,https://malegislature.gov/Bills/194/S2188
194,S219,J17,2025-11-26 17:00,Study,5,0,1,0,https://malegislature.gov/Bills/194/S219
194,S2190,J25,2026-01-06 12:00,Ought to pass,5,0,0,1,https://malegislature.gov/Bills/194/S2190
194,S2191,J25,2026-01-06 12:00,Ought to pass,5,0,0,1,https://malegislature.gov/Bills/194/S2191
194,S2192,J25,2026-01-30 14:00,Ought to pass,3,0,0,3,https://malegislature.gov/Bills/194/S2192
194,S2193,J25,2026-01-12 15:00,Ought to pass,5,0,0,1,https://malegislature.gov/Bills/194/S2193
194,S2194,J25,2026-01-12 15:00,Ought to pass,5,0,0,1,https://malegislature.gov/Bills/194/S2194
194,S2195,J25,2026-01-30 14:00,Ought to pass,2,0,0,4,https://malegislature.gov/Bills/194/S2195
194,S2196,J25,2025-11-07 17:00,Ought to pass,6,0,0,0,https://malegislature.gov/Bills/194/S2196
194,S2197,J25,2025-11-07 17:00,Ought to pass,6,0,0,0,https://malegislature.gov/Bills/194/S2197
194,S2198,J25,2026-01-30 14:00,Ought to pass,2,0,0,4,https://malegislature.gov/Bills/194/S2198
194,S2199,J25,2026-01-30 14:00,Ought to pass,2,0,0,4,https://malegislature.gov/Bills/194/S2199
194,S22,J28,2025-11-25 12:00,Favorable with changes,4,1,1,0,https://malegislature.gov/Bills/194/S22
194,S220,J17,2025-09-26 17:00,Ought to pass,5,0,1,0,https://malegislature.gov/Bills/194/S220
194,S2200,J25,2026-01-12 15:00,Ought to pass,5,0,0,1,https://malegislature.gov/Bills/194/S2200
194,S2201,J25,2025-07-18 17:00,Ought to pass,6,0,0,0,https://malegislature.gov/Bills/194/S2201
194,S2202,J25,2026-01-30 14:00,Ought to pass,2,0,0,4,https://malegislature.gov/Bills/194/S2202
194,S2203,J25,2025-11-07 17:00,Ought to pass,6,0,0,0,https://malegislature.gov/Bills/194/S2203
194,S2205,J25,2026-01-12 15:00,Ought to pass,5,0,0,1,https://malegislature.gov/Bills/194/S2205
194,S2206,J25,2026-01-12 15:00,Ought to pass,5,0,0,1,https://malegislature.gov/Bills/194/S2206
194,S2207,J25,2026-01-12 15:00,Ought to pass,5,0,0,1,https://malegislature.gov/Bills/194/S2207
194,S2208,J25,2026-01-12 15:00,Ought to pass,5,0,0,1,https://malegislature.gov/Bills/194/S2208
194,S2210,J25,2026-01-30 14:00,Ought to pass – by substitution of a New Draft,2,0,0,4,https://malegislature.gov/Bills/194/S2210
194,S2211,J25,2026-01-30 14:00,Ought to pass – by substitution of a New Draft,2,0,0,4,https://malegislature.gov/Bills/194/S2211
194,S2211,J25,2026-01-30 17:00,Ought to pass – by substitution of a New Draft,5,0,0,1,https://malegislature.gov/Bills/194/S2211
194,S2212,J25,2025-08-01 16:30,Ought to pass,6,0,0,0,https://malegislature.gov/Bills/194/S2212
194,S2214,J25,2025-12-03 14:00,Ought to pass,4,0,1,1,https://malegislature.gov/Bills/194/S2214
194,S2215,J25,2025-12-03 14:00,Ought to pass,4,0,1,1,https://malegislature.gov/Bills/194/S2215
194,S2219,J25,2026-01-30 14:00,Ought to pass,2,0,0,4,https://malegislature.gov/Bills/194/S2219
194,S2222,J25,2026-01-30 14:00,Ought to pass,1,0,1,4,https://malegislature.gov/Bills/194/S2222
194,S2223,J25,2026-01-12 15:00,Ought to pass,5,0,0,1,https://malegislature.gov/Bills/194/S2223
194,S2225,J25,2026-01-12 15:00,Study,4,0,1,1,https://malegislature.gov/Bills/194/S2225
194,S2226,J25,2026-01-12 15:00,Study,4,0,1,1,https://malegislature.gov/Bills/194/S2226
194,S2227,J25,2025-11-07 17:00,Ought to pass,6,0,0,0,https://malegislature.gov/Bills/194/S2227
194,S2228,J37,2025-11-25 15:00,Ought to pass,6,0,0,0,https://malegislature.gov/Bills/194/S2228
194,S2229,J37,2025-11-25 15:00,Ought to pass,4,0,2,0,https://malegislature.gov/Bills/194/S2229
194,S2230,J37,2025-11-25 15:00,Ought to pass,6,0,0,0,https://malegislature.gov/Bills/194/S2230
194,S2231,J37,2025-11-25 15:00,Ought to pass,5,0,1,0,https://malegislature.gov/Bills/194/S2231
194,S2232,J37,2025-11-25 15:00,Ought to pass,6,0,0,0,https://malegislature.gov/Bills/194/S2232
194,S2233,J37,2025-11-25 15:00,Ought to pass,5,0,1,0,https://malegislature.gov/Bills/194/S2233
194,S2236,J37,2025-11-25 15:00,Study,6,0,0,0,https://malegislature.gov/Bills/194/S2236
194,S2237,J37,2025-11-25 15:00,Study,6,0,0,0,https://malegislature.gov/Bills/194/S2237
194,S2238,J37,2025-11-25 15:00,Study,6,0,0,0,https://malegislature.gov/Bills/194/S2238
194,S2239,J37,2025-11-25 15:00,Ought to pass,5,0,1,0,https://malegislature.gov/Bills/194/S2239
194,S2240,J37,2025-11-25 15:00,Ought to pass,5,0,1,0,https://malegislature.gov/Bills/194/S2240
194,S2241,J37,2025-11-25 15:00,Study,5,1,0,0,https://malegislature.gov/Bills/194/S2241
194,S2242,J37,2025-11-25 15:00,Ought to pass,5,1,0,0,https://malegislature.gov/Bills/194/S2242
194,S2243,J37,2025-11-25 15:00,Ought to pass,6,0,0,0,https://malegislature.gov/Bills/194/S2243
194,S2243,S30,2026-06-24 11:00,Ought to pass with an amendment - New Draft,14,0,3,1,https://malegislature.gov/Bills/194/S2243
194,S2244,J37,2025-11-25 15:00,Ought to pass,6,0,0,0,https://malegislature.gov/Bills/194/S2244
194,S2245,J37,2025-11-25 15:00,Ought to pass,4,0,2,0,https://malegislature.gov/Bills/194/S2245
194,S2246,J37,2025-11-25 15:00,Ought to pass,4,1,1,0,https://malegislature.gov/Bills/194/S2246
194,S2247,J37,2025-11-25 15:00,Ought to pass,5,0,1,0,https://malegislature.gov/Bills/194/S2247
194,S2248,J37,2025-11-25 15:00,Study,6,0,0,0,https://malegislature.gov/Bills/194/S2248
194,S2249,J37,2025-11-25 15:00,Ought to pass,4,0,2,0,https://malegislature.gov/Bills/194/S2249
194,S225,J17,2026-03-05 11:00,Study,5,0,1,0,https://malegislature.gov/Bills/194/S225
194,S2250,J37,2025-11-25 15:00,Ought to pass,6,0,0,0,https://malegislature.gov/Bills/194/S2250
194,S2251,J37,2025-11-25 15:00,Study,6,0,0,0,https://malegislature.gov/Bills/194/S2251
194,S2252,J37,2025-11-25 15:00,Study,6,0,0,0,https://malegislature.gov/Bills/194/S2252
194,S2253,J37,2025-11-25 15:00,Study,6,0,0,0,https://malegislature.gov/Bills/194/S2253
194,S2254,J37,2025-11-25 15:00,Study,6,0,0,0,https://malegislature.gov/Bills/194/S2254
194,S2255,J37,2025-11-25 15:00,Ought to pass,5,1,0,0,https://malegislature.gov/Bills/194/S2255
194,S2256,J37,2025-11-25 15:00,Study,6,0,0,0,https://malegislature.gov/Bills/194/S2256
194,S2257,J37,2025-11-25 15:00,Study,5,0,1,0,https://malegislature.gov/Bills/194/S2257
194,S2258,J37,2025-11-25 15:00,Ought to pass,6,0,0,0,https://malegislature.gov/Bills/194/S2258
194,S2259,J37,2025-11-25 15:00,Study,5,0,1,0,https://malegislature.gov/Bills/194/S2259
194,S226,J17,2025-11-05 17:00,Ought to pass,5,0,1,0,https://malegislature.gov/Bills/194/S226
194,S2260,J37,2025-11-25 15:00,Ought to pass,5,0,1,0,https://malegislature.gov/Bills/194/S2260
194,S2261,J37,2025-11-25 15:00,Study,6,0,0,0,https://malegislature.gov/Bills/194/S2261
194,S2262,J37,2025-11-25 15:00,Ought to pass,5,0,1,0,https://malegislature.gov/Bills/194/S2262
194,S2263,J37,2025-11-25 15:00,Study,6,0,0,0,https://malegislature.gov/Bills/194/S2263
194,S2264,J37,2025-11-25 15:00,Ought to pass,5,0,1,0,https://malegislature.gov/Bills/194/S2264
194,S2265,J37,2025-11-25 15:00,Study,5,1,0,0,https://malegislature.gov/Bills/194/S2265
194,S2266,J37,2025-11-25 15:00,Study,6,0,0,0,https://malegislature.gov/Bills/194/S2266
194,S2267,J37,2025-11-25 15:00,Study,6,0,0,0,https://malegislature.gov/Bills/194/S2267
194,S2268,J37,2025-11-25 15:00,Study,6,0,0,0,https://malegislature.gov/Bills/194/S2268
194,S2270,J37,2025-11-25 15:00,Ought to pass,6,0,0,0,https://malegislature.gov/Bills/194/S2270
194,S2271,J37,2025-11-25 15:00,Study,5,1,0,0,https://malegislature.gov/Bills/194/S2271
194,S2272,J37,2025-11-25 15:00,Study,6,0,0,0,https://malegislature.gov/Bills/194/S2272
194,S2273,J37,2025-11-25 15:00,Study,6,0,0,0,https://malegislature.gov/Bills/194/S2273
194,S2274,J37,2025-11-25 15:00,Study,6,0,0,0,https://malegislature.gov/Bills/194/S2274
194,S2275,J37,2025-11-25 15:00,Ought to pass,6,0,0,0,https://malegislature.gov/Bills/194/S2275
194,S2276,J37,2025-11-25 15:00,Study,6,0,0,0,https://malegislature.gov/Bills/194/S2276
194,S2277,J37,2025-11-25 15:00,Study,5,0,1,0,https://malegislature.gov/Bills/194/S2277
194,S2278,J37,2025-11-25 15:00,Study,6,0,0,0,https://malegislature.gov/Bills/194/S2278
194,S2279,J37,2025-11-25 15:00,Study,6,0,0,0,https://malegislature.gov/Bills/194/S2279
194,S228,J17,2025-11-13 13:00,Ought to pass,5,0,1,0,https://malegislature.gov/Bills/194/S228
194,S228,S30,2026-02-05 11:00,Ought to pass – by substitution of a New Draft,16,0,2,0,https://malegislature.gov/Bills/194/S228
194,S2280,J37,2025-11-25 15:00,Study,6,0,0,0,https://malegislature.gov/Bills/194/S2280
194,S2281,J37,2025-11-25 15:00,Ought to pass,4,0,2,0,https://malegislature.gov/Bills/194/S2281
194,S2282,J37,2025-11-25 15:00,Ought to pass,5,0,1,0,https://malegislature.gov/Bills/194/S2282
194,S2283,J37,2025-11-25 15:00,Ought to pass,6,0,0,0,https://malegislature.gov/Bills/194/S2283
194,S2284,J37,2025-11-25 15:00,Ought to pass,6,0,0,0,https://malegislature.gov/Bills/194/S2284
194,S2285,J37,2025-11-25 15:00,Ought to pass,5,0,1,0,https://malegislature.gov/Bills/194/S2285
194,S2286,J37,2025-11-25 15:00,Study,6,0,0,0,https://malegislature.gov/Bills/194/S2286
194,S2287,J37,2025-11-25 15:00,Ought to pass,6,0,0,0,https://malegislature.gov/Bills/194/S2287
194,S2288,J37,2025-11-25 15:00,Ought to pass,5,0,1,0,https://malegislature.gov/Bills/194/S2288
194,S2289,J37,2025-11-25 15:00,Ought to pass,5,0,1,0,https://malegislature.gov/Bills/194/S2289
194,S229,J17,2025-11-13 13:00,Ought to pass,5,0,1,0,https://malegislature.gov/Bills/194/S229
194,S2290,J37,2025-11-25 15:00,Ought to pass,4,0,2,0,https://malegislature.gov/Bills/194/S2290
194,S2291,J37,2025-11-25 15:00,Study,6,0,0,0,https://malegislature.gov/Bills/194/S2291
194,S2292,J37,2025-11-25 15:00,Ought to pass,4,0,2,0,https://malegislature.gov/Bills/194/S2292
194,S2293,J37,2025-11-25 15:00,Study,6,0,0,0,https://malegislature.gov/Bills/194/S2293
194,S2294,J37,2025-11-25 15:00,Ought to pass,5,0,1,0,https://malegislature.gov/Bills/194/S2294
194,S2295,J37,2025-11-25 15:00,Study,6,0,0,0,https://malegislature.gov/Bills/194/S2295
194,S2296,J37,2025-11-25 15:00,Ought to pass,6,0,0,0,https://malegislature.gov/Bills/194/S2296
194,S2297,J37,2025-11-25 15:00,Study,6,0,0,0,https://malegislature.gov/Bills/194/S2297
194,S2298,J37,2025-11-25 15:00,Study,6,0,0,0,https://malegislature.gov/Bills/194/S2298
194,S2299,J37,2025-11-25 15:00,Study,6,0,0,0,https://malegislature.gov/Bills/194/S2299
194,S230,J17,2025-11-25 12:30,Study,5,0,1,0,https://malegislature.gov/Bills/194/S230
194,S2300,J37,2025-11-25 15:00,Study,6,0,0,0,https://malegislature.gov/Bills/194/S2300
194,S2301,J37,2025-11-25 15:00,Study,6,0,0,0,https://malegislature.gov/Bills/194/S2301
194,S2302,J37,2025-11-25 15:00,Ought to pass,5,0,1,0,https://malegislature.gov/Bills/194/S2302
194,S2303,J37,2025-11-25 15:00,Study,6,0,0,0,https://malegislature.gov/Bills/194/S2303
194,S2304,J37,2025-11-25 15:00,Study,5,1,0,0,https://malegislature.gov/Bills/194/S2304
194,S2305,J37,2025-11-25 15:00,Study,5,1,0,0,https://malegislature.gov/Bills/194/S2305
194,S2306,J37,2025-11-25 15:00,Study,5,1,0,0,https://malegislature.gov/Bills/194/S2306
194,S2307,J37,2025-11-25 15:00,Study,6,0,0,0,https://malegislature.gov/Bills/194/S2307
194,S2308,J37,2025-11-25 15:00,Ought to pass,6,0,0,0,https://malegislature.gov/Bills/194/S2308
194,S2309,J37,2025-11-25 15:00,Study,6,0,0,0,https://malegislature.gov/Bills/194/S2309
194,S231,J17,2025-10-21 17:00,Ought to pass,5,0,1,0,https://malegislature.gov/Bills/194/S231
194,S2310,J37,2025-11-25 15:00,Study,6,0,0,0,https://malegislature.gov/Bills/194/S2310
194,S2311,J37,2025-11-25 15:00,Study,6,0,0,0,https://malegislature.gov/Bills/194/S2311
194,S2312,J37,2025-11-25 15:00,Study,5,1,0,0,https://malegislature.gov/Bills/194/S2312
194,S2313,J37,2025-11-25 15:00,Study,5,1,0,0,https://malegislature.gov/Bills/194/S2313
194,S2314,J37,2025-11-25 15:00,Study,5,1,0,0,https://malegislature.gov/Bills/194/S2314
194,S2315,J37,2025-11-25 15:00,Ought to pass,6,0,0,0,https://malegislature.gov/Bills/194/S2315
194,S2316,J37,2025-11-25 15:00,Study,6,0,0,0,https://malegislature.gov/Bills/194/S2316
194,S2317,J37,2025-11-25 15:00,Study,5,0,1,0,https://malegislature.gov/Bills/194/S2317
194,S2318,J37,2025-11-25 15:00,Ought to pass,5,0,1,0,https://malegislature.gov/Bills/194/S2318
194,S2319,J37,2025-11-25 15:00,Study,5,0,1,0,https://malegislature.gov/Bills/194/S2319
194,S232,J17,2025-10-21 17:00,Ought to pass,5,0,1,0,https://malegislature.gov/Bills/194/S232
194,S2320,J37,2025-11-25 15:00,Study,5,1,0,0,https://malegislature.gov/Bills/194/S2320
194,S2321,J37,2025-11-25 15:00,Study,5,1,0,0,https://malegislature.gov/Bills/194/S2321
194,S2322,J37,2025-11-25 15:00,Study,5,1,0,0,https://malegislature.gov/Bills/194/S2322
194,S2323,J37,2025-11-25 15:00,Study,5,1,0,0,https://malegislature.gov/Bills/194/S2323
194,S2324,J37,2025-11-25 15:00,Study,5,1,0,0,https://malegislature.gov/Bills/194/S2324
194,S2325,J37,2025-11-25 15:00,Ought to pass,6,0,0,0,https://malegislature.gov/Bills/194/S2325
194,S2326,J37,2025-11-25 15:00,Study,5,0,1,0,https://malegislature.gov/Bills/194/S2326
194,S2327,J30,2025-11-18 11:00,Ought to pass – by substitution of a New Draft,5,0,0,0,https://malegislature.gov/Bills/194/S2327
194,S2328,J30,2025-07-30 17:00,Ought to pass,6,0,0,0,https://malegislature.gov/Bills/194/S2328
194,S2328,S30,2025-11-06 11:45,Ought to pass – by substitution of a New Draft,17,0,1,0,https://malegislature.gov/Bills/194/S2328
194,S2329,J30,2025-11-18 11:00,Ought to pass – by substitution of a New Draft,5,0,0,0,https://malegislature.gov/Bills/194/S2329
194,S233,J17,2025-09-26 17:00,Ought to pass,5,0,1,0,https://malegislature.gov/Bills/194/S233
194,S2330,J30,2025-07-30 17:00,Ought to pass,6,0,0,0,https://malegislature.gov/Bills/194/S2330
194,S2331,J30,2025-11-18 11:00,Ought to pass,5,0,0,0,https://malegislature.gov/Bills/194/S2331
194,S2332,J30,2025-11-18 11:00,Ought to pass,4,0,1,0,https://malegislature.gov/Bills/194/S2332
194,S2333,J30,2025-11-18 11:00,Ought to pass,5,0,0,0,https://malegislature.gov/Bills/194/S2333
194,S2334,J30,2025-11-18 11:00,Ought to pass,4,0,1,0,https://malegislature.gov/Bills/194/S2334
194,S2335,J30,2025-11-18 11:00,Ought to pass,5,0,0,0,https://malegislature.gov/Bills/194/S2335
194,S2340,J27,2025-12-02 17:00,Study,6,0,1,0,https://malegislature.gov/Bills/194/S2340
194,S2341,J27,2025-12-02 17:00,Study,6,0,1,0,https://malegislature.gov/Bills/194/S2341
194,S2342,J27,2025-12-02 17:00,Study,6,0,1,0,https://malegislature.gov/Bills/194/S2342
194,S2345,J27,2026-03-30 17:00,Study,5,0,2,0,https://malegislature.gov/Bills/194/S2345
194,S2346,J27,2026-03-30 17:00,Study,6,0,1,0,https://malegislature.gov/Bills/194/S2346
194,S2348,J27,2025-06-26 12:00,Ought to pass,7,0,0,0,https://malegislature.gov/Bills/194/S2348
194,S2348,S30,2025-07-17 13:00,Ought to pass – by substitution of a New Draft,16,0,0,2,https://malegislature.gov/Bills/194/S2348
194,S235,J17,2026-03-05 11:00,Study,5,0,1,0,https://malegislature.gov/Bills/194/S235
194,S2353,J27,2026-03-30 17:00,Study,6,0,1,0,https://malegislature.gov/Bills/194/S2353
194,S2354,J27,2025-11-28 17:00,Ought to pass,7,0,0,0,https://malegislature.gov/Bills/194/S2354
194,S2355,J27,2025-11-28 17:00,Ought to pass,6,0,1,0,https://malegislature.gov/Bills/194/S2355
194,S2356,J27,2025-11-28 17:00,Ought to pass,6,0,1,0,https://malegislature.gov/Bills/194/S2356
194,S2357,J27,2026-03-30 17:00,Ought to pass,6,0,1,0,https://malegislature.gov/Bills/194/S2357
194,S2358,J27,2025-11-14 17:00,Ought to pass,5,0,2,0,https://malegislature.gov/Bills/194/S2358
194,S2359,J27,2025-11-14 17:00,Ought to pass,5,0,2,0,https://malegislature.gov/Bills/194/S2359
194,S236,J17,2025-09-26 17:00,Ought to pass,5,0,1,0,https://malegislature.gov/Bills/194/S236
194,S2360,J27,2025-12-02 17:00,Study,6,0,1,0,https://malegislature.gov/Bills/194/S2360
194,S2361,J27,2025-11-28 17:00,Ought to pass,7,0,0,0,https://malegislature.gov/Bills/194/S2361
194,S2362,J27,2025-11-28 17:00,Ought to pass,7,0,0,0,https://malegislature.gov/Bills/194/S2362
194,S2363,J27,2026-07-31 13:00,Study,6,0,1,0,https://malegislature.gov/Bills/194/S2363
194,S2364,J27,2025-12-02 17:00,Study,6,0,1,0,https://malegislature.gov/Bills/194/S2364
194,S2365,J27,2025-11-14 17:00,Ought to pass,7,0,0,0,https://malegislature.gov/Bills/194/S2365
194,S2367,S30,2025-09-11 10:30,Ought to pass – by substitution of a New Draft,16,0,2,0,https://malegislature.gov/Bills/194/S2367
194,S2369,J27,2025-11-28 17:00,Ought to pass,7,0,0,0,https://malegislature.gov/Bills/194/S2369
194,S237,J17,2025-11-13 13:00,Ought to pass,5,0,1,0,https://malegislature.gov/Bills/194/S237
194,S2370,J27,2025-12-02 17:00,Study,6,0,1,0,https://malegislature.gov/Bills/194/S2370
194,S2372,J27,2026-07-31 13:00,Study,6,0,1,0,https://malegislature.gov/Bills/194/S2372
194,S2375,J27,2025-12-02 17:00,Study,6,0,1,0,https://malegislature.gov/Bills/194/S2375
194,S2376,J27,2025-12-02 17:00,Study,6,0,1,0,https://malegislature.gov/Bills/194/S2376
194,S2377,J27,2025-12-02 17:00,Study,6,0,1,0,https://malegislature.gov/Bills/194/S2377
194,S2378,J27,2025-12-02 17:00,Study,6,0,1,0,https://malegislature.gov/Bills/194/S2378
194,S2379,J27,2026-07-31 13:00,Study,6,0,1,0,https://malegislature.gov/Bills/194/S2379
194,S238,J17,2025-10-21 17:00,Ought to pass,5,0,1,0,https://malegislature.gov/Bills/194/S238
194,S2380,J27,2026-07-31 13:00,Ought to pass,7,0,0,0,https://malegislature.gov/Bills/194/S2380
194,S2381,J27,2025-12-02 17:00,Study,6,0,1,0,https://malegislature.gov/Bills/194/S2381
194,S2382,J27,2025-11-28 17:00,Ought to pass,7,0,0,0,https://malegislature.gov/Bills/194/S2382
194,S2382,S29,2026-07-31 17:00,Placed in the Orders of the Day,7,0,0,0,https://malegislature.gov/Bills/194/S2382
194,S2383,J27,2025-11-28 17:00,Ought to pass,7,0,0,0,https://malegislature.gov/Bills/194/S2383
194,S2384,J27,2025-12-02 17:00,Study,6,0,1,0,https://malegislature.gov/Bills/194/S2384
194,S2386,J27,2025-11-28 17:00,Ought to pass,7,0,0,0,https://malegislature.gov/Bills/194/S2386
194,S2387,J27,2025-12-02 17:00,Ought to pass,7,0,0,0,https://malegislature.gov/Bills/194/S2387
194,S2388,J27,2025-11-28 17:00,Ought to pass,7,0,0,0,https://malegislature.gov/Bills/194/S2388
194,S2389,J27,2025-10-16 17:00,Ought to pass,7,0,0,0,https://malegislature.gov/Bills/194/S2389
194,S239,J17,2025-10-21 17:00,Study,4,0,2,0,https://malegislature.gov/Bills/194/S239
194,S2390,J27,2025-11-28 17:00,Ought to pass,7,0,0,0,https://malegislature.gov/Bills/194/S2390
194,S2391,J27,2025-10-16 17:00,Ought to pass,7,0,0,0,https://malegislature.gov/Bills/194/S2391
194,S2392,J27,2025-12-02 17:00,Study,6,0,1,0,https://malegislature.gov/Bills/194/S2392
194,S2393,J27,2026-07-31 13:00,Study,6,0,1,0,https://malegislature.gov/Bills/194/S2393
194,S2395,J27,2025-12-02 17:00,Ought to pass,6,0,1,0,https://malegislature.gov/Bills/194/S2395
194,S2396,J27,2025-12-02 17:00,Study,6,0,1,0,https://malegislature.gov/Bills/194/S2396
194,S2397,J27,2025-12-02 17:00,Study,6,0,1,0,https://malegislature.gov/Bills/194/S2397
194,S2398,J27,2026-07-31 13:00,Ought to pass,7,0,0,0,https://malegislature.gov/Bills/194/S2398
194,S2399,J27,2025-11-14 17:00,Ought to pass,7,0,0,0,https://malegislature.gov/Bills/194/S2399
194,S240,J17,2025-11-25 12:30,Ought to pass,5,0,1,0,https://malegislature.gov/Bills/194/S240
194,S2400,J27,2025-12-02 17:00,Study,6,0,1,0,https://malegislature.gov/Bills/194/S2400
194,S2401,J27,2025-11-28 17:00,Ought to pass,7,0,0,0,https://malegislature.gov/Bills/194/S2401
194,S2402,J27,2025-12-02 17:00,Study,5,0,2,0,https://malegislature.gov/Bills/194/S2402
194,S2403,J27,2025-11-28 17:00,Ought to pass,7,0,0,0,https://malegislature.gov/Bills/194/S2403
194,S2404,J27,2025-11-28 17:00,Ought to pass,5,1,1,0,https://malegislature.gov/Bills/194/S2404
194,S2405,J27,2025-11-28 17:00,Ought to pass,7,0,0,0,https://malegislature.gov/Bills/194/S2405
194,S2406,J27,2025-12-02 17:00,Study,6,0,1,0,https://malegislature.gov/Bills/194/S2406
194,S2407,J27,2025-11-14 17:00,Ought to pass,7,0,0,0,https://malegislature.gov/Bills/194/S2407
194,S2408,J27,2025-10-16 17:00,Ought to pass,7,0,0,0,https://malegislature.gov/Bills/194/S2408
194,S241,J17,2025-11-25 12:30,Study,5,0,1,0,https://malegislature.gov/Bills/194/S241
194,S2410,J27,2025-12-02 17:00,Study,6,0,1,0,https://malegislature.gov/Bills/194/S2410
194,S2411,J27,2026-03-30 17:00,Study,5,0,2,0,https://malegislature.gov/Bills/194/S2411
194,S2412,J27,2025-11-14 17:00,Ought to pass,7,0,0,0,https://malegislature.gov/Bills/194/S2412
194,S2415,J27,2025-12-02 17:00,Study,6,0,1,0,https://malegislature.gov/Bills/194/S2415
194,S2416,J27,2025-11-14 17:00,Ought to pass,7,0,0,0,https://malegislature.gov/Bills/194/S2416
194,S2417,J27,2025-12-02 17:00,Study,5,1,1,0,https://malegislature.gov/Bills/194/S2417
194,S2418,J27,2025-11-28 17:00,Ought to pass,7,0,0,0,https://malegislature.gov/Bills/194/S2418
194,S2419,J27,2025-12-02 17:00,Ought to pass,7,0,0,0,https://malegislature.gov/Bills/194/S2419
194,S242,J17,2025-11-13 13:00,Ought to pass,5,0,1,0,https://malegislature.gov/Bills/194/S242
194,S2421,J27,2025-11-14 17:00,Ought to pass,7,0,0,0,https://malegislature.gov/Bills/194/S2421
194,S2422,J27,2025-11-14 17:00,Ought to pass,6,0,1,0,https://malegislature.gov/Bills/194/S2422
194,S2423,J27,2025-11-28 17:00,Ought to pass,7,0,0,0,https://malegislature.gov/Bills/194/S2423
194,S2424,J27,2025-12-02 17:00,Ought to pass,7,0,0,0,https://malegislature.gov/Bills/194/S2424
194,S2425,J27,2025-10-16 17:00,Ought to pass,7,0,0,0,https://malegislature.gov/Bills/194/S2425
194,S2425,S29,2026-01-12 17:00,Placed in the Orders of the Day,7,0,0,0,https://malegislature.gov/Bills/194/S2425
194,S2426,J27,2025-11-28 17:00,Ought to pass,7,0,0,0,https://malegislature.gov/Bills/194/S2426
194,S2427,J27,2025-11-14 17:00,Ought to pass,7,0,0,0,https://malegislature.gov/Bills/194/S2427
194,S2428,J27,2025-11-28 17:00,Ought to pass,7,0,0,0,https://malegislature.gov/Bills/194/S2428
194,S2429,J27,2026-07-31 13:00,Study,6,0,1,0,https://malegislature.gov/Bills/194/S2429
194,S243,J17,2025-11-05 17:00,Ought to pass,5,0,1,0,https://malegislature.gov/Bills/194/S243
194,S2430,J27,2025-11-14 17:00,Ought to pass,6,0,0,1,https://malegislature.gov/Bills/194/S2430
194,S2431,J27,2025-11-14 17:00,Ought to pass,6,0,0,1,https://malegislature.gov/Bills/194/S2431
194,S2433,J27,2025-12-02 17:00,Ought to pass,6,0,1,0,https://malegislature.gov/Bills/194/S2433
194,S2434,J27,2025-11-28 17:00,Ought to pass,7,0,0,0,https://malegislature.gov/Bills/194/S2434
194,S2435,J27,2025-12-02 17:00,Study,6,0,1,0,https://malegislature.gov/Bills/194/S2435
194,S2436,J27,2025-11-28 17:00,Ought to pass,7,0,0,0,https://malegislature.gov/Bills/194/S2436
194,S2437,J27,2025-12-02 17:00,Study,6,0,1,0,https://malegislature.gov/Bills/194/S2437
194,S2439,J27,2025-10-16 17:00,Ought to pass,7,0,0,0,https://malegislature.gov/Bills/194/S2439
194,S2440,J27,2025-12-02 17:00,Study,6,0,1,0,https://malegislature.gov/Bills/194/S2440
194,S2441,J27,2025-12-02 17:00,Study,6,0,1,0,https://malegislature.gov/Bills/194/S2441
194,S2442,J27,2025-11-28 17:00,Ought to pass,7,0,0,0,https://malegislature.gov/Bills/194/S2442
194,S2443,J27,2025-12-02 17:00,Study,6,0,1,0,https://malegislature.gov/Bills/194/S2443
194,S2444,J27,2025-11-28 17:00,Ought to pass,7,0,0,0,https://malegislature.gov/Bills/194/S2444
194,S2445,J27,2025-12-02 17:00,Study,6,0,1,0,https://malegislature.gov/Bills/194/S2445
194,S2446,J19,2026-01-23 17:00,Study,4,0,1,1,https://malegislature.gov/Bills/194/S2446
194,S2447,J27,2025-11-28 17:00,Ought to pass,7,0,0,0,https://malegislature.gov/Bills/194/S2447
194,S2448,J27,2026-03-05 17:00,Ought to pass,7,0,0,0,https://malegislature.gov/Bills/194/S2448
194,S2449,J27,2025-10-16 17:00,Ought to pass,7,0,0,0,https://malegislature.gov/Bills/194/S2449
194,S2450,J27,2025-11-28 17:00,Ought to pass,7,0,0,0,https://malegislature.gov/Bills/194/S2450
194,S2451,J27,2025-12-02 17:00,Study,6,0,1,0,https://malegislature.gov/Bills/194/S2451
194,S2452,J27,2025-12-02 17:00,Study,6,0,1,0,https://malegislature.gov/Bills/194/S2452
194,S2453,J27,2025-11-28 17:00,Ought to pass,7,0,0,0,https://malegislature.gov/Bills/194/S2453
194,S2455,J31,2025-12-02 12:00,Study,5,0,0,1,https://malegislature.gov/Bills/194/S2455
194,S2456,J31,2025-08-14 17:00,Ought to pass,6,0,0,0,https://malegislature.gov/Bills/194/S2456
194,S2457,J31,2025-12-02 12:00,Study,5,0,0,1,https://malegislature.gov/Bills/194/S2457
194,S2458,J31,2025-09-26 12:00,Ought to pass,6,0,0,0,https://malegislature.gov/Bills/194/S2458
194,S2459,J31,2025-09-26 12:00,Ought to pass,6,0,0,0,https://malegislature.gov/Bills/194/S2459
194,S246,J17,2025-10-28 17:00,Ought to pass,5,0,1,0,https://malegislature.gov/Bills/194/S246
194,S246,J24,2025-12-15 17:00,Ought to pass,6,0,1,0,https://malegislature.gov/Bills/194/S246
194,S2460,J31,2025-09-26 12:00,Ought to pass,6,0,0,0,https://malegislature.gov/Bills/194/S2460
194,S2461,J31,2025-09-26 12:00,Ought to pass,5,0,1,0,https://malegislature.gov/Bills/194/S2461
194,S2462,J31,2025-09-26 12:00,Ought to pass,6,0,0,0,https://malegislature.gov/Bills/194/S2462
194,S2463,J31,2025-12-02 12:00,Study,5,0,0,1,https://malegislature.gov/Bills/194/S2463
194,S2464,J31,2025-12-02 12:00,Ought to pass,4,0,1,1,https://malegislature.gov/Bills/194/S2464
194,S2465,J31,2025-09-26 12:00,Ought to pass,6,0,0,0,https://malegislature.gov/Bills/194/S2465
194,S2467,J31,2026-06-17 13:00,Ought to pass,6,0,0,0,https://malegislature.gov/Bills/194/S2467
194,S2468,J31,2025-12-02 12:00,Ought to pass,5,0,0,1,https://malegislature.gov/Bills/194/S2468
194,S2469,J31,2025-09-26 12:00,Study,4,2,0,0,https://malegislature.gov/Bills/194/S2469
194,S247,J16,2025-10-17 18:00,Favorable,5,0,1,0,https://malegislature.gov/Bills/194/S247
194,S2470,J31,2025-12-02 12:00,Ought to pass,5,0,0,1,https://malegislature.gov/Bills/194/S2470
194,S2471,J31,2025-12-02 12:00,Study,5,0,0,1,https://malegislature.gov/Bills/194/S2471
194,S2472,J31,2025-12-02 12:00,Study,5,0,0,1,https://malegislature.gov/Bills/194/S2472
194,S2474,J31,2025-12-02 12:00,Study,5,0,0,1,https://malegislature.gov/Bills/194/S2474
194,S2475,J31,2025-12-02 12:00,Study,5,0,0,1,https://malegislature.gov/Bills/194/S2475
194,S2476,J31,2025-12-02 12:00,Study,5,0,0,1,https://malegislature.gov/Bills/194/S2476
194,S2477,J31,2025-08-14 17:00,Ought to pass,5,0,1,0,https://malegislature.gov/Bills/194/S2477
194,S2478,J31,2025-12-02 12:00,Study,5,0,0,1,https://malegislature.gov/Bills/194/S2478
194,S2479,J31,2025-12-02 12:00,Study,5,0,0,1,https://malegislature.gov/Bills/194/S2479
194,S2480,J31,2025-09-26 12:00,Ought to pass,6,0,0,0,https://malegislature.gov/Bills/194/S2480
194,S2481,J31,2025-12-02 12:00,Study,5,0,0,1,https://malegislature.gov/Bills/194/S2481
194,S2482,J31,2025-09-26 12:00,Ought to pass,6,0,0,0,https://malegislature.gov/Bills/194/S2482
194,S2483,J31,2025-08-14 17:00,Ought to pass,6,0,0,0,https://malegislature.gov/Bills/194/S2483
194,S2484,J31,2025-12-02 12:00,Study,5,0,0,1,https://malegislature.gov/Bills/194/S2484
194,S2485,J31,2025-12-02 12:00,Ought to pass,4,0,1,1,https://malegislature.gov/Bills/194/S2485
194,S2486,J31,2025-12-02 12:00,Study,5,0,0,1,https://malegislature.gov/Bills/194/S2486
194,S2487,J31,2025-12-02 12:00,Ought to pass,4,0,1,1,https://malegislature.gov/Bills/194/S2487
194,S2488,J31,2025-12-02 12:00,Ought to pass,4,0,1,1,https://malegislature.gov/Bills/194/S2488
194,S2489,J31,2025-12-02 12:00,Ought to pass,4,0,1,1,https://malegislature.gov/Bills/194/S2489
194,S249,J17,2025-09-26 17:00,Ought to pass,6,0,0,0,https://malegislature.gov/Bills/194/S249
194,S2490,J31,2025-12-02 12:00,Ought to pass,5,0,0,1,https://malegislature.gov/Bills/194/S2490
194,S2491,J31,2025-12-02 12:00,Study,5,0,0,1,https://malegislature.gov/Bills/194/S2491
194,S2492,J31,2025-08-14 17:00,Ought to pass,5,0,1,0,https://malegislature.gov/Bills/194/S2492
194,S2493,J31,2025-12-02 12:00,Ought to pass,5,0,0,1,https://malegislature.gov/Bills/194/S2493
194,S2494,J31,2025-12-02 12:00,Ought to pass,5,0,0,1,https://malegislature.gov/Bills/194/S2494
194,S2495,J31,2025-12-02 12:00,Ought to pass,4,0,1,1,https://malegislature.gov/Bills/194/S2495
194,S2496,J31,2025-12-02 12:00,Ought to pass,5,0,0,1,https://malegislature.gov/Bills/194/S2496
194,S2497,J31,2025-12-02 12:00,Study,5,0,0,1,https://malegislature.gov/Bills/194/S2497
194,S2498,J31,2025-12-02 12:00,Ought to pass,5,0,0,1,https://malegislature.gov/Bills/194/S2498
194,S2499,J31,2025-12-02 12:00,Ought to pass,5,0,0,1,https://malegislature.gov/Bills/194/S2499
194,S250,J17,2025-12-02 17:00,Ought to pass,5,0,1,0,https://malegislature.gov/Bills/194/S250
194,S2500,J31,2026-06-17 13:00,Ought to pass,6,0,0,0,https://malegislature.gov/Bills/194/S2500
194,S2501,J31,2025-09-26 12:00,Ought to pass,6,0,0,0,https://malegislature.gov/Bills/194/S2501
194,S2501,S30,2025-10-30 11:00,Ought to pass – by substitution of a New Draft,16,0,1,1,https://malegislature.gov/Bills/194/S2501
194,S2503,J31,2025-08-14 17:00,Ought to pass,5,0,1,0,https://malegislature.gov/Bills/194/S2503
194,S2503,S30,2025-10-30 11:00,Ought to pass – by substitution of a New Draft,16,0,1,1,https://malegislature.gov/Bills/194/S2503
194,S2504,J31,2025-09-26 12:00,Ought to pass,6,0,0,0,https://malegislature.gov/Bills/194/S2504
194,S2505,J10,2025-07-25 14:00,Ought to pass,5,0,0,1,https://malegislature.gov/Bills/194/S2505
194,S2509,J15,2025-07-24 17:00,Ought to pass,6,0,0,0,https://malegislature.gov/Bills/194/S2509
194,S251,J16,2025-12-02 16:30,Favorable,5,0,1,0,https://malegislature.gov/Bills/194/S251
194,S2510,J15,2025-07-24 17:00,Ought to pass,6,0,0,0,https://malegislature.gov/Bills/194/S2510
194,S2511,J15,2025-08-14 14:00,Redraft,5,0,1,0,https://malegislature.gov/Bills/194/S2511
194,S2513,J27,2026-03-30 17:00,Study,6,0,1,0,https://malegislature.gov/Bills/194/S2513
194,S2516,S30,2025-09-18 11:45,Ought to pass – by substitution of a New Draft,16,0,2,0,https://malegislature.gov/Bills/194/S2516
194,S2517,J10,2025-09-10 12:00,Ought to pass,6,0,0,0,https://malegislature.gov/Bills/194/S2517
194,S2518,J23,2025-08-07 17:00,Ought to pass,6,0,0,0,https://malegislature.gov/Bills/194/S2518
194,S252,J17,2025-11-05 17:00,Ought to pass,5,0,1,0,https://malegislature.gov/Bills/194/S252
194,S2521,S30,2025-05-27 12:45,Reports (in part) a Bill,16,0,2,0,https://malegislature.gov/Bills/194/S2521
194,S2522,S30,2025-06-18 14:00,Ought to pass – by substitution of a New Draft,16,0,2,0,https://malegislature.gov/Bills/194/S2522
194,S2526,J17,2026-03-05 11:00,Ought to pass,6,0,0,0,https://malegislature.gov/Bills/194/S2526
194,S2527,J10,2025-07-25 14:00,Ought to pass,5,0,0,1,https://malegislature.gov/Bills/194/S2527
194,S2528,J10,2025-07-25 14:00,Ought to pass,5,0,0,1,https://malegislature.gov/Bills/194/S2528
194,S2529,S30,2025-06-12 11:00,Reports (in part) a Bill,15,0,2,1,https://malegislature.gov/Bills/194/S2529
194,S2531,J19,2025-09-12 12:00,Ought to pass,5,0,0,1,https://malegislature.gov/Bills/194/S2531
194,S2532,J17,2026-03-05 11:00,Ought to pass,6,0,0,0,https://malegislature.gov/Bills/194/S2532
194,S2537,S30,2025-07-10 10:30,Ought to pass – by substitution of a New Draft,16,0,2,0,https://malegislature.gov/Bills/194/S2537
194,S2540,H34,2025-07-14 10:45,S.2540 “An Act making appropriations for the fiscal year 2025 to provide for supplementing certain existing appropriations and for certain other activities and projects”  ,26,0,1,9,https://malegislature.gov/Bills/194/S2540
194,S2542,J21,2025-11-25 16:00,Ought to pass,13,0,2,1,https://malegislature.gov/Bills/194/S2542
194,S2542,S30,2026-04-08 11:00,Ought to pass – by substitution of a New Draft,15,0,3,0,https://malegislature.gov/Bills/194/S2542
194,S2543,H34,2025-07-15 10:45,S.2543 “An Act strengthening health care protections in the Commonwealth”  as amended,21,0,8,7,https://malegislature.gov/Bills/194/S2543
194,S2544,J10,2025-07-25 14:00,Ought to pass,5,0,0,1,https://malegislature.gov/Bills/194/S2544
194,S2546,S30,2025-10-09 12:30,Ought to pass – by substitution of a New Draft,15,0,1,2,https://malegislature.gov/Bills/194/S2546
194,S2547,S30,2025-10-09 12:30,Ought to pass – by substitution of a New Draft,15,0,1,2,https://malegislature.gov/Bills/194/S2547
194,S2548,J25,2025-11-07 17:00,Ought to pass,5,0,1,0,https://malegislature.gov/Bills/194/S2548
194,S2549,S30,2025-07-24 11:30,Ought to pass – by substitution of a New Draft,15,0,3,0,https://malegislature.gov/Bills/194/S2549
194,S255,J17,2025-10-21 17:00,Ought to pass,5,0,1,0,https://malegislature.gov/Bills/194/S255
194,S2552,J15,2025-10-14 09:00,Ought to pass,6,0,0,0,https://malegislature.gov/Bills/194/S2552
194,S2553,J17,2026-03-05 11:00,Ought to pass,6,0,0,0,https://malegislature.gov/Bills/194/S2553
194,S2554,J24,2025-12-15 17:00,Ought to pass,6,0,1,0,https://malegislature.gov/Bills/194/S2554
194,S2554,J46,2025-07-10 14:00,Favorable with changes,5,0,1,0,https://malegislature.gov/Bills/194/S2554
194,S2555,J24,2025-12-15 17:00,Ought to pass,6,0,1,0,https://malegislature.gov/Bills/194/S2555
194,S2555,J46,2025-07-10 14:00,Redraft,5,0,1,0,https://malegislature.gov/Bills/194/S2555
194,S2556,J33,2025-07-21 17:00,Ought to pass – by substitution of a New Draft,6,0,0,0,https://malegislature.gov/Bills/194/S2556
194,S2557,J14,2025-07-16 16:00,Ought to pass – by substitution of a New Draft,5,0,1,0,https://malegislature.gov/Bills/194/S2557
194,S2560,J23,2025-07-29 17:00,Ought to pass,6,0,0,0,https://malegislature.gov/Bills/194/S2560
194,S2562,J23,2025-07-29 17:00,Ought to pass,6,0,0,0,https://malegislature.gov/Bills/194/S2562
194,S2563,H34,2025-11-04 10:45,S.2563 “An Act amending certain laws relative to individuals with disabilities” as amended,25,0,1,10,https://malegislature.gov/Bills/194/S2563
194,S2565,H34,2026-05-19 10:45,S.2565 “An Act facilitating better interactions between police officers and persons with autism spectrum disorder” as amended,31,0,0,3,https://malegislature.gov/Bills/194/S2565
194,S2567,J15,2025-07-24 17:00,Placed in a Study,5,0,1,0,https://malegislature.gov/Bills/194/S2567
194,S2568,J10,2025-07-25 14:00,Study Order,5,0,0,1,https://malegislature.gov/Bills/194/S2568
194,S2569,J21,2025-07-29 12:00,Ought to pass – by substitution of a New Draft,6,0,0,0,https://malegislature.gov/Bills/194/S2569
194,S257,J17,2025-11-25 12:30,Study,5,0,1,0,https://malegislature.gov/Bills/194/S257
194,S2570,J21,2025-07-29 12:00,Ought to pass – by substitution of a New Draft,6,0,0,0,https://malegislature.gov/Bills/194/S2570
194,S2570,S29,2026-07-08 17:00,Placed in the Orders of the Day,7,0,0,0,https://malegislature.gov/Bills/194/S2570
194,S2571,J21,2025-07-29 12:00,Ought to pass – by substitution of a New Draft,5,0,1,0,https://malegislature.gov/Bills/194/S2571
194,S2574,J23,2025-10-28 17:00,Ought to pass,5,0,0,1,https://malegislature.gov/Bills/194/S2574
194,S2576,H34,2025-11-18 10:45,S.2576 “An Act authorizing the commonwealth to dispose of certain parcels of land in the town of Upton acquired for conservation and recreation purposes” as amended,31,0,1,4,https://malegislature.gov/Bills/194/S2576
194,S2577,J10,2025-10-21 17:00,Ought to pass,5,0,0,0,https://malegislature.gov/Bills/194/S2577
194,S2578,J10,2025-10-21 17:00,Ought to pass,5,0,0,0,https://malegislature.gov/Bills/194/S2578
194,S2579,J16,2025-09-23 18:30,Favorable,5,0,1,0,https://malegislature.gov/Bills/194/S2579
194,S2579,J24,2025-12-15 17:00,Ought to pass,6,0,1,0,https://malegislature.gov/Bills/194/S2579
194,S2579,S30,2026-06-01 10:30,Ought to pass – by substitution of a New Draft,17,0,1,0,https://malegislature.gov/Bills/194/S2579
194,S2580,J19,2025-08-08 17:00,Ought to pass,6,0,0,0,https://malegislature.gov/Bills/194/S2580
194,S2581,H34,2026-04-07 10:45,S.2581 “An Act to promote student learning and mental health” as amended,22,0,7,5,https://malegislature.gov/Bills/194/S2581
194,S2583,J23,2025-12-02 10:00,Ought to pass,4,0,1,1,https://malegislature.gov/Bills/194/S2583
194,S2586,J23,2025-08-11 14:00,Redraft,6,0,0,0,https://malegislature.gov/Bills/194/S2586
194,S2588,J16,2025-07-29 14:30,Redraft,5,0,1,0,https://malegislature.gov/Bills/194/S2588
194,S2588,J24,2025-11-03 12:00,Ought to pass,6,0,1,0,https://malegislature.gov/Bills/194/S2588
194,S2589,J29,2025-08-28 12:00,Study,4,1,1,0,https://malegislature.gov/Bills/194/S2589
194,S259,J17,2025-11-26 17:00,Study,5,0,1,0,https://malegislature.gov/Bills/194/S259
194,S2590,J29,2025-08-28 12:00,Redraft,5,0,1,0,https://malegislature.gov/Bills/194/S2590
194,S2591,J29,2025-08-28 12:00,Redraft,5,0,1,0,https://malegislature.gov/Bills/194/S2591
194,S2592,J29,2025-08-28 12:00,Redraft,5,0,1,0,https://malegislature.gov/Bills/194/S2592
194,S2593,J29,2025-08-28 12:00,Redraft,6,0,0,0,https://malegislature.gov/Bills/194/S2593
194,S2594,J29,2025-08-28 12:00,Redraft,5,0,1,0,https://malegislature.gov/Bills/194/S2594
194,S2595,J23,2025-09-22 17:00,Ought to pass,6,0,0,0,https://malegislature.gov/Bills/194/S2595
194,S2596,J10,2025-11-10 11:00,Ought to pass,5,0,0,0,https://malegislature.gov/Bills/194/S2596
194,S2599,J11,2025-11-18 17:00,Ought to pass,6,0,0,0,https://malegislature.gov/Bills/194/S2599
194,S26,J21,2025-11-03 17:00,Ought to pass,5,0,0,0,https://malegislature.gov/Bills/194/S26
194,S260,J17,2025-10-28 17:00,Study,6,0,0,0,https://malegislature.gov/Bills/194/S260
194,S2600,J11,2025-11-18 17:00,Ought to pass,6,0,0,0,https://malegislature.gov/Bills/194/S2600
194,S2601,J18,2025-08-14 17:00,Study,6,0,1,0,https://malegislature.gov/Bills/194/S2601
194,S2602,J13,2025-09-05 17:00,Ought to pass – by substitution of a New Draft,6,0,0,0,https://malegislature.gov/Bills/194/S2602
194,S2607,J24,2025-11-03 12:00,Ought to pass,6,0,1,0,https://malegislature.gov/Bills/194/S2607
194,S2607,J46,2025-09-15 12:00,Ought to pass – by substitution of a New Draft,5,0,0,1,https://malegislature.gov/Bills/194/S2607
194,S2609,J14,2025-09-17 16:00,Redraft,5,0,1,0,https://malegislature.gov/Bills/194/S2609
194,S261,J17,2025-10-21 17:00,Study,4,0,2,0,https://malegislature.gov/Bills/194/S261
194,S2610,J14,2025-09-17 16:00,Redraft,6,0,0,0,https://malegislature.gov/Bills/194/S2610
194,S2611,J27,2025-11-28 17:00,Ought to pass,6,0,1,0,https://malegislature.gov/Bills/194/S2611
194,S2612,J37,2025-11-25 15:00,Ought to pass,6,0,0,0,https://malegislature.gov/Bills/194/S2612
194,S2613,J23,2025-12-02 10:00,Ought to pass,5,0,0,1,https://malegislature.gov/Bills/194/S2613
194,S2615,J19,2025-09-12 12:00,Redraft,5,0,0,1,https://malegislature.gov/Bills/194/S2615
194,S2616,H34,2025-11-04 10:45,S.2616 “An Act relative to affordable car rentals” as amended,19,0,7,10,https://malegislature.gov/Bills/194/S2616
194,S2617,J10,2025-11-10 11:00,Ought to pass,5,0,0,0,https://malegislature.gov/Bills/194/S2617
194,S2619,H34,2026-06-03 10:45,S.2619 “An Act establishing the Massachusetts data privacy act” as amended,20,0,7,7,https://malegislature.gov/Bills/194/S2619
194,S2620,J17,2025-09-26 17:00,Redraft,5,0,1,0,https://malegislature.gov/Bills/194/S2620
194,S2620,S30,2026-06-01 10:30,Ought to pass – by substitution of a New Draft,16,0,2,0,https://malegislature.gov/Bills/194/S2620
194,S2621,J31,2025-09-26 12:00,Study,5,1,0,0,https://malegislature.gov/Bills/194/S2621
194,S2622,J25,2025-09-29 12:00,Ought to pass – by substitution of a New Draft,6,0,0,0,https://malegislature.gov/Bills/194/S2622
194,S2623,J16,2025-09-23 18:30,Redraft,5,0,1,0,https://malegislature.gov/Bills/194/S2623
194,S2623,J24,2026-04-28 12:00,Ought to pass with an amendment - New Draft,6,1,0,0,https://malegislature.gov/Bills/194/S2623
194,S2626,J10,2025-11-10 11:00,Ought to pass,5,0,0,0,https://malegislature.gov/Bills/194/S2626
194,S2627,J16,2026-03-26 12:00,Favorable,2,0,2,2,https://malegislature.gov/Bills/194/S2627
194,S2628,J17,2026-03-05 11:00,Ought to pass,6,0,0,0,https://malegislature.gov/Bills/194/S2628
194,S2629,J27,2025-12-02 17:00,Study,6,0,1,0,https://malegislature.gov/Bills/194/S2629
194,S2630,J33,2025-10-07 17:00,Ought to pass – by substitution of a New Draft,6,0,0,0,https://malegislature.gov/Bills/194/S2630
194,S2631,J33,2025-10-07 17:00,Ought to pass – by substitution of a New Draft,6,0,0,0,https://malegislature.gov/Bills/194/S2631
194,S2632,J24,2026-03-30 12:00,Ought to pass,6,0,1,0,https://malegislature.gov/Bills/194/S2632
194,S2632,J33,2025-10-07 17:00,Ought to pass – by substitution of a New Draft,5,0,1,0,https://malegislature.gov/Bills/194/S2632
194,S2633,J33,2025-10-07 17:00,Ought to pass – by substitution of a New Draft,6,0,0,0,https://malegislature.gov/Bills/194/S2633
194,S2634,J33,2025-10-07 17:00,Study,5,1,0,0,https://malegislature.gov/Bills/194/S2634
194,S2635,J22,2026-04-30 16:00,Ought to pass,6,0,0,1,https://malegislature.gov/Bills/194/S2635
194,S2639,J27,2026-03-05 17:00,Ought to pass,6,0,1,0,https://malegislature.gov/Bills/194/S2639
194,S264,J17,2025-11-13 13:00,Ought to pass,6,0,0,0,https://malegislature.gov/Bills/194/S264
194,S2644,J28,2025-12-01 14:00,Favorable with changes,5,0,1,0,https://malegislature.gov/Bills/194/S2644
194,S2645,J46,2025-10-03 16:00,Ought to pass – by substitution of a New Draft,5,0,1,0,https://malegislature.gov/Bills/194/S2645
194,S2646,J28,2025-10-10 12:00,Affirmative,6,0,0,0,https://malegislature.gov/Bills/194/S2646
194,S2647,J28,2025-10-10 12:00,Affirmative,6,0,0,0,https://malegislature.gov/Bills/194/S2647
194,S2648,J10,2025-11-10 11:00,Ought to pass,5,0,0,0,https://malegislature.gov/Bills/194/S2648
194,S265,J17,2025-11-25 12:30,Study,5,0,1,0,https://malegislature.gov/Bills/194/S265
194,S2650,J15,2025-10-14 09:00,Study,4,1,1,0,https://malegislature.gov/Bills/194/S2650
194,S2651,J23,2025-10-28 17:00,Ought to pass,5,0,0,1,https://malegislature.gov/Bills/194/S2651
194,S2652,J37,2025-11-25 15:00,Ought to pass,6,0,0,0,https://malegislature.gov/Bills/194/S2652
194,S2653,H34,2026-07-30 10:45,S.2653 “An Act relative to the move over law” as amended,29,0,0,5,https://malegislature.gov/Bills/194/S2653
194,S2654,J21,2025-10-16 14:00,Ought to pass – by substitution of a New Draft,5,0,0,0,https://malegislature.gov/Bills/194/S2654
194,S2657,J25,2026-01-06 12:00,Ought to pass,5,0,0,1,https://malegislature.gov/Bills/194/S2657
194,S2657,S30,2026-02-23 11:00,Ought to pass – by substitution of a New Draft,16,0,2,0,https://malegislature.gov/Bills/194/S2657
194,S2658,J18,2025-10-14 12:00,Study,6,0,1,0,https://malegislature.gov/Bills/194/S2658
194,S2659,J13,2025-10-20 17:00,"Ought to pass – by substitution of a New Draft, accompanied by S107, S125, S127, S129, S133, S159, S2585",6,0,0,0,https://malegislature.gov/Bills/194/S2659
194,S266,J17,2025-11-25 12:30,Ought to pass,5,0,1,0,https://malegislature.gov/Bills/194/S266
194,S2660,J17,2025-10-21 17:00,Redraft,5,0,1,0,https://malegislature.gov/Bills/194/S2660
194,S2661,J17,2025-10-21 17:00,Redraft,5,0,1,0,https://malegislature.gov/Bills/194/S2661
194,S2662,J17,2025-10-21 17:00,Redraft,5,0,1,0,https://malegislature.gov/Bills/194/S2662
194,S2662,J24,2026-01-26 12:00,Ought to pass,6,0,1,0,https://malegislature.gov/Bills/194/S2662
194,S2663,J17,2025-10-21 17:00,Redraft,5,0,1,0,https://malegislature.gov/Bills/194/S2663
194,S2664,J17,2025-10-21 17:00,Redraft,5,0,1,0,https://malegislature.gov/Bills/194/S2664
194,S2665,J43,2025-12-02 16:00,Ought to pass,5,0,1,0,https://malegislature.gov/Bills/194/S2665
194,S2666,J25,2025-11-07 17:00,Ought to pass,6,0,0,0,https://malegislature.gov/Bills/194/S2666
194,S2667,J17,2025-10-21 17:00,Study,4,0,2,0,https://malegislature.gov/Bills/194/S2667
194,S2669,J10,2025-10-21 17:00,Study Order,4,0,1,0,https://malegislature.gov/Bills/194/S2669
194,S267,J17,2025-11-05 17:00,Ought to pass,5,0,1,0,https://malegislature.gov/Bills/194/S267
194,S267,S30,2026-02-23 11:00,Ought to pass – by substitution of a New Draft,16,0,2,0,https://malegislature.gov/Bills/194/S267
194,S2671,J17,2025-10-28 17:00,Redraft,5,0,1,0,https://malegislature.gov/Bills/194/S2671
194,S2671,S30,2026-02-05 11:00,Ought to pass – by substitution of a New Draft,15,0,3,0,https://malegislature.gov/Bills/194/S2671
194,S2672,J17,2025-10-28 17:00,Redraft,5,0,1,0,https://malegislature.gov/Bills/194/S2672
194,S2674,J17,2025-10-28 17:00,Study,6,0,0,0,https://malegislature.gov/Bills/194/S2674
194,S2677,J50,2025-10-21 17:00,Study,5,1,0,0,https://malegislature.gov/Bills/194/S2677
194,S2678,J15,2025-11-19 13:00,Ought to pass,15,0,2,0,https://malegislature.gov/Bills/194/S2678
194,S2679,J15,2025-11-19 13:00,Ought to pass,15,0,2,0,https://malegislature.gov/Bills/194/S2679
194,S268,J17,2026-03-05 11:00,Study,5,0,1,0,https://malegislature.gov/Bills/194/S268
194,S2682,J14,2025-12-03 14:00,Study,5,0,1,0,https://malegislature.gov/Bills/194/S2682
194,S2683,J14,2025-12-03 14:00,Study,5,0,1,0,https://malegislature.gov/Bills/194/S2683
194,S2684,J31,2025-11-13 17:30,Ought to pass,4,0,1,1,https://malegislature.gov/Bills/194/S2684
194,S2685,J21,2025-10-29 15:00,Ought to pass – by substitution of a New Draft,4,0,1,0,https://malegislature.gov/Bills/194/S2685
194,S2687,J21,2025-10-29 15:00,Study,4,1,0,0,https://malegislature.gov/Bills/194/S2687
194,S2689,J14,2025-10-30 16:00,"Should S371 be reported favorably to the House, accompanied by S322, S412, and S444?",6,0,0,0,https://malegislature.gov/Bills/194/S2689
194,S269,J17,2025-10-28 17:00,Ought to pass,5,0,1,0,https://malegislature.gov/Bills/194/S269
194,S2690,J14,2025-10-30 16:00,"Should S358 be reported favorably as redrafted to the House, accompanied by S330, S384, S326, S332, and S329?",6,0,0,0,https://malegislature.gov/Bills/194/S2690
194,S2691,J14,2025-10-30 16:00,"Should S2614 be reported favorably as redrafted, accompanied by S414, S378, S452, S402, S389, and S393?",6,0,0,0,https://malegislature.gov/Bills/194/S2691
194,S2692,J14,2025-10-30 16:00,Should S401 be reported to the House favorably as redrafted?,6,0,0,0,https://malegislature.gov/Bills/194/S2692
194,S2694,J26,2026-06-15 16:15,Favorable,5,0,1,0,https://malegislature.gov/Bills/194/S2694
194,S2695,J23,2025-11-12 17:00,Ought to pass,6,0,0,0,https://malegislature.gov/Bills/194/S2695
194,S2698,J29,2025-11-05 17:00,Study,5,0,0,0,https://malegislature.gov/Bills/194/S2698
194,S2699,J47,2025-10-20 17:00,Study,4,0,2,0,https://malegislature.gov/Bills/194/S2699
194,S27,J23,2025-09-22 17:00,Ought to pass,6,0,0,0,https://malegislature.gov/Bills/194/S27
194,S2701,J28,2025-12-01 14:00,Favorable with changes,5,0,1,0,https://malegislature.gov/Bills/194/S2701
194,S2702,J29,2025-11-05 17:00,Redraft,4,0,1,0,https://malegislature.gov/Bills/194/S2702
194,S2703,J29,2025-11-05 17:00,Redraft,4,0,1,0,https://malegislature.gov/Bills/194/S2703
194,S2704,J29,2025-11-05 17:00,Redraft,4,0,1,0,https://malegislature.gov/Bills/194/S2704
194,S2705,J17,2025-11-05 17:00,Redraft,5,0,1,0,https://malegislature.gov/Bills/194/S2705
194,S2706,J17,2025-11-05 17:00,Redraft,5,0,1,0,https://malegislature.gov/Bills/194/S2706
194,S2707,J17,2025-11-05 17:00,Study,5,0,1,0,https://malegislature.gov/Bills/194/S2707
194,S271,J17,2025-11-13 13:00,Ought to pass,6,0,0,0,https://malegislature.gov/Bills/194/S271
194,S2710,S29,2025-11-07 16:00,Placed in the Orders of the Day (in part),6,0,1,0,https://malegislature.gov/Bills/194/S2710
194,S2712,J23,2026-03-17 16:00,Ought to pass,4,0,2,0,https://malegislature.gov/Bills/194/S2712
194,S2713,J26,2025-11-07 12:00,Favorable with changes,5,0,1,0,https://malegislature.gov/Bills/194/S2713
194,S2713,S30,2026-01-08 16:45,Ought to pass – by substitution of a New Draft,15,0,2,1,https://malegislature.gov/Bills/194/S2713
194,S2714,J13,2025-11-24 16:00,Ought to pass,6,0,0,0,https://malegislature.gov/Bills/194/S2714
194,S2715,J10,2025-11-10 11:00,Ought to pass – by substitution of a New Draft,5,0,0,0,https://malegislature.gov/Bills/194/S2715
194,S2716,J10,2025-11-10 11:00,Ought to pass – by substitution of a New Draft,5,0,0,0,https://malegislature.gov/Bills/194/S2716
194,S2717,J10,2025-11-10 11:00,Study,5,0,0,0,https://malegislature.gov/Bills/194/S2717
194,S2718,J21,2025-11-10 11:00,Study,4,1,0,0,https://malegislature.gov/Bills/194/S2718
194,S272,J17,2025-12-02 17:00,Ought to pass,6,0,0,0,https://malegislature.gov/Bills/194/S272
194,S2720,J21,2025-11-10 11:00,Ought to pass – by substitution of a New Draft,5,0,0,0,https://malegislature.gov/Bills/194/S2720
194,S2720,S30,2026-03-12 11:00,Ought to pass – by substitution of a New Draft,17,0,1,0,https://malegislature.gov/Bills/194/S2720
194,S2721,J21,2025-11-10 11:00,Ought to pass – by substitution of a New Draft,5,0,0,0,https://malegislature.gov/Bills/194/S2721
194,S2725,J25,2025-11-07 17:00,Ought to pass,5,0,1,0,https://malegislature.gov/Bills/194/S2725
194,S2725,J25,2025-11-12 16:00,Ought to pass – by substitution of a New Draft,4,0,1,1,https://malegislature.gov/Bills/194/S2725
194,S2726,H34,2026-06-09 10:45,S.2726 “An Act regarding free expression” as amended,23,0,8,3,https://malegislature.gov/Bills/194/S2726
194,S2727,J15,2025-11-12 12:00,Study,6,0,0,0,https://malegislature.gov/Bills/194/S2727
194,S2728,J21,2025-11-14 12:00,Study,4,0,1,0,https://malegislature.gov/Bills/194/S2728
194,S2729,J21,2025-11-14 12:00,Ought to pass – by substitution of a New Draft,4,0,1,0,https://malegislature.gov/Bills/194/S2729
194,S273,J17,2025-10-28 17:00,Study,6,0,0,0,https://malegislature.gov/Bills/194/S273
194,S2730,J21,2025-11-14 12:00,Ought to pass – by substitution of a New Draft,4,0,1,0,https://malegislature.gov/Bills/194/S2730
194,S2731,J21,2025-11-14 12:00,Ought to pass – by substitution of a New Draft,5,0,0,0,https://malegislature.gov/Bills/194/S2731
194,S2732,J11,2026-01-16 17:00,Ought to pass,5,0,1,0,https://malegislature.gov/Bills/194/S2732
194,S2736,J22,2025-12-03 13:00,Ought to pass,6,0,0,1,https://malegislature.gov/Bills/194/S2736
194,S2737,J24,2026-01-26 12:00,Ought to pass,6,0,1,0,https://malegislature.gov/Bills/194/S2737
194,S274,J17,2025-11-26 17:00,Ought to pass,6,0,0,0,https://malegislature.gov/Bills/194/S274
194,S2740,J30,2025-11-18 11:00,Ought to pass – by substitution of a New Draft,4,0,1,0,https://malegislature.gov/Bills/194/S2740
194,S2741,J30,2025-11-18 11:00,Ought to pass – by substitution of a New Draft,5,0,0,0,https://malegislature.gov/Bills/194/S2741
194,S2743,J22,2026-04-30 16:00,Ought to pass,6,0,0,1,https://malegislature.gov/Bills/194/S2743
194,S2744,J17,2025-11-13 13:00,Redraft,6,0,0,0,https://malegislature.gov/Bills/194/S2744
194,S2745,J17,2025-11-13 13:00,Redraft,6,0,0,0,https://malegislature.gov/Bills/194/S2745
194,S2746,J21,2025-11-19 12:00,Ought to pass – by substitution of a New Draft,4,0,1,0,https://malegislature.gov/Bills/194/S2746
194,S2747,J21,2025-11-19 12:00,Study,5,0,0,0,https://malegislature.gov/Bills/194/S2747
194,S2748,J30,2025-11-18 11:00,Study,5,0,0,0,https://malegislature.gov/Bills/194/S2748
194,S275,J17,2025-11-05 17:00,Study,6,0,0,0,https://malegislature.gov/Bills/194/S275
194,S2750,J23,2026-03-03 17:00,Ought to pass,5,0,1,0,https://malegislature.gov/Bills/194/S2750
194,S2751,J26,2025-11-21 17:00,Favorable Report with Redraft,4,0,2,0,https://malegislature.gov/Bills/194/S2751
194,S2752,J26,2025-11-21 17:00,Favorable Report with Redraft,5,0,1,0,https://malegislature.gov/Bills/194/S2752
194,S2753,J26,2025-11-21 17:00,Favorable Report with Redraft,5,0,1,0,https://malegislature.gov/Bills/194/S2753
194,S2754,J13,2025-11-24 16:00,Study,5,0,1,0,https://malegislature.gov/Bills/194/S2754
194,S2755,J29,2025-11-25 12:00,Redraft,4,0,1,0,https://malegislature.gov/Bills/194/S2755
194,S2756,J29,2025-11-25 12:00,Redraft,4,0,1,0,https://malegislature.gov/Bills/194/S2756
194,S2757,J26,2025-11-21 17:00,Study,5,0,1,0,https://malegislature.gov/Bills/194/S2757
194,S276,J17,2025-11-26 17:00,Ought to pass,6,0,0,0,https://malegislature.gov/Bills/194/S276
194,S2761,J28,2025-11-25 12:00,Ought to pass – by substitution of a New Draft,5,1,0,0,https://malegislature.gov/Bills/194/S2761
194,S2762,J28,2025-11-25 12:00,Ought to pass – by substitution of a New Draft,5,0,1,0,https://malegislature.gov/Bills/194/S2762
194,S2763,J28,2025-11-25 12:00,Ought to pass – by substitution of a New Draft,6,0,0,0,https://malegislature.gov/Bills/194/S2763
194,S2764,J28,2025-11-25 12:00,Ought to pass – by substitution of a New Draft,4,0,2,0,https://malegislature.gov/Bills/194/S2764
194,S2765,J28,2025-11-25 12:00,Study,5,0,1,0,https://malegislature.gov/Bills/194/S2765
194,S2766,J28,2025-12-01 14:00,Study,5,0,1,0,https://malegislature.gov/Bills/194/S2766
194,S277,J17,2025-09-26 17:00,Ought to pass,5,0,1,0,https://malegislature.gov/Bills/194/S277
194,S2774,J37,2025-11-25 15:00,Study,6,0,0,0,https://malegislature.gov/Bills/194/S2774
194,S2779,J37,2025-11-25 15:00,Ought to pass – by substitution of a New Draft,5,0,1,0,https://malegislature.gov/Bills/194/S2779
194,S278,J17,2025-11-25 12:30,Redraft,5,0,1,0,https://malegislature.gov/Bills/194/S278
194,S2780,J37,2025-11-25 15:00,Ought to pass – by substitution of a New Draft,5,0,1,0,https://malegislature.gov/Bills/194/S2780
194,S2783,J27,2025-12-02 17:00,Study,6,0,1,0,https://malegislature.gov/Bills/194/S2783
194,S2784,J31,2025-12-02 12:00,Study,5,0,0,1,https://malegislature.gov/Bills/194/S2784
194,S2786,J23,2025-12-02 17:00,Study,5,0,1,0,https://malegislature.gov/Bills/194/S2786
194,S2789,J15,2026-01-14 10:00,Ought to pass,6,0,0,0,https://malegislature.gov/Bills/194/S2789
194,S279,J17,2025-12-02 17:00,Ought to pass,6,0,0,0,https://malegislature.gov/Bills/194/S279
194,S2790,J16,2025-12-03 13:30,Study,5,0,1,0,https://malegislature.gov/Bills/194/S2790
194,S2792,J14,2025-12-03 14:00,Study,5,0,1,0,https://malegislature.gov/Bills/194/S2792
194,S2798,J22,2025-12-03 13:00,Study,5,0,1,1,https://malegislature.gov/Bills/194/S2798
194,S280,J17,2025-11-26 17:00,Study,5,0,1,0,https://malegislature.gov/Bills/194/S280
194,S2800,J45,2025-12-01 15:00,Redraft,5,0,1,0,https://malegislature.gov/Bills/194/S2800
194,S2801,J45,2025-12-02 12:00,Redraft,5,0,1,0,https://malegislature.gov/Bills/194/S2801
194,S2801,S30,2026-03-23 11:00,Ought to pass – by substitution of a New Draft,16,0,2,0,https://malegislature.gov/Bills/194/S2801
194,S2802,J45,2025-12-01 15:00,Redraft,5,0,1,0,https://malegislature.gov/Bills/194/S2802
194,S2803,J45,2025-12-01 15:00,Redraft,5,0,1,0,https://malegislature.gov/Bills/194/S2803
194,S2804,J45,2025-12-01 15:00,Study,4,0,2,0,https://malegislature.gov/Bills/194/S2804
194,S2805,J45,2025-12-01 15:00,Study,5,0,1,0,https://malegislature.gov/Bills/194/S2805
194,S2806,J45,2025-12-01 15:00,Study,6,0,0,0,https://malegislature.gov/Bills/194/S2806
194,S2807,J45,2025-12-01 15:00,Study,5,0,1,0,https://malegislature.gov/Bills/194/S2807
194,S2809,J43,2025-11-21 12:30,Study,5,0,1,0,https://malegislature.gov/Bills/194/S2809
194,S281,J17,2025-11-13 13:00,Ought to pass,5,0,1,0,https://malegislature.gov/Bills/194/S281
194,S2810,J17,2025-11-25 12:30,Study,4,0,2,0,https://malegislature.gov/Bills/194/S2810
194,S2811,J17,2025-11-26 17:00,Study,5,0,1,0,https://malegislature.gov/Bills/194/S2811
194,S2813,J18,2025-12-02 12:00,Study,4,1,1,1,https://malegislature.gov/Bills/194/S2813
194,S2815,J52,2025-12-02 16:30,Study,6,0,0,0,https://malegislature.gov/Bills/194/S2815
194,S2816,J50,2025-11-04 17:00,Study,5,1,0,0,https://malegislature.gov/Bills/194/S2816
194,S2817,J50,2025-11-04 17:00,Study,6,0,0,0,https://malegislature.gov/Bills/194/S2817
194,S2818,J28,2025-11-25 12:00,Favorable with changes,5,0,1,0,https://malegislature.gov/Bills/194/S2818
194,S2819,J17,2025-11-25 12:30,Redraft,5,0,1,0,https://malegislature.gov/Bills/194/S2819
194,S2820,J17,2025-11-25 12:30,Redraft,5,0,1,0,https://malegislature.gov/Bills/194/S2820
194,S2821,J17,2025-11-26 17:00,Redraft,5,0,1,0,https://malegislature.gov/Bills/194/S2821
194,S2822,J17,2025-11-26 17:00,Redraft,5,0,1,0,https://malegislature.gov/Bills/194/S2822
194,S2823,J17,2025-12-02 17:00,Redraft,5,0,1,0,https://malegislature.gov/Bills/194/S2823
194,S2825,J46,2025-11-25 12:00,Ought to pass,4,0,1,1,https://malegislature.gov/Bills/194/S2825
194,S2826,J28,2025-12-01 14:00,Ought to pass – by substitution of a New Draft,5,0,1,0,https://malegislature.gov/Bills/194/S2826
194,S2827,J28,2025-12-01 14:00,Ought to pass – by substitution of a New Draft,6,0,0,0,https://malegislature.gov/Bills/194/S2827
194,S2828,J28,2025-12-01 14:00,Ought to pass – by substitution of a New Draft,4,0,2,0,https://malegislature.gov/Bills/194/S2828
194,S2829,J28,2025-12-01 14:00,Ought to pass – by substitution of a New Draft,5,0,1,0,https://malegislature.gov/Bills/194/S2829
194,S2830,J28,2025-12-01 14:00,Ought to pass – by substitution of a New Draft,5,0,1,0,https://malegislature.gov/Bills/194/S2830
194,S2831,J28,2025-12-01 14:00,Ought to pass – by substitution of a New Draft,6,0,0,0,https://malegislature.gov/Bills/194/S2831
194,S2832,J28,2025-12-01 14:00,Ought to pass – by substitution of a New Draft,5,0,1,0,https://malegislature.gov/Bills/194/S2832
194,S2833,J28,2025-12-01 14:00,Ought to pass – by substitution of a New Draft,5,0,1,0,https://malegislature.gov/Bills/194/S2833
194,S2834,J28,2025-12-03 16:30,Ought to pass – by substitution of a New Draft,6,0,0,0,https://malegislature.gov/Bills/194/S2834
194,S2835,J28,2025-12-03 16:30,Ought to pass – by substitution of a New Draft,5,0,1,0,https://malegislature.gov/Bills/194/S2835
194,S2836,J28,2025-12-03 16:30,Ought to pass – by substitution of a New Draft,5,0,1,0,https://malegislature.gov/Bills/194/S2836
194,S2837,J43,2025-12-01 10:30,Study,4,0,2,0,https://malegislature.gov/Bills/194/S2837
194,S2838,J43,2025-12-01 10:30,Study,4,0,2,0,https://malegislature.gov/Bills/194/S2838
194,S2839,J43,2025-12-01 10:30,Study,5,0,1,0,https://malegislature.gov/Bills/194/S2839
194,S2840,J43,2025-12-01 10:30,Study,5,0,1,0,https://malegislature.gov/Bills/194/S2840
194,S2841,J43,2025-12-01 10:30,Study,5,0,1,0,https://malegislature.gov/Bills/194/S2841
194,S2842,J43,2025-12-01 10:30,Study,5,0,1,0,https://malegislature.gov/Bills/194/S2842
194,S2843,J43,2025-12-02 16:00,Study,5,0,1,0,https://malegislature.gov/Bills/194/S2843
194,S2846,J25,2025-11-26 17:00,Study,4,0,0,2,https://malegislature.gov/Bills/194/S2846
194,S2847,J25,2025-11-26 17:00,Study,4,0,0,2,https://malegislature.gov/Bills/194/S2847
194,S2848,J25,2025-11-26 17:00,Study,4,0,0,2,https://malegislature.gov/Bills/194/S2848
194,S2849,J25,2025-11-26 17:00,Study,4,0,0,2,https://malegislature.gov/Bills/194/S2849
194,S285,J17,2025-11-05 17:00,Ought to pass,5,0,1,0,https://malegislature.gov/Bills/194/S285
194,S2850,J25,2025-11-20 17:00,Study,3,0,1,2,https://malegislature.gov/Bills/194/S2850
194,S2851,J16,2025-12-02 16:38,Redraft,4,0,2,0,https://malegislature.gov/Bills/194/S2851
194,S2852,J16,2025-12-02 16:36,Redraft,6,0,0,0,https://malegislature.gov/Bills/194/S2852
194,S2853,J16,2025-12-02 16:30,Redraft,6,0,0,0,https://malegislature.gov/Bills/194/S2853
194,S2854,J16,2025-12-02 16:30,Redraft,4,0,2,0,https://malegislature.gov/Bills/194/S2854
194,S2854,J24,2026-02-24 12:00,Ought to pass,6,0,1,0,https://malegislature.gov/Bills/194/S2854
194,S2855,J14,2025-12-03 14:00,Ought to pass – by substitution of a New Draft,4,0,2,0,https://malegislature.gov/Bills/194/S2855
194,S2856,J22,2025-12-03 13:00,Ought to pass – by substitution of a New Draft,6,0,0,1,https://malegislature.gov/Bills/194/S2856
194,S2857,J22,2025-12-03 13:00,Ought to pass – by substitution of a New Draft,4,1,1,1,https://malegislature.gov/Bills/194/S2857
194,S2857,J24,2026-02-24 12:00,Ought to pass,6,0,1,0,https://malegislature.gov/Bills/194/S2857
194,S2858,J22,2025-12-03 13:00,Ought to pass – by substitution of a New Draft,4,1,1,1,https://malegislature.gov/Bills/194/S2858
194,S286,J17,2025-12-02 17:00,Ought to pass,5,0,1,0,https://malegislature.gov/Bills/194/S286
194,S2861,J22,2026-04-30 16:00,Ought to pass,6,0,0,1,https://malegislature.gov/Bills/194/S2861
194,S2862,J14,2025-11-26 11:00,Ought to pass – by substitution of a New Draft,6,0,0,0,https://malegislature.gov/Bills/194/S2862
194,S2863,J14,2025-11-26 11:00,"Ought to pass – by substitution of a New Draft, accompanied by S413, S456, S382, S432, S433",6,0,0,0,https://malegislature.gov/Bills/194/S2863
194,S2864,J14,2025-11-26 11:00,"Ought to pass – by substitution of a New Draft, accompanied by S455, S454, S442, S383",6,0,0,0,https://malegislature.gov/Bills/194/S2864
194,S2865,J14,2025-11-26 11:00,Ought to pass – by substitution of a New Draft,6,0,0,0,https://malegislature.gov/Bills/194/S2865
194,S2866,J14,2025-11-26 11:00,Ought to pass – by substitution of a New Draft,6,0,0,0,https://malegislature.gov/Bills/194/S2866
194,S2867,J14,2025-11-26 11:00,Ought to pass – by substitution of a New Draft,6,0,0,0,https://malegislature.gov/Bills/194/S2867
194,S2868,J14,2025-11-26 11:00,"Ought to pass – by substitution of a New Draft, accompanied by S433",6,0,0,0,https://malegislature.gov/Bills/194/S2868
194,S2869,J14,2025-11-26 11:00,Ought to pass – by substitution of a New Draft,6,0,0,0,https://malegislature.gov/Bills/194/S2869
194,S287,J17,2025-11-13 13:00,Ought to pass,6,0,0,0,https://malegislature.gov/Bills/194/S287
194,S2870,J14,2025-11-26 11:00,Ought to pass – by substitution of a New Draft,6,0,0,0,https://malegislature.gov/Bills/194/S2870
194,S2872,J27,2025-11-28 17:00,Ought to pass – by substitution of a New Draft,7,0,0,0,https://malegislature.gov/Bills/194/S2872
194,S2873,J27,2025-11-28 17:00,Ought to pass – by substitution of a New Draft,7,0,0,0,https://malegislature.gov/Bills/194/S2873
194,S2874,J27,2025-11-28 17:00,Ought to pass – by substitution of a New Draft,7,0,0,0,https://malegislature.gov/Bills/194/S2874
194,S2875,J27,2025-11-28 17:00,Ought to pass – by substitution of a New Draft,7,0,0,0,https://malegislature.gov/Bills/194/S2875
194,S2876,J27,2025-12-02 17:00,Ought to pass – by substitution of a New Draft,7,0,0,0,https://malegislature.gov/Bills/194/S2876
194,S2877,J21,2026-03-27 15:00,Ought to pass,5,0,0,0,https://malegislature.gov/Bills/194/S2877
194,S2878,J10,2026-03-06 12:00,Ought to pass,5,0,0,0,https://malegislature.gov/Bills/194/S2878
194,S2879,J25,2025-12-03 14:00,Ought to pass – by substitution of a New Draft,5,0,0,1,https://malegislature.gov/Bills/194/S2879
194,S288,J19,2026-02-23 12:00,Ought to pass,4,0,0,2,https://malegislature.gov/Bills/194/S288
194,S2880,J29,2025-12-02 16:00,Redraft,4,0,1,0,https://malegislature.gov/Bills/194/S2880
194,S2881,J29,2025-12-02 16:00,Redraft,4,0,1,0,https://malegislature.gov/Bills/194/S2881
194,S2882,J11,2025-12-02 15:00,Ought to pass – by substitution of a New Draft,5,0,1,0,https://malegislature.gov/Bills/194/S2882
194,S2882,J24,2026-01-26 12:00,Ought to pass,6,0,1,0,https://malegislature.gov/Bills/194/S2882
194,S2883,J11,2025-12-02 15:00,Ought to pass – by substitution of a New Draft,5,0,1,0,https://malegislature.gov/Bills/194/S2883
194,S2883,J24,2026-01-26 12:00,Ought to pass,6,0,1,0,https://malegislature.gov/Bills/194/S2883
194,S2884,J18,2025-12-02 12:00,Redraft,5,0,1,1,https://malegislature.gov/Bills/194/S2884
194,S289,J17,2025-12-02 17:00,Ought to pass,6,0,0,0,https://malegislature.gov/Bills/194/S289
194,S2896,J21,2026-03-27 15:00,Ought to pass,5,0,0,0,https://malegislature.gov/Bills/194/S2896
194,S2897,J10,2026-03-06 12:00,Ought to pass,5,0,0,0,https://malegislature.gov/Bills/194/S2897
194,S290,J17,2026-03-05 11:00,Study,5,0,1,0,https://malegislature.gov/Bills/194/S290
194,S2903,H34,2026-05-19 10:45,S.2903 “An Act honoring Blue Star Families” as amended,31,0,0,3,https://malegislature.gov/Bills/194/S2903
194,S2903,S30,2026-01-08 16:45,Ought to pass – by substitution of a New Draft,17,0,0,1,https://malegislature.gov/Bills/194/S2903
194,S2907,J23,2026-07-30 14:30,Ought to pass,5,0,1,0,https://malegislature.gov/Bills/194/S2907
194,S2908,J19,2026-01-23 17:00,Ought to pass,5,0,0,1,https://malegislature.gov/Bills/194/S2908
194,S2909,J25,2026-01-12 15:00,Study,4,0,1,1,https://malegislature.gov/Bills/194/S2909
194,S2910,J25,2026-01-12 15:00,Study,4,0,1,1,https://malegislature.gov/Bills/194/S2910
194,S2911,J15,2026-01-14 10:00,Redraft,5,1,0,0,https://malegislature.gov/Bills/194/S2911
194,S2913,J17,2026-03-05 11:00,Ought to pass,6,0,0,0,https://malegislature.gov/Bills/194/S2913
194,S2916,H34,2026-06-30 10:45,S.2916 “An Act improving campaign finance reporting for statewide ballot questions” as amended,22,1,6,5,https://malegislature.gov/Bills/194/S2916
194,S2918,J15,2026-01-15 12:00,Redraft,6,0,0,0,https://malegislature.gov/Bills/194/S2918
194,S2919,J11,2026-01-16 17:00,Ought to pass – by substitution of a New Draft,6,0,0,0,https://malegislature.gov/Bills/194/S2919
194,S292,J16,2025-12-02 16:42,Favorable,5,0,1,0,https://malegislature.gov/Bills/194/S292
194,S2920,J11,2026-01-16 17:00,Ought to pass – by substitution of a New Draft,6,0,0,0,https://malegislature.gov/Bills/194/S2920
194,S2921,J11,2026-03-02 15:30,Ought to pass,5,0,1,0,https://malegislature.gov/Bills/194/S2921
194,S2922,J25,2026-04-22 16:00,Ought to pass,5,0,0,1,https://malegislature.gov/Bills/194/S2922
194,S2922,S30,2026-07-16 11:45,Ought to pass – by substitution of a New Draft,15,0,1,2,https://malegislature.gov/Bills/194/S2922
194,S2927,J29,2026-03-20 15:00,Ought to pass,4,0,1,0,https://malegislature.gov/Bills/194/S2927
194,S2928,J16,2026-04-17 15:00,Favorable with changes,4,0,1,1,https://malegislature.gov/Bills/194/S2928
194,S293,J17,2025-11-05 17:00,Ought to pass,5,0,1,0,https://malegislature.gov/Bills/194/S293
194,S2930,J19,2026-01-23 17:00,Study,4,0,1,1,https://malegislature.gov/Bills/194/S2930
194,S2931,J24,2026-01-26 12:00,Study,5,1,1,0,https://malegislature.gov/Bills/194/S2931
194,S2933,J21,2026-03-27 15:00,Ought to pass,5,0,0,0,https://malegislature.gov/Bills/194/S2933
194,S2935,J15,2026-01-28 12:00,Redraft,3,1,2,0,https://malegislature.gov/Bills/194/S2935
194,S2936,J15,2026-01-28 12:00,Redraft,5,0,1,0,https://malegislature.gov/Bills/194/S2936
194,S2937,J15,2026-01-28 12:00,Redraft,6,0,0,0,https://malegislature.gov/Bills/194/S2937
194,S2939,J23,2026-07-30 14:30,Ought to pass,6,0,0,0,https://malegislature.gov/Bills/194/S2939
194,S2942,J23,2026-04-29 12:00,Ought to pass,6,0,0,0,https://malegislature.gov/Bills/194/S2942
194,S2943,J25,2026-01-30 14:00,Ought to pass – by substitution of a New Draft,2,0,0,4,https://malegislature.gov/Bills/194/S2943
194,S2943,J25,2026-01-30 17:00,Ought to pass – by substitution of a New Draft,5,0,0,1,https://malegislature.gov/Bills/194/S2943
194,S2944,J25,2026-01-30 14:00,Ought to pass – by substitution of a New Draft,2,0,0,4,https://malegislature.gov/Bills/194/S2944
194,S2956,J10,2026-04-13 14:00,Ought to pass,6,0,0,0,https://malegislature.gov/Bills/194/S2956
194,S2963,J10,2026-03-06 12:00,Ought to pass,5,0,0,0,https://malegislature.gov/Bills/194/S2963
194,S2967,H34,2026-06-09 10:45,S.2967 “An Act providing for the ownership and maintenance of the Town Line Brook and Linden Brook culverts and dams” as amended,30,0,1,3,https://malegislature.gov/Bills/194/S2967
194,S2968,H34,2026-07-31 18:10,"S.2968 “An Act authorizing the Commonwealth of Massachusetts, acting by and through its Division of Capital Asset Management and Maintenance, to grant permanent easements over certain land in the town",23,0,0,11,https://malegislature.gov/Bills/194/S2968
194,S2969,J19,2026-02-23 12:00,Ought to pass with an amendment - New Draft,5,0,0,1,https://malegislature.gov/Bills/194/S2969
194,S2972,J24,2026-02-24 12:00,Study,6,0,1,0,https://malegislature.gov/Bills/194/S2972
194,S2975,J19,2026-04-23 12:00,Ought to pass,3,0,1,2,https://malegislature.gov/Bills/194/S2975
194,S2976,J19,2026-04-23 12:00,Ought to pass,4,0,1,1,https://malegislature.gov/Bills/194/S2976
194,S2980,J28,2026-02-27 15:30,Ought to pass – by substitution of a New Draft,4,0,2,0,https://malegislature.gov/Bills/194/S2980
194,S2981,J28,2026-02-27 15:30,Ought to pass – by substitution of a New Draft,4,0,2,0,https://malegislature.gov/Bills/194/S2981
194,S2982,J28,2026-02-27 15:30,Ought to pass – by substitution of a New Draft,4,0,2,0,https://malegislature.gov/Bills/194/S2982
194,S2983,J28,2026-02-27 15:30,Ought to pass – by substitution of a New Draft,4,0,2,0,https://malegislature.gov/Bills/194/S2983
194,S2985,J50,2025-11-04 17:00,Favorable,5,0,1,0,https://malegislature.gov/Bills/194/S2985
194,S2986,J25,2026-01-30 14:00,Ought to pass,0,0,3,3,https://malegislature.gov/Bills/194/S2986
194,S2987,J11,2026-03-02 15:30,Ought to pass – by substitution of a New Draft,5,0,1,0,https://malegislature.gov/Bills/194/S2987
194,S2988,J11,2026-03-02 15:30,Ought to pass – by substitution of a New Draft,5,0,1,0,https://malegislature.gov/Bills/194/S2988
194,S2989,J11,2026-03-02 15:30,Study,6,0,0,0,https://malegislature.gov/Bills/194/S2989
194,S299,J12,2026-03-06 10:00,Ought to pass,6,0,0,1,https://malegislature.gov/Bills/194/S299
194,S2991,J19,2026-02-27 17:00,Redraft,3,0,1,2,https://malegislature.gov/Bills/194/S2991
194,S2992,J19,2026-02-27 17:00,Redraft,4,0,0,2,https://malegislature.gov/Bills/194/S2992
194,S2996,J17,2026-03-05 11:00,Study,5,0,1,0,https://malegislature.gov/Bills/194/S2996
194,S2997,J17,2026-03-05 11:00,Redraft,5,0,1,0,https://malegislature.gov/Bills/194/S2997
194,S2998,J17,2026-03-05 11:00,Redraft,5,0,1,0,https://malegislature.gov/Bills/194/S2998
194,S2999,J17,2026-03-05 11:00,Redraft,5,0,1,0,https://malegislature.gov/Bills/194/S2999
194,S30,J33,2025-07-21 17:00,Ought to pass,6,0,0,0,https://malegislature.gov/Bills/194/S30
194,S30,S30,2026-07-02 11:45,Ought to pass – by substitution of a New Draft,14,0,2,2,https://malegislature.gov/Bills/194/S30
194,S3000,J17,2026-03-05 11:00,Redraft,5,0,1,0,https://malegislature.gov/Bills/194/S3000
194,S3001,J17,2026-03-05 11:00,Redraft,5,0,1,0,https://malegislature.gov/Bills/194/S3001
194,S3004,J10,2026-03-06 12:00,Ought to pass – by substitution of a New Draft,5,0,0,0,https://malegislature.gov/Bills/194/S3004
194,S3005,J10,2026-03-06 12:00,Ought to pass – by substitution of a New Draft,5,0,0,0,https://malegislature.gov/Bills/194/S3005
194,S3007,J27,2026-03-05 17:00,Study,6,0,1,0,https://malegislature.gov/Bills/194/S3007
194,S3008,J27,2026-03-05 17:00,Ought to pass – by substitution of a New Draft,7,0,0,0,https://malegislature.gov/Bills/194/S3008
194,S3009,J27,2026-03-30 17:00,Study,6,0,1,0,https://malegislature.gov/Bills/194/S3009
194,S3010,J26,2026-03-06 12:00,Redraft,5,0,1,0,https://malegislature.gov/Bills/194/S3010
194,S3011,J27,2026-03-05 17:00,Ought to pass – by substitution of a New Draft,7,0,0,0,https://malegislature.gov/Bills/194/S3011
194,S3012,J46,2026-03-06 17:00,Study,4,0,1,1,https://malegislature.gov/Bills/194/S3012
194,S3017,J23,2026-05-13 16:00,Ought to pass,5,0,0,1,https://malegislature.gov/Bills/194/S3017
194,S302,J12,2026-03-06 10:00,Ought to pass,5,0,1,1,https://malegislature.gov/Bills/194/S302
194,S3020,J23,2026-03-17 16:00,Study,5,0,1,0,https://malegislature.gov/Bills/194/S3020
194,S3021,J22,2026-04-30 16:00,Ought to pass,6,0,0,1,https://malegislature.gov/Bills/194/S3021
194,S3022,J47,2026-07-09 17:00,Favorable,5,0,1,0,https://malegislature.gov/Bills/194/S3022
194,S3026,J10,2026-04-13 14:00,Ought to pass,6,0,0,0,https://malegislature.gov/Bills/194/S3026
194,S3026,S29,2026-07-15 16:00,Placed in the Orders of the Day,7,0,0,0,https://malegislature.gov/Bills/194/S3026
194,S3027,J19,2026-03-09 17:00,Redraft,4,0,1,1,https://malegislature.gov/Bills/194/S3027
194,S3028,H34,2026-07-14 10:45,"S.3028 “An Act promoting pet equity, treatment and safety” as amended",32,0,0,2,https://malegislature.gov/Bills/194/S3028
194,S3031,J23,2026-04-29 12:00,Ought to pass,6,0,0,0,https://malegislature.gov/Bills/194/S3031
194,S3033,J10,2026-04-13 14:00,Ought to pass,6,0,0,0,https://malegislature.gov/Bills/194/S3033
194,S3034,J16,2026-03-26 12:00,"Favorable, as Redrafted",4,0,1,1,https://malegislature.gov/Bills/194/S3034
194,S3036,J27,2026-03-30 17:00,Ought to pass – by substitution of a New Draft,7,0,0,0,https://malegislature.gov/Bills/194/S3036
194,S3038,J24,2026-03-30 12:00,Study,6,0,1,0,https://malegislature.gov/Bills/194/S3038
194,S3046,J11,2026-04-06 15:30,Ought to pass – by substitution of a New Draft,5,0,1,0,https://malegislature.gov/Bills/194/S3046
194,S3047,J11,2026-04-06 15:30,Study,6,0,0,0,https://malegislature.gov/Bills/194/S3047
194,S3048,J11,2026-04-06 16:30,Ought to pass – by substitution of a New Draft,4,0,2,0,https://malegislature.gov/Bills/194/S3048
194,S3049,J11,2026-04-06 16:30,Study,4,1,1,0,https://malegislature.gov/Bills/194/S3049
194,S3051,J23,2026-07-30 14:30,Ought to pass,6,0,0,0,https://malegislature.gov/Bills/194/S3051
194,S3052,J21,2026-04-10 12:00,Ought to pass – by substitution of a New Draft,6,0,0,0,https://malegislature.gov/Bills/194/S3052
194,S3055,J10,2026-06-11 14:00,Ought to pass,6,0,0,0,https://malegislature.gov/Bills/194/S3055
194,S3057,J46,2026-06-12 12:00,Ought to pass,6,0,0,0,https://malegislature.gov/Bills/194/S3057
194,S3058,J25,2026-04-10 14:30,Ought to pass,5,0,0,1,https://malegislature.gov/Bills/194/S3058
194,S3061,J25,2026-05-21 18:00,Ought to pass,6,0,0,0,https://malegislature.gov/Bills/194/S3061
194,S3061,S30,2026-08-10 11:30,Ought to pass with an amendment - New Draft,18,0,0,0,https://malegislature.gov/Bills/194/S3061
194,S3062,J17,2026-04-22 15:00,Redraft,5,0,1,0,https://malegislature.gov/Bills/194/S3062
194,S3063,J17,2026-04-22 15:00,Study,5,0,1,0,https://malegislature.gov/Bills/194/S3063
194,S3064,H34,2026-06-16 10:45,S.3064 “An Act to build resilience for Massachusetts communities” as amended,21,0,8,5,https://malegislature.gov/Bills/194/S3064
194,S3067,J24,2026-04-28 12:00,Study,6,0,1,0,https://malegislature.gov/Bills/194/S3067
194,S307,J12,2026-03-06 10:00,Ought to pass,6,0,0,1,https://malegislature.gov/Bills/194/S307
194,S3071,J24,2026-04-28 12:00,Ought to pass with an amendment - New Draft,6,0,1,0,https://malegislature.gov/Bills/194/S3071
194,S3073,J25,2026-05-21 18:00,Ought to pass,6,0,0,0,https://malegislature.gov/Bills/194/S3073
194,S3074,J22,2026-04-30 16:00,Redraft,6,0,0,1,https://malegislature.gov/Bills/194/S3074
194,S3075,J22,2026-04-30 16:00,Redraft,6,0,0,1,https://malegislature.gov/Bills/194/S3075
194,S3076,J43,2026-05-01 11:30,Redraft,6,0,0,0,https://malegislature.gov/Bills/194/S3076
194,S3078,J11,2026-05-04 15:30,Study,6,0,0,0,https://malegislature.gov/Bills/194/S3078
194,S3084,J10,2026-07-09 14:00,Ought to pass,6,0,0,0,https://malegislature.gov/Bills/194/S3084
194,S3087,J10,2026-07-09 14:00,Ought to pass,6,0,0,0,https://malegislature.gov/Bills/194/S3087
194,S3088,J10,2026-07-09 14:00,Ought to pass,6,0,0,0,https://malegislature.gov/Bills/194/S3088
194,S3089,J27,2026-07-10 16:00,Ought to pass,7,0,0,0,https://malegislature.gov/Bills/194/S3089
194,S309,J14,2025-12-03 14:00,Study,5,0,1,0,https://malegislature.gov/Bills/194/S309
194,S3092,J10,2026-07-09 14:00,Ought to pass,6,0,0,0,https://malegislature.gov/Bills/194/S3092
194,S3092,S29,2026-07-28 16:00,Placed in the Orders of the Day,6,0,1,0,https://malegislature.gov/Bills/194/S3092
194,S3093,J21,2026-07-09 14:00,Ought to pass,6,0,0,0,https://malegislature.gov/Bills/194/S3093
194,S3094,J17,2026-07-13 12:00,Ought to pass,6,0,0,0,https://malegislature.gov/Bills/194/S3094
194,S3097,J10,2026-07-09 14:00,Ought to pass,6,0,0,0,https://malegislature.gov/Bills/194/S3097
194,S3098,J10,2026-07-09 14:00,Ought to pass,6,0,0,0,https://malegislature.gov/Bills/194/S3098
194,S31,J33,2025-07-21 17:00,Ought to pass,6,0,0,0,https://malegislature.gov/Bills/194/S31
194,S310,J14,2025-12-03 14:00,Study,5,0,1,0,https://malegislature.gov/Bills/194/S310
194,S3106,H34,2026-06-30 10:45,S.3106 “An Act relative to toxic-free medical devices” as amended,29,0,0,5,https://malegislature.gov/Bills/194/S3106
194,S311,J14,2025-09-17 16:00,Ought to pass,6,0,0,0,https://malegislature.gov/Bills/194/S311
194,S3110,J21,2026-07-09 14:00,Ought to pass,6,0,0,0,https://malegislature.gov/Bills/194/S3110
194,S3112,J12,2026-07-01 10:00,Ought to pass,7,0,0,0,https://malegislature.gov/Bills/194/S3112
194,S3113,J11,2026-06-05 15:30,Study,6,0,0,0,https://malegislature.gov/Bills/194/S3113
194,S3117,J21,2026-07-09 14:00,Ought to pass,6,0,0,0,https://malegislature.gov/Bills/194/S3117
194,S3118,J10,2026-07-23 12:00,Ought to pass,6,0,0,0,https://malegislature.gov/Bills/194/S3118
194,S312,J14,2025-07-16 14:00,Ought to pass,6,0,0,0,https://malegislature.gov/Bills/194/S312
194,S3120,J23,2026-07-30 14:30,Ought to pass,6,0,0,0,https://malegislature.gov/Bills/194/S3120
194,S3122,J46,2026-06-12 12:00,Ought to pass – by substitution of a New Draft,6,0,0,0,https://malegislature.gov/Bills/194/S3122
194,S3124,J24,2026-06-12 17:00,Study,6,0,1,0,https://malegislature.gov/Bills/194/S3124
194,S3126,J22,2026-06-15 15:00,Study,6,0,1,0,https://malegislature.gov/Bills/194/S3126
194,S3128,J23,2026-06-15 12:00,Study,4,2,0,0,https://malegislature.gov/Bills/194/S3128
194,S313,J14,2025-11-26 11:00,Ought to pass,6,0,0,0,https://malegislature.gov/Bills/194/S313
194,S3130,J26,2026-06-15 16:15,Study,5,0,1,0,https://malegislature.gov/Bills/194/S3130
194,S3131,J26,2026-06-15 16:15,Redraft,5,0,1,0,https://malegislature.gov/Bills/194/S3131
194,S3132,J26,2026-06-15 16:15,Redraft,5,0,1,0,https://malegislature.gov/Bills/194/S3132
194,S3134,J25,2025-12-03 14:00,Ought to pass – by substitution of a New Draft,5,0,0,1,https://malegislature.gov/Bills/194/S3134
194,S3134,J25,2026-06-17 12:00,Ought to pass – by substitution of a New Draft,6,0,0,0,https://malegislature.gov/Bills/194/S3134
194,S3136,J31,2026-06-17 13:00,Study,4,2,0,0,https://malegislature.gov/Bills/194/S3136
194,S3137,J21,2026-07-09 14:00,Ought to pass,5,0,1,0,https://malegislature.gov/Bills/194/S3137
194,S3138,J10,2026-07-23 12:00,Ought to pass,6,0,0,0,https://malegislature.gov/Bills/194/S3138
194,S3139,J23,2026-07-30 14:30,Ought to pass,6,0,0,0,https://malegislature.gov/Bills/194/S3139
194,S3141,H34,2026-07-29 10:45,S.3141 “An Act relative to primary care for you” as amended,19,0,8,7,https://malegislature.gov/Bills/194/S3141
194,S3144,J10,2026-07-23 12:00,Ought to pass,6,0,0,0,https://malegislature.gov/Bills/194/S3144
194,S3147,J10,2026-07-23 12:00,Ought to pass,6,0,0,0,https://malegislature.gov/Bills/194/S3147
194,S3148,J15,2026-07-29 12:00,Ought to pass,17,0,0,0,https://malegislature.gov/Bills/194/S3148
194,S315,J14,2025-09-17 16:00,Ought to pass,5,0,1,0,https://malegislature.gov/Bills/194/S315
194,S3150,J26,2026-06-25 12:00,Redraft,3,0,3,0,https://malegislature.gov/Bills/194/S3150
194,S3151,J18,2026-06-26 13:00,Study,5,0,2,0,https://malegislature.gov/Bills/194/S3151
194,S3152,J21,2026-06-26 12:00,Ought to pass – by substitution of a New Draft,5,0,1,0,https://malegislature.gov/Bills/194/S3152
194,S3153,J21,2026-06-26 12:00,Ought to pass – by substitution of a New Draft,6,0,0,0,https://malegislature.gov/Bills/194/S3153
194,S3154,J21,2026-06-26 12:00,Ought to pass – by substitution of a New Draft,6,0,0,0,https://malegislature.gov/Bills/194/S3154
194,S3155,J23,2026-07-30 14:30,Ought to pass,6,0,0,0,https://malegislature.gov/Bills/194/S3155
194,S3156,J21,2026-06-29 17:00,Study,5,0,1,0,https://malegislature.gov/Bills/194/S3156
194,S3157,J10,2026-06-29 17:00,Ought to pass – by substitution of a New Draft,3,0,3,0,https://malegislature.gov/Bills/194/S3157
194,S3158,J19,2026-06-29 10:00,Redraft,5,1,0,0,https://malegislature.gov/Bills/194/S3158
194,S3159,J19,2026-06-29 10:00,Favorable with changes,4,1,1,0,https://malegislature.gov/Bills/194/S3159
194,S3161,J10,2026-06-30 15:00,Ought to pass – by substitution of a New Draft,3,0,3,0,https://malegislature.gov/Bills/194/S3161
194,S3165,J23,2026-07-30 14:30,Ought to pass,6,0,0,0,https://malegislature.gov/Bills/194/S3165
194,S3168,J27,2026-07-06 12:55,Ought to pass – by substitution of a New Draft,7,0,0,0,https://malegislature.gov/Bills/194/S3168
194,S3169,J27,2026-07-17 16:00,Ought to pass,7,0,0,0,https://malegislature.gov/Bills/194/S3169
194,S3176,J24,2026-07-10 17:00,Study,6,0,1,0,https://malegislature.gov/Bills/194/S3176
194,S3177,J17,2026-07-13 12:00,Study,5,0,1,0,https://malegislature.gov/Bills/194/S3177
194,S3179,J11,2026-07-10 16:00,Ought to pass – by substitution of a New Draft,5,0,1,0,https://malegislature.gov/Bills/194/S3179
194,S3187,J25,2026-07-28 16:00,Ought to pass,5,0,1,0,https://malegislature.gov/Bills/194/S3187
194,S3188,H34,2026-07-31 18:10,S.3188 “An Act authorizing the Buzzards Bay Water District to convey non-exclusive easements over a certain parcel of land” as amended,23,0,0,11,https://malegislature.gov/Bills/194/S3188
194,S3188,J10,2026-07-23 12:00,Ought to pass,6,0,0,0,https://malegislature.gov/Bills/194/S3188
194,S3189,J25,2026-07-28 16:00,Ought to pass,6,0,0,0,https://malegislature.gov/Bills/194/S3189
194,S319,J14,2025-12-03 14:00,Study,5,0,1,0,https://malegislature.gov/Bills/194/S319
194,S3190,J17,2026-07-20 14:00,Redraft,5,0,1,0,https://malegislature.gov/Bills/194/S3190
194,S3191,J24,2026-07-20 17:00,Study,5,1,1,0,https://malegislature.gov/Bills/194/S3191
194,S3192,J19,2026-07-14 10:30,Study,5,0,1,0,https://malegislature.gov/Bills/194/S3192
194,S3193,J19,2026-07-14 10:30,Favorable with changes,6,0,0,0,https://malegislature.gov/Bills/194/S3193
194,S3197,J16,2026-07-21 12:00,"Redraft, carrying S.1485",3,0,2,1,https://malegislature.gov/Bills/194/S3197
194,S3198,J16,2026-07-21 12:00,"Redraft, carrying S.1558",4,0,1,1,https://malegislature.gov/Bills/194/S3198
194,S3199,J19,2026-02-27 17:00,Study,3,0,1,2,https://malegislature.gov/Bills/194/S3199
194,S32,J33,2025-10-07 17:00,Study,6,0,0,0,https://malegislature.gov/Bills/194/S32
194,S320,J14,2025-12-03 14:00,Ought to pass,6,0,0,0,https://malegislature.gov/Bills/194/S320
194,S321,J14,2026-07-30 14:00,Study,5,0,1,0,https://malegislature.gov/Bills/194/S321
194,S3230,H34,2026-07-31 18:10,S.3230 “An Act authorizing the Massachusetts Department of Transportation to acquire interests in certain portions of land owned by the town of Andover which were acquired by the town for Article XCVI,23,0,0,11,https://malegislature.gov/Bills/194/S3230
194,S3230,J25,2026-07-30 17:30,Ought to pass,6,0,0,0,https://malegislature.gov/Bills/194/S3230
194,S3232,J19,2026-07-29 10:00,Redraft,5,0,0,1,https://malegislature.gov/Bills/194/S3232
194,S3235,H34,2026-07-31 18:10,S.3235 “An Act relative to the Pilgrim Memorial Park in Plymouth” as amended,23,0,0,11,https://malegislature.gov/Bills/194/S3235
194,S3236,H34,2026-07-31 18:10,S.3236 “An Act authorizing the Massachusetts Department of Fish and Game to convey easements over certain parcels of land” as amended,23,0,0,11,https://malegislature.gov/Bills/194/S3236
194,S3237,H34,2026-07-31 18:10,S.3237 “An Act authorizing the town of Bourne to convey a right-of-way and easement” as amended,23,0,0,11,https://malegislature.gov/Bills/194/S3237
194,S3238,J14,2026-07-30 14:00,Study,5,0,1,0,https://malegislature.gov/Bills/194/S3238
194,S3239,J14,2026-07-30 14:00,Ought to pass – by substitution of a New Draft,5,0,1,0,https://malegislature.gov/Bills/194/S3239
194,S324,J14,2026-07-30 14:00,Study,5,0,1,0,https://malegislature.gov/Bills/194/S324
194,S3240,J43,2026-07-29 15:00,Ought to pass – by substitution of a New Draft,6,0,0,0,https://malegislature.gov/Bills/194/S3240
194,S3243,J25,2026-07-30 17:30,Study,5,0,0,1,https://malegislature.gov/Bills/194/S3243
194,S3245,J27,2026-07-31 13:00,Study,6,0,1,0,https://malegislature.gov/Bills/194/S3245
194,S3246,J11,2026-07-31 16:00,Study,4,0,2,0,https://malegislature.gov/Bills/194/S3246
194,S325,J14,2026-07-30 14:00,Study,5,0,1,0,https://malegislature.gov/Bills/194/S325
194,S327,J14,2025-12-03 14:00,Study,5,0,1,0,https://malegislature.gov/Bills/194/S327
194,S331,J14,2026-07-30 14:00,Study,5,0,1,0,https://malegislature.gov/Bills/194/S331
194,S334,J14,2025-09-17 16:00,Ought to pass,6,0,0,0,https://malegislature.gov/Bills/194/S334
194,S339,J14,2025-12-03 14:00,Study,5,0,1,0,https://malegislature.gov/Bills/194/S339
194,S34,J33,2025-10-07 17:00,Ought to pass,6,0,0,0,https://malegislature.gov/Bills/194/S34
194,S340,J14,2025-10-30 16:00,"Should S340 be reported favorably to the House, accompanied by S336?",5,0,1,0,https://malegislature.gov/Bills/194/S340
194,S342,J14,2025-09-17 16:00,Ought to pass,6,0,0,0,https://malegislature.gov/Bills/194/S342
194,S343,J14,2025-12-03 14:00,Study,5,0,1,0,https://malegislature.gov/Bills/194/S343
194,S344,J14,2025-12-03 14:00,Study,5,0,1,0,https://malegislature.gov/Bills/194/S344
194,S346,J14,2025-12-03 14:00,Study,4,0,2,0,https://malegislature.gov/Bills/194/S346
194,S349,J14,2025-12-03 14:00,Study,5,0,1,0,https://malegislature.gov/Bills/194/S349
194,S35,J33,2025-10-07 17:00,Ought to pass,6,0,0,0,https://malegislature.gov/Bills/194/S35
194,S350,J14,2025-07-16 14:00,Ought Not to pass,5,0,1,0,https://malegislature.gov/Bills/194/S350
194,S351,J14,2025-09-17 16:00,Ought to pass,6,0,0,0,https://malegislature.gov/Bills/194/S351
194,S353,J14,2025-12-03 14:00,Study,5,0,1,0,https://malegislature.gov/Bills/194/S353
194,S355,J14,2025-12-03 14:00,Study,5,0,1,0,https://malegislature.gov/Bills/194/S355
194,S356,J14,2025-12-03 14:00,Study,5,0,1,0,https://malegislature.gov/Bills/194/S356
194,S357,J14,2025-09-17 16:00,Ought to pass,6,0,0,0,https://malegislature.gov/Bills/194/S357
194,S360,J14,2025-12-03 14:00,Study,5,0,1,0,https://malegislature.gov/Bills/194/S360
194,S361,J14,2025-09-17 16:00,Ought to pass,6,0,0,0,https://malegislature.gov/Bills/194/S361
194,S362,J14,2025-12-03 14:00,Study,5,0,1,0,https://malegislature.gov/Bills/194/S362
194,S364,J14,2025-07-16 14:00,Ought to pass,6,0,0,0,https://malegislature.gov/Bills/194/S364
194,S365,J14,2025-12-03 14:00,Study,5,0,1,0,https://malegislature.gov/Bills/194/S365
194,S367,J14,2025-12-03 14:00,Study,5,0,1,0,https://malegislature.gov/Bills/194/S367
194,S368,J14,2026-02-02 12:00,"Ought to pass – by substitution of a New Draft, accompanied by S359, S376, S380, S387",5,0,0,1,https://malegislature.gov/Bills/194/S368
194,S370,J14,2025-12-03 14:00,Study,5,0,1,0,https://malegislature.gov/Bills/194/S370
194,S372,J14,2025-12-03 14:00,Study,5,0,1,0,https://malegislature.gov/Bills/194/S372
194,S373,J14,2025-09-17 16:00,Ought to pass,6,0,0,0,https://malegislature.gov/Bills/194/S373
194,S374,J14,2026-07-30 14:00,Study,5,0,1,0,https://malegislature.gov/Bills/194/S374
194,S375,J14,2025-12-03 14:00,Study,5,0,1,0,https://malegislature.gov/Bills/194/S375
194,S379,J14,2025-11-26 11:00,Ought to pass,6,0,0,0,https://malegislature.gov/Bills/194/S379
194,S38,J33,2025-10-07 17:00,Ought to pass,6,0,0,0,https://malegislature.gov/Bills/194/S38
194,S386,J14,2025-12-03 14:00,Study,5,0,1,0,https://malegislature.gov/Bills/194/S386
194,S391,J14,2025-10-30 16:00,"Should S391 be reported favorably to the House, accompanied by S410?",6,0,0,0,https://malegislature.gov/Bills/194/S391
194,S392,J14,2025-10-30 16:00,Should S392 be reported favorably to the House?,6,0,0,0,https://malegislature.gov/Bills/194/S392
194,S395,J21,2025-10-29 15:00,Study,5,0,0,0,https://malegislature.gov/Bills/194/S395
194,S397,J14,2025-07-16 14:00,Ought Not to pass,6,0,0,0,https://malegislature.gov/Bills/194/S397
194,S398,J14,2026-07-30 14:00,Study,5,0,1,0,https://malegislature.gov/Bills/194/S398
194,S399,J14,2025-09-17 16:00,Ought to pass,6,0,0,0,https://malegislature.gov/Bills/194/S399
194,S400,J14,2025-09-17 16:00,Ought to pass,6,0,0,0,https://malegislature.gov/Bills/194/S400
194,S403,J14,2025-09-17 16:00,Ought to pass,6,0,0,0,https://malegislature.gov/Bills/194/S403
194,S405,J14,2025-09-17 16:00,Ought to pass,6,0,0,0,https://malegislature.gov/Bills/194/S405
194,S408,J14,2025-12-03 14:00,Study,5,0,1,0,https://malegislature.gov/Bills/194/S408
194,S409,J14,2025-11-26 11:00,Ought to pass,6,0,0,0,https://malegislature.gov/Bills/194/S409
194,S417,J14,2025-12-03 14:00,Study,5,0,1,0,https://malegislature.gov/Bills/194/S417
194,S418,J14,2025-12-03 14:00,Ought to pass,6,0,0,0,https://malegislature.gov/Bills/194/S418
194,S419,J14,2025-12-03 14:00,Study,5,0,1,0,https://malegislature.gov/Bills/194/S419
194,S420,J14,2025-07-16 14:00,Ought to pass,6,0,0,0,https://malegislature.gov/Bills/194/S420
194,S421,J14,2026-07-30 14:00,Study,5,0,1,0,https://malegislature.gov/Bills/194/S421
194,S423,J14,2026-07-30 14:00,Study,5,0,1,0,https://malegislature.gov/Bills/194/S423
194,S426,J14,2026-07-30 14:00,Study,5,0,1,0,https://malegislature.gov/Bills/194/S426
194,S427,J14,2026-07-30 14:00,Study,5,0,1,0,https://malegislature.gov/Bills/194/S427
194,S429,J14,2025-12-03 14:00,Study,5,0,1,0,https://malegislature.gov/Bills/194/S429
194,S431,J14,2026-07-30 14:00,Study,5,0,1,0,https://malegislature.gov/Bills/194/S431
194,S434,J14,2025-12-03 14:00,Study,5,0,1,0,https://malegislature.gov/Bills/194/S434
194,S435,J14,2025-12-03 14:00,Ought to pass,6,0,0,0,https://malegislature.gov/Bills/194/S435
194,S436,J14,2025-07-16 14:00,Ought to pass – by substitution of a New Draft,5,0,1,0,https://malegislature.gov/Bills/194/S436
194,S437,J14,2025-12-03 14:00,Study,5,0,1,0,https://malegislature.gov/Bills/194/S437
194,S438,J14,2026-07-30 14:00,Study,5,0,1,0,https://malegislature.gov/Bills/194/S438
194,S439,J14,2026-07-30 14:00,Study,5,0,1,0,https://malegislature.gov/Bills/194/S439
194,S445,J14,2025-12-03 14:00,Study,5,0,1,0,https://malegislature.gov/Bills/194/S445
194,S446,J14,2025-12-03 14:00,Study,5,0,1,0,https://malegislature.gov/Bills/194/S446
194,S448,J14,2025-12-03 14:00,Ought to pass,6,0,0,0,https://malegislature.gov/Bills/194/S448
194,S449,J14,2025-12-03 14:00,Study,5,0,1,0,https://malegislature.gov/Bills/194/S449
194,S450,J14,2025-12-03 14:00,Study,5,0,1,0,https://malegislature.gov/Bills/194/S450
194,S451,J14,2025-12-03 14:00,Study,5,0,1,0,https://malegislature.gov/Bills/194/S451
194,S453,J14,2025-12-03 14:00,Study,5,0,1,0,https://malegislature.gov/Bills/194/S453
194,S458,J14,2026-07-30 14:00,Study,5,0,1,0,https://malegislature.gov/Bills/194/S458
194,S462,J14,2025-12-03 14:00,Study,5,0,1,0,https://malegislature.gov/Bills/194/S462
194,S465,J46,2025-07-11 13:00,Ought to pass,5,0,1,0,https://malegislature.gov/Bills/194/S465
194,S466,J46,2025-11-25 12:00,Ought to pass,5,0,0,1,https://malegislature.gov/Bills/194/S466
194,S471,J46,2025-07-10 14:00,Ought to pass,6,0,0,0,https://malegislature.gov/Bills/194/S471
194,S472,J46,2025-07-11 13:00,Ought to pass,5,0,1,0,https://malegislature.gov/Bills/194/S472
194,S473,J46,2025-07-10 14:00,Favorable with changes,6,0,0,0,https://malegislature.gov/Bills/194/S473
194,S473,S29,2025-11-07 16:00,Placed in the Orders of the Day with an amendment,6,0,1,0,https://malegislature.gov/Bills/194/S473
194,S474,J24,2025-11-03 12:00,Ought to pass,6,0,1,0,https://malegislature.gov/Bills/194/S474
194,S474,J46,2025-09-15 12:00,Ought to pass,5,0,0,1,https://malegislature.gov/Bills/194/S474
194,S475,J46,2025-07-11 17:00,Ought to pass,6,0,0,0,https://malegislature.gov/Bills/194/S475
194,S478,J46,2026-03-06 17:00,Favorable with changes,5,0,0,1,https://malegislature.gov/Bills/194/S478
194,S484,J24,2025-09-19 17:00,Ought to pass,6,0,1,0,https://malegislature.gov/Bills/194/S484
194,S484,J46,2025-07-10 14:00,Ought to pass,5,0,1,0,https://malegislature.gov/Bills/194/S484
194,S486,J46,2026-03-06 17:00,Ought to pass,5,0,0,1,https://malegislature.gov/Bills/194/S486
194,S489,J46,2025-07-10 14:00,Ought to pass,6,0,0,0,https://malegislature.gov/Bills/194/S489
194,S497,J15,2025-07-24 17:00,Ought to pass,6,0,0,0,https://malegislature.gov/Bills/194/S497
194,S498,J15,2025-10-14 09:00,Ought to pass,5,0,1,0,https://malegislature.gov/Bills/194/S498
194,S499,J15,2025-11-12 12:00,Ought to pass,5,1,0,0,https://malegislature.gov/Bills/194/S499
194,S50,J14,2025-11-26 11:00,Ought to pass,6,0,0,0,https://malegislature.gov/Bills/194/S50
194,S503,J15,2025-11-12 12:00,Ought to pass,5,1,0,0,https://malegislature.gov/Bills/194/S503
194,S504,J15,2025-11-12 12:00,Ought to pass,5,0,1,0,https://malegislature.gov/Bills/194/S504
194,S505,J15,2025-11-12 12:00,Ought to pass,5,1,0,0,https://malegislature.gov/Bills/194/S505
194,S506,J15,2025-11-12 12:00,Ought to pass,5,1,0,0,https://malegislature.gov/Bills/194/S506
194,S507,J15,2025-11-12 12:00,Ought to pass,5,0,1,0,https://malegislature.gov/Bills/194/S507
194,S507,S30,2026-01-08 16:45,Ought to pass – by substitution of a New Draft,15,0,2,1,https://malegislature.gov/Bills/194/S507
194,S509,J15,2025-07-24 17:00,Ought to pass,6,0,0,0,https://malegislature.gov/Bills/194/S509
194,S51,J33,2025-10-07 17:00,Ought to pass,5,0,1,0,https://malegislature.gov/Bills/194/S51
194,S511,J15,2025-11-12 12:00,Study,4,2,0,0,https://malegislature.gov/Bills/194/S511
194,S514,J15,2025-07-24 17:00,Ought to pass,6,0,0,0,https://malegislature.gov/Bills/194/S514
194,S516,J15,2025-07-24 17:00,Ought to pass,4,0,2,0,https://malegislature.gov/Bills/194/S516
194,S517,J15,2025-10-14 09:00,Ought to pass,5,0,1,0,https://malegislature.gov/Bills/194/S517
194,S52,J45,2025-08-20 17:00,Ought to pass,5,0,1,0,https://malegislature.gov/Bills/194/S52
194,S522,J15,2025-07-24 17:00,Ought to pass,5,0,1,0,https://malegislature.gov/Bills/194/S522
194,S523,J15,2025-11-12 12:00,Study,5,1,0,0,https://malegislature.gov/Bills/194/S523
194,S524,J15,2025-10-14 09:00,Ought to pass,5,1,0,0,https://malegislature.gov/Bills/194/S524
194,S525,J15,2025-11-12 12:00,Ought to pass,6,0,0,0,https://malegislature.gov/Bills/194/S525
194,S526,J15,2025-07-24 17:00,Ought to pass,5,0,1,0,https://malegislature.gov/Bills/194/S526
194,S527,J15,2025-07-24 17:00,Ought to pass,5,0,1,0,https://malegislature.gov/Bills/194/S527
194,S528,J15,2025-10-14 09:00,Ought to pass,5,0,1,0,https://malegislature.gov/Bills/194/S528
194,S53,J45,2025-08-20 17:00,Ought to pass,5,0,1,0,https://malegislature.gov/Bills/194/S53
194,S530,J15,2025-11-12 12:00,Ought to pass,5,1,0,0,https://malegislature.gov/Bills/194/S530
194,S533,J15,2025-11-12 12:00,Ought to pass,5,0,1,0,https://malegislature.gov/Bills/194/S533
194,S535,J15,2025-07-24 17:00,Ought to pass,6,0,0,0,https://malegislature.gov/Bills/194/S535
194,S536,J15,2025-07-24 17:00,Ought to pass,5,1,0,0,https://malegislature.gov/Bills/194/S536
194,S537,J52,2025-12-02 16:30,Ought to pass,5,0,1,0,https://malegislature.gov/Bills/194/S537
194,S538,J52,2025-12-02 16:30,Ought to pass,5,0,1,0,https://malegislature.gov/Bills/194/S538
194,S539,J52,2025-12-02 16:30,Study,6,0,0,0,https://malegislature.gov/Bills/194/S539
194,S540,J52,2025-12-02 16:30,Ought to pass,5,0,1,0,https://malegislature.gov/Bills/194/S540
194,S541,J52,2025-12-02 16:30,Ought to pass,5,0,1,0,https://malegislature.gov/Bills/194/S541
194,S544,J21,2025-10-29 15:00,Ought to pass,5,0,0,0,https://malegislature.gov/Bills/194/S544
194,S545,S29,2026-07-08 17:00,Placed in the Orders of the Day,7,0,0,0,https://malegislature.gov/Bills/194/S545
194,S546,J21,2025-07-29 12:00,Ought to pass,5,0,1,0,https://malegislature.gov/Bills/194/S546
194,S549,J21,2026-06-29 17:00,Ought to pass,6,0,0,0,https://malegislature.gov/Bills/194/S549
194,S552,J21,2025-11-03 17:00,Ought to pass,5,0,0,0,https://malegislature.gov/Bills/194/S552
194,S553,J21,2025-10-16 14:00,Ought to pass,5,0,0,0,https://malegislature.gov/Bills/194/S553
194,S555,J21,2025-07-29 12:00,Ought to pass,6,0,0,0,https://malegislature.gov/Bills/194/S555
194,S557,J21,2025-11-14 12:00,Ought to pass,5,0,0,0,https://malegislature.gov/Bills/194/S557
194,S558,J21,2025-09-16 14:00,Ought to pass,6,0,0,0,https://malegislature.gov/Bills/194/S558
194,S559,J21,2025-10-16 14:00,Ought to pass,4,0,1,0,https://malegislature.gov/Bills/194/S559
194,S563,J21,2025-10-29 15:00,Study,4,0,0,1,https://malegislature.gov/Bills/194/S563
194,S564,J21,2025-07-29 12:00,Ought to pass,6,0,0,0,https://malegislature.gov/Bills/194/S564
194,S564,S29,2026-07-08 17:00,Placed in the Orders of the Day,7,0,0,0,https://malegislature.gov/Bills/194/S564
194,S565,J21,2025-11-14 12:00,Ought to pass,4,0,1,0,https://malegislature.gov/Bills/194/S565
194,S566,J21,2025-11-14 12:00,Ought to pass,5,0,0,0,https://malegislature.gov/Bills/194/S566
194,S567,J21,2025-11-03 17:00,Ought to pass,4,0,1,0,https://malegislature.gov/Bills/194/S567
194,S568,J21,2025-10-16 14:00,Ought to pass,4,0,1,0,https://malegislature.gov/Bills/194/S568
194,S569,J21,2025-10-16 14:00,Ought to pass,5,0,0,0,https://malegislature.gov/Bills/194/S569
194,S57,J45,2025-08-20 17:00,Ought to pass,6,0,0,0,https://malegislature.gov/Bills/194/S57
194,S570,J21,2025-09-16 14:00,Ought to pass,6,0,0,0,https://malegislature.gov/Bills/194/S570
194,S571,J21,2025-09-16 14:00,Ought to pass,6,0,0,0,https://malegislature.gov/Bills/194/S571
194,S572,J21,2025-09-16 14:00,Ought to pass,5,0,1,0,https://malegislature.gov/Bills/194/S572
194,S573,J21,2025-10-29 15:00,Study,5,0,0,0,https://malegislature.gov/Bills/194/S573
194,S576,J21,2025-10-29 15:00,Study,5,0,0,0,https://malegislature.gov/Bills/194/S576
194,S577,J21,2025-10-29 15:00,Ought to pass,5,0,0,0,https://malegislature.gov/Bills/194/S577
194,S578,J21,2025-10-29 15:00,Study,4,1,0,0,https://malegislature.gov/Bills/194/S578
194,S579,J21,2025-11-10 11:00,Ought to pass,5,0,0,0,https://malegislature.gov/Bills/194/S579
194,S58,J45,2025-10-07 14:30,Ought to pass,6,0,0,0,https://malegislature.gov/Bills/194/S58
194,S580,J21,2025-10-29 15:00,Study,4,1,0,0,https://malegislature.gov/Bills/194/S580
194,S581,J21,2025-11-10 11:00,Ought to pass,5,0,0,0,https://malegislature.gov/Bills/194/S581
194,S583,J21,2025-11-10 11:00,Study,5,0,0,0,https://malegislature.gov/Bills/194/S583
194,S584,J21,2025-07-29 12:00,Ought to pass,5,0,1,0,https://malegislature.gov/Bills/194/S584
194,S585,J21,2025-10-29 15:00,Study,5,0,0,0,https://malegislature.gov/Bills/194/S585
194,S588,J21,2025-11-14 12:00,Study,2,1,2,0,https://malegislature.gov/Bills/194/S588
194,S59,J45,2025-08-20 17:00,Ought to pass,6,0,0,0,https://malegislature.gov/Bills/194/S59
194,S593,J21,2025-11-14 12:00,Study,5,0,0,0,https://malegislature.gov/Bills/194/S593
194,S594,J21,2025-10-29 15:00,Study,4,1,0,0,https://malegislature.gov/Bills/194/S594
194,S595,J21,2025-10-29 15:00,Ought to pass,5,0,0,0,https://malegislature.gov/Bills/194/S595
194,S596,J21,2025-10-29 15:00,Study,5,0,0,0,https://malegislature.gov/Bills/194/S596
194,S60,J45,2025-10-07 14:30,Ought to pass,5,0,1,0,https://malegislature.gov/Bills/194/S60
194,S601,J21,2025-10-29 15:00,Study,5,0,0,0,https://malegislature.gov/Bills/194/S601
194,S604,J21,2025-10-16 14:00,Ought to pass,5,0,0,0,https://malegislature.gov/Bills/194/S604
194,S607,J21,2025-11-03 17:00,Ought to pass,5,0,0,0,https://malegislature.gov/Bills/194/S607
194,S61,J45,2025-10-07 14:30,Ought to pass,6,0,0,0,https://malegislature.gov/Bills/194/S61
194,S610,J21,2025-07-29 12:00,Ought to pass,5,0,1,0,https://malegislature.gov/Bills/194/S610
194,S613,J21,2025-10-29 15:00,Study,5,0,0,0,https://malegislature.gov/Bills/194/S613
194,S614,J21,2025-10-29 15:00,Study,5,0,0,0,https://malegislature.gov/Bills/194/S614
194,S615,J21,2025-07-29 12:00,Ought to pass,6,0,0,0,https://malegislature.gov/Bills/194/S615
194,S616,J21,2025-10-29 15:00,Ought to pass,5,0,0,0,https://malegislature.gov/Bills/194/S616
194,S617,J21,2025-11-03 17:00,Ought to pass,5,0,0,0,https://malegislature.gov/Bills/194/S617
194,S619,J21,2025-10-29 15:00,Ought to pass,5,0,0,0,https://malegislature.gov/Bills/194/S619
194,S620,S30,2026-02-23 11:00,Ought to pass – by substitution of a New Draft,16,0,2,0,https://malegislature.gov/Bills/194/S620
194,S622,J21,2025-09-16 14:00,Ought to pass,5,0,1,0,https://malegislature.gov/Bills/194/S622
194,S624,J21,2025-10-29 15:00,Study,5,0,0,0,https://malegislature.gov/Bills/194/S624
194,S625,J21,2025-11-03 17:00,Ought to pass,4,0,1,0,https://malegislature.gov/Bills/194/S625
194,S626,J21,2025-10-29 15:00,Study,5,0,0,0,https://malegislature.gov/Bills/194/S626
194,S627,J21,2025-07-29 12:00,Ought to pass,5,0,1,0,https://malegislature.gov/Bills/194/S627
194,S628,J21,2025-11-03 17:00,Ought to pass,5,0,0,0,https://malegislature.gov/Bills/194/S628
194,S63,J45,2025-08-20 17:00,Ought to pass,5,0,1,0,https://malegislature.gov/Bills/194/S63
194,S632,J21,2025-10-16 14:00,Ought to pass,4,0,1,0,https://malegislature.gov/Bills/194/S632
194,S633,J21,2025-11-10 11:00,Ought to pass,5,0,0,0,https://malegislature.gov/Bills/194/S633
194,S634,J21,2025-11-14 12:00,Study,5,0,0,0,https://malegislature.gov/Bills/194/S634
194,S635,J21,2025-10-29 15:00,Study,5,0,0,0,https://malegislature.gov/Bills/194/S635
194,S636,J21,2025-11-10 11:00,Study,5,0,0,0,https://malegislature.gov/Bills/194/S636
194,S637,J21,2025-10-29 15:00,Study,5,0,0,0,https://malegislature.gov/Bills/194/S637
194,S638,J21,2025-07-29 12:00,Ought to pass,6,0,0,0,https://malegislature.gov/Bills/194/S638
194,S639,J21,2025-10-29 15:00,Ought to pass,5,0,0,0,https://malegislature.gov/Bills/194/S639
194,S640,J21,2025-10-29 15:00,Ought to pass,5,0,0,0,https://malegislature.gov/Bills/194/S640
194,S641,J21,2025-10-29 15:00,Study,5,0,0,0,https://malegislature.gov/Bills/194/S641
194,S642,J21,2025-10-29 15:00,Study,4,1,0,0,https://malegislature.gov/Bills/194/S642
194,S645,J21,2025-11-14 12:00,Study,5,0,0,0,https://malegislature.gov/Bills/194/S645
194,S646,J21,2025-11-14 12:00,Study,4,1,0,0,https://malegislature.gov/Bills/194/S646
194,S648,J21,2025-10-29 15:00,Study,4,1,0,0,https://malegislature.gov/Bills/194/S648
194,S649,J21,2025-11-14 12:00,Study,5,0,0,0,https://malegislature.gov/Bills/194/S649
194,S65,J45,2025-10-07 14:30,Ought to pass,5,0,1,0,https://malegislature.gov/Bills/194/S65
194,S652,J21,2025-07-29 12:00,Ought to pass,6,0,0,0,https://malegislature.gov/Bills/194/S652
194,S652,S29,2026-03-31 17:00,Placed in the Orders of the Day,7,0,0,0,https://malegislature.gov/Bills/194/S652
194,S656,J21,2025-10-29 15:00,Study,5,0,0,0,https://malegislature.gov/Bills/194/S656
194,S658,J21,2025-10-29 15:00,Study,5,0,0,0,https://malegislature.gov/Bills/194/S658
194,S659,J21,2025-10-29 15:00,Study,4,1,0,0,https://malegislature.gov/Bills/194/S659
194,S66,J45,2025-08-20 17:00,Ought to pass,5,0,1,0,https://malegislature.gov/Bills/194/S66
194,S661,J21,2025-11-14 12:00,Study,4,1,0,0,https://malegislature.gov/Bills/194/S661
194,S665,J21,2025-07-29 12:00,Ought to pass,6,0,0,0,https://malegislature.gov/Bills/194/S665
194,S667,J21,2025-11-10 11:00,Study,4,1,0,0,https://malegislature.gov/Bills/194/S667
194,S668,J21,2025-10-29 15:00,Study,4,1,0,0,https://malegislature.gov/Bills/194/S668
194,S67,J45,2025-08-20 17:00,Ought to pass,6,0,0,0,https://malegislature.gov/Bills/194/S67
194,S670,J21,2025-10-29 15:00,Study,4,1,0,0,https://malegislature.gov/Bills/194/S670
194,S671,J21,2025-11-10 11:00,Ought to pass,5,0,0,0,https://malegislature.gov/Bills/194/S671
194,S672,J21,2025-10-29 15:00,Study,4,1,0,0,https://malegislature.gov/Bills/194/S672
194,S673,J21,2025-10-29 15:00,Study,4,1,0,0,https://malegislature.gov/Bills/194/S673
194,S674,J21,2025-11-10 11:00,Study,4,1,0,0,https://malegislature.gov/Bills/194/S674
194,S679,J11,2025-11-18 17:00,Ought to pass,5,0,1,0,https://malegislature.gov/Bills/194/S679
194,S68,J45,2025-10-07 14:30,Ought to pass,6,0,0,0,https://malegislature.gov/Bills/194/S68
194,S680,J11,2025-12-02 15:00,Ought to pass,6,0,0,0,https://malegislature.gov/Bills/194/S680
194,S681,J11,2025-11-17 17:00,Ought to pass,4,0,0,2,https://malegislature.gov/Bills/194/S681
194,S681,J24,2026-01-26 12:00,Ought to pass,6,0,1,0,https://malegislature.gov/Bills/194/S681
194,S682,J11,2025-08-26 12:00,Ought to pass,5,0,1,0,https://malegislature.gov/Bills/194/S682
194,S682,J24,2025-11-03 12:00,Ought to pass,6,0,1,0,https://malegislature.gov/Bills/194/S682
194,S683,J11,2025-11-18 17:00,Ought to pass,5,0,1,0,https://malegislature.gov/Bills/194/S683
194,S685,J11,2025-08-26 12:00,Ought to pass,5,0,1,0,https://malegislature.gov/Bills/194/S685
194,S685,J24,2025-11-03 12:00,Ought to pass,6,0,1,0,https://malegislature.gov/Bills/194/S685
194,S686,J11,2025-12-02 15:00,Ought to pass,5,0,1,0,https://malegislature.gov/Bills/194/S686
194,S687,J11,2025-12-02 15:00,Ought to pass,6,0,0,0,https://malegislature.gov/Bills/194/S687
194,S689,J11,2025-08-26 12:00,Ought to pass,4,0,1,1,https://malegislature.gov/Bills/194/S689
194,S689,J24,2025-12-15 17:00,Ought to pass,6,0,1,0,https://malegislature.gov/Bills/194/S689
194,S69,J45,2025-10-07 14:30,Ought to pass,6,0,0,0,https://malegislature.gov/Bills/194/S69
194,S690,J11,2025-11-18 17:00,Ought to pass,6,0,0,0,https://malegislature.gov/Bills/194/S690
194,S690,J24,2026-03-30 12:00,Ought to pass,7,0,0,0,https://malegislature.gov/Bills/194/S690
194,S691,J11,2025-11-18 17:00,Ought to pass,5,0,1,0,https://malegislature.gov/Bills/194/S691
194,S691,J24,2026-04-28 12:00,Ought to pass with an amendment - New Draft,6,0,1,0,https://malegislature.gov/Bills/194/S691
194,S692,J11,2025-11-18 17:00,Ought to pass,6,0,0,0,https://malegislature.gov/Bills/194/S692
194,S693,J11,2025-11-18 17:00,Ought to pass,5,0,1,0,https://malegislature.gov/Bills/194/S693
194,S693,J24,2026-01-26 12:00,Ought to pass,6,0,1,0,https://malegislature.gov/Bills/194/S693
194,S694,J11,2025-11-18 17:00,Ought to pass,6,0,0,0,https://malegislature.gov/Bills/194/S694
194,S695,J11,2025-11-18 17:00,Ought to pass,5,0,1,0,https://malegislature.gov/Bills/194/S695
194,S696,J11,2025-11-18 17:00,Ought to pass,6,0,0,0,https://malegislature.gov/Bills/194/S696
194,S697,J11,2025-08-26 12:00,Ought to pass,5,0,1,0,https://malegislature.gov/Bills/194/S697
194,S697,J24,2026-01-26 12:00,Ought to pass,6,0,1,0,https://malegislature.gov/Bills/194/S697
194,S698,J11,2025-11-18 17:00,Ought to pass,6,0,0,0,https://malegislature.gov/Bills/194/S698
194,S699,J11,2025-12-02 15:00,Ought to pass,6,0,0,0,https://malegislature.gov/Bills/194/S699
194,S701,J11,2025-08-26 12:00,Ought to pass,5,0,1,0,https://malegislature.gov/Bills/194/S701
194,S702,J11,2025-12-02 15:00,Ought to pass,6,0,0,0,https://malegislature.gov/Bills/194/S702
194,S703,J11,2025-11-18 17:00,Ought to pass,5,0,1,0,https://malegislature.gov/Bills/194/S703
194,S703,J24,2026-01-26 12:00,Ought to pass,6,0,1,0,https://malegislature.gov/Bills/194/S703
194,S704,J11,2025-12-02 15:00,Ought to pass,5,0,1,0,https://malegislature.gov/Bills/194/S704
194,S704,J24,2026-02-24 12:00,Ought to pass,6,0,1,0,https://malegislature.gov/Bills/194/S704
194,S706,J11,2025-11-18 17:00,Ought to pass,6,0,0,0,https://malegislature.gov/Bills/194/S706
194,S708,J11,2025-11-18 17:00,Ought to pass,6,0,0,0,https://malegislature.gov/Bills/194/S708
194,S708,J24,2026-01-26 12:00,Ought to pass,6,0,1,0,https://malegislature.gov/Bills/194/S708
194,S709,J11,2025-11-18 17:00,Ought to pass,5,0,1,0,https://malegislature.gov/Bills/194/S709
194,S71,J45,2025-12-01 15:00,Favorable ,5,0,1,0,https://malegislature.gov/Bills/194/S71
194,S711,J11,2025-12-02 15:00,Ought to pass,5,0,1,0,https://malegislature.gov/Bills/194/S711
194,S711,J24,2026-01-26 12:00,Ought to pass,6,0,1,0,https://malegislature.gov/Bills/194/S711
194,S712,J11,2025-11-18 17:00,Ought to pass,5,0,1,0,https://malegislature.gov/Bills/194/S712
194,S714,J11,2025-12-02 15:00,Ought to pass,5,0,1,0,https://malegislature.gov/Bills/194/S714
194,S715,J11,2025-08-26 12:00,Ought to pass,5,0,1,0,https://malegislature.gov/Bills/194/S715
194,S716,J11,2025-08-26 12:00,Ought to pass,5,0,1,0,https://malegislature.gov/Bills/194/S716
194,S718,J11,2025-11-18 17:00,Ought to pass,5,0,1,0,https://malegislature.gov/Bills/194/S718
194,S719,J11,2025-12-02 15:00,Ought to pass,6,0,0,0,https://malegislature.gov/Bills/194/S719
194,S720,J11,2025-12-02 15:00,Ought to pass,6,0,0,0,https://malegislature.gov/Bills/194/S720
194,S724,J11,2025-11-18 17:00,Ought to pass,5,0,1,0,https://malegislature.gov/Bills/194/S724
194,S726,J11,2025-08-26 12:00,Ought to pass,5,0,1,0,https://malegislature.gov/Bills/194/S726
194,S727,J11,2025-08-26 12:00,Ought to pass,5,0,1,0,https://malegislature.gov/Bills/194/S727
194,S727,J24,2025-11-03 12:00,Ought to pass,6,0,1,0,https://malegislature.gov/Bills/194/S727
194,S728,J11,2025-11-18 17:00,Ought to pass,5,0,1,0,https://malegislature.gov/Bills/194/S728
194,S73,J45,2025-10-07 14:30,Ought to pass,6,0,0,0,https://malegislature.gov/Bills/194/S73
194,S731,J11,2026-06-12 15:30,Ought to pass,5,0,1,0,https://malegislature.gov/Bills/194/S731
194,S733,J11,2025-12-02 15:00,Ought to pass,5,1,0,0,https://malegislature.gov/Bills/194/S733
194,S734,J11,2025-12-02 15:00,Ought to pass,5,0,1,0,https://malegislature.gov/Bills/194/S734
194,S737,J11,2025-12-02 15:00,Ought to pass,5,0,1,0,https://malegislature.gov/Bills/194/S737
194,S738,J11,2025-12-02 15:00,Ought to pass,6,0,0,0,https://malegislature.gov/Bills/194/S738
194,S74,J45,2025-08-20 17:00,Ought to pass,6,0,0,0,https://malegislature.gov/Bills/194/S74
194,S741,J11,2025-08-26 12:00,Ought to pass,5,0,1,0,https://malegislature.gov/Bills/194/S741
194,S743,J11,2025-11-18 17:00,Ought to pass,6,0,0,0,https://malegislature.gov/Bills/194/S743
194,S743,J24,2026-01-26 12:00,Ought to pass,6,0,1,0,https://malegislature.gov/Bills/194/S743
194,S744,J11,2025-12-02 15:00,Ought to pass,5,0,1,0,https://malegislature.gov/Bills/194/S744
194,S745,J11,2025-12-02 15:00,Ought to pass,5,0,1,0,https://malegislature.gov/Bills/194/S745
194,S746,J11,2025-12-02 15:00,Ought to pass,5,0,1,0,https://malegislature.gov/Bills/194/S746
194,S747,J11,2025-12-02 15:00,Ought to pass,6,0,0,0,https://malegislature.gov/Bills/194/S747
194,S748,J11,2025-08-26 12:00,Ought to pass,5,0,1,0,https://malegislature.gov/Bills/194/S748
194,S749,J11,2026-04-06 15:30,Ought to pass,6,0,0,0,https://malegislature.gov/Bills/194/S749
194,S75,J50,2025-11-05 17:00,Favorable,4,0,2,0,https://malegislature.gov/Bills/194/S75
194,S750,J11,2025-12-02 15:00,Ought to pass,5,0,1,0,https://malegislature.gov/Bills/194/S750
194,S751,J11,2025-08-26 12:00,Ought to pass,5,0,1,0,https://malegislature.gov/Bills/194/S751
194,S753,J11,2025-12-02 15:00,Ought to pass,6,0,0,0,https://malegislature.gov/Bills/194/S753
194,S755,J11,2025-12-02 15:00,Ought to pass,5,0,1,0,https://malegislature.gov/Bills/194/S755
194,S756,J11,2025-11-18 17:00,Ought to pass,5,0,1,0,https://malegislature.gov/Bills/194/S756
194,S758,J11,2025-11-18 17:00,Ought to pass,5,0,1,0,https://malegislature.gov/Bills/194/S758
194,S759,J11,2025-11-18 17:00,Ought to pass,5,0,1,0,https://malegislature.gov/Bills/194/S759
194,S76,J50,2025-10-21 17:00,Favorable,6,0,0,0,https://malegislature.gov/Bills/194/S76
194,S760,J11,2025-12-02 15:00,Ought to pass,6,0,0,0,https://malegislature.gov/Bills/194/S760
194,S761,J11,2025-08-26 12:00,Ought to pass,5,0,1,0,https://malegislature.gov/Bills/194/S761
194,S761,J24,2025-11-03 12:00,Ought to pass,6,0,1,0,https://malegislature.gov/Bills/194/S761
194,S762,J11,2025-11-18 17:00,Ought to pass,6,0,0,0,https://malegislature.gov/Bills/194/S762
194,S762,J24,2026-01-26 12:00,Ought to pass,6,0,1,0,https://malegislature.gov/Bills/194/S762
194,S763,J11,2025-11-18 17:00,Ought to pass,5,0,1,0,https://malegislature.gov/Bills/194/S763
194,S765,J11,2025-12-02 15:00,Ought to pass,6,0,0,0,https://malegislature.gov/Bills/194/S765
194,S766,J11,2026-06-05 15:30,Study,6,0,0,0,https://malegislature.gov/Bills/194/S766
194,S768,J11,2025-12-02 15:00,Ought to pass,5,0,1,0,https://malegislature.gov/Bills/194/S768
194,S769,J11,2025-11-18 17:00,Ought to pass,6,0,0,0,https://malegislature.gov/Bills/194/S769
194,S769,J24,2026-01-26 12:00,Ought to pass,6,0,1,0,https://malegislature.gov/Bills/194/S769
194,S77,J50,2025-10-21 17:00,Favorable,6,0,0,0,https://malegislature.gov/Bills/194/S77
194,S771,J11,2025-11-18 17:00,Ought to pass,5,0,1,0,https://malegislature.gov/Bills/194/S771
194,S771,J24,2026-01-26 12:00,Ought to pass,6,0,1,0,https://malegislature.gov/Bills/194/S771
194,S772,J11,2025-12-02 15:00,Ought to pass,6,0,0,0,https://malegislature.gov/Bills/194/S772
194,S773,J11,2025-12-02 15:00,Ought to pass,5,0,1,0,https://malegislature.gov/Bills/194/S773
194,S774,J11,2025-11-18 17:00,Ought to pass,5,0,1,0,https://malegislature.gov/Bills/194/S774
194,S775,J11,2025-12-02 15:00,Ought to pass,5,0,1,0,https://malegislature.gov/Bills/194/S775
194,S776,J11,2025-11-18 17:00,Ought to pass,5,0,1,0,https://malegislature.gov/Bills/194/S776
194,S777,J11,2025-11-18 17:00,Ought to pass,6,0,0,0,https://malegislature.gov/Bills/194/S777
194,S778,J11,2025-11-18 17:00,Ought to pass,6,0,0,0,https://malegislature.gov/Bills/194/S778
194,S780,J11,2025-08-26 12:00,Ought to pass,5,0,1,0,https://malegislature.gov/Bills/194/S780
194,S780,J24,2025-11-03 12:00,Ought to pass,6,0,1,0,https://malegislature.gov/Bills/194/S780
194,S781,J11,2025-12-02 15:00,Ought to pass,6,0,0,0,https://malegislature.gov/Bills/194/S781
194,S782,J11,2025-12-02 15:00,Ought to pass,6,0,0,0,https://malegislature.gov/Bills/194/S782
194,S783,J11,2025-11-18 17:00,Ought to pass,5,0,1,0,https://malegislature.gov/Bills/194/S783
194,S783,J24,2026-01-26 12:00,Ought to pass – by substitution of a New Draft,6,0,1,0,https://malegislature.gov/Bills/194/S783
194,S784,J11,2025-11-18 17:00,Ought to pass,6,0,0,0,https://malegislature.gov/Bills/194/S784
194,S784,J24,2026-03-30 12:00,Ought to pass with an amendment - New Draft,6,0,1,0,https://malegislature.gov/Bills/194/S784
194,S785,J11,2025-11-03 17:00,Ought to pass,6,0,0,0,https://malegislature.gov/Bills/194/S785
194,S785,S29,2026-07-08 17:00,Placed in the Orders of the Day,5,0,2,0,https://malegislature.gov/Bills/194/S785
194,S786,J11,2025-12-02 15:00,Ought to pass,5,0,1,0,https://malegislature.gov/Bills/194/S786
194,S787,J11,2025-12-02 15:00,Ought to pass,5,0,1,0,https://malegislature.gov/Bills/194/S787
194,S788,J11,2025-08-26 12:00,Ought to pass,5,0,1,0,https://malegislature.gov/Bills/194/S788
194,S788,J24,2025-11-03 12:00,Ought to pass,6,0,1,0,https://malegislature.gov/Bills/194/S788
194,S789,J11,2025-08-26 12:00,Ought to pass,6,0,0,0,https://malegislature.gov/Bills/194/S789
194,S79,J24,2026-02-24 12:00,Ought to pass,6,0,1,0,https://malegislature.gov/Bills/194/S79
194,S79,J50,2025-11-05 17:00,Favorable,6,0,0,0,https://malegislature.gov/Bills/194/S79
194,S791,J11,2025-11-18 17:00,Ought to pass,5,0,1,0,https://malegislature.gov/Bills/194/S791
194,S792,J11,2025-11-18 17:00,Ought to pass,6,0,0,0,https://malegislature.gov/Bills/194/S792
194,S794,J11,2025-12-02 15:00,Ought to pass,6,0,0,0,https://malegislature.gov/Bills/194/S794
194,S796,J11,2025-11-18 17:00,Ought to pass,6,0,0,0,https://malegislature.gov/Bills/194/S796
194,S797,J11,2025-12-02 15:00,Ought to pass,6,0,0,0,https://malegislature.gov/Bills/194/S797
194,S798,J11,2025-11-18 17:00,Ought to pass,6,0,0,0,https://malegislature.gov/Bills/194/S798
194,S799,J11,2025-11-18 17:00,Ought to pass,5,0,1,0,https://malegislature.gov/Bills/194/S799
194,S799,J24,2026-03-30 12:00,Ought to pass,6,0,1,0,https://malegislature.gov/Bills/194/S799
194,S800,J11,2025-12-02 15:00,Ought to pass,6,0,0,0,https://malegislature.gov/Bills/194/S800
194,S801,J11,2025-11-18 17:00,Ought to pass,5,0,1,0,https://malegislature.gov/Bills/194/S801
194,S801,J24,2026-01-26 12:00,Ought to pass,6,0,1,0,https://malegislature.gov/Bills/194/S801
194,S802,J11,2025-11-18 17:00,Ought to pass,6,0,0,0,https://malegislature.gov/Bills/194/S802
194,S805,J11,2025-11-18 17:00,Ought to pass,6,0,0,0,https://malegislature.gov/Bills/194/S805
194,S806,J11,2025-11-18 17:00,Ought to pass,6,0,0,0,https://malegislature.gov/Bills/194/S806
194,S808,J11,2025-12-02 15:00,Ought to pass,6,0,0,0,https://malegislature.gov/Bills/194/S808
194,S808,J24,2026-02-24 12:00,Ought to pass,6,0,1,0,https://malegislature.gov/Bills/194/S808
194,S81,J50,2025-10-21 17:00,Favorable,5,1,0,0,https://malegislature.gov/Bills/194/S81
194,S810,J11,2025-11-18 17:00,Ought to pass,6,0,0,0,https://malegislature.gov/Bills/194/S810
194,S811,J11,2025-08-26 12:00,Ought to pass,5,0,1,0,https://malegislature.gov/Bills/194/S811
194,S811,J24,2025-11-03 12:00,Ought to pass,6,0,1,0,https://malegislature.gov/Bills/194/S811
194,S812,J11,2025-08-26 12:00,Ought to pass,5,0,1,0,https://malegislature.gov/Bills/194/S812
194,S813,J11,2025-11-03 17:00,Ought to pass,5,0,1,0,https://malegislature.gov/Bills/194/S813
194,S814,J11,2025-11-18 17:00,Ought to pass,6,0,0,0,https://malegislature.gov/Bills/194/S814
194,S815,J11,2025-12-02 15:00,Ought to pass,5,0,1,0,https://malegislature.gov/Bills/194/S815
194,S816,J11,2025-12-02 15:00,Ought to pass,6,0,0,0,https://malegislature.gov/Bills/194/S816
194,S817,J11,2025-11-18 17:30,Ought to pass,5,0,1,0,https://malegislature.gov/Bills/194/S817
194,S817,J24,2026-01-26 12:00,Ought to pass,6,0,1,0,https://malegislature.gov/Bills/194/S817
194,S818,J11,2025-11-18 17:00,Ought to pass,5,0,1,0,https://malegislature.gov/Bills/194/S818
194,S819,J11,2025-11-18 17:00,Ought to pass,6,0,0,0,https://malegislature.gov/Bills/194/S819
194,S819,J24,2026-04-28 12:00,Ought to pass,6,0,1,0,https://malegislature.gov/Bills/194/S819
194,S82,J50,2025-11-05 17:00,Favorable,6,0,0,0,https://malegislature.gov/Bills/194/S82
194,S821,J11,2025-12-02 15:00,Ought to pass,5,0,0,1,https://malegislature.gov/Bills/194/S821
194,S822,J11,2025-11-18 17:00,Ought to pass,5,0,1,0,https://malegislature.gov/Bills/194/S822
194,S823,J11,2025-11-18 17:00,Ought to pass,6,0,0,0,https://malegislature.gov/Bills/194/S823
194,S824,J11,2025-11-18 17:00,Ought to pass,6,0,0,0,https://malegislature.gov/Bills/194/S824
194,S825,J11,2025-08-26 12:00,Ought to pass,5,0,1,0,https://malegislature.gov/Bills/194/S825
194,S826,J11,2025-12-02 15:00,Ought to pass,6,0,0,0,https://malegislature.gov/Bills/194/S826
194,S827,J11,2025-11-18 17:00,Ought to pass,6,0,0,0,https://malegislature.gov/Bills/194/S827
194,S828,J11,2025-12-02 15:00,Ought to pass,6,0,0,0,https://malegislature.gov/Bills/194/S828
194,S83,J50,2025-11-04 17:00,Favorable,5,0,1,0,https://malegislature.gov/Bills/194/S83
194,S831,J11,2025-12-02 15:00,Ought to pass,6,0,0,0,https://malegislature.gov/Bills/194/S831
194,S832,J11,2025-08-26 12:00,Ought to pass,6,0,0,0,https://malegislature.gov/Bills/194/S832
194,S833,J11,2026-06-12 15:30,Ought to pass,6,0,0,0,https://malegislature.gov/Bills/194/S833
194,S834,J11,2025-08-26 12:00,Ought to pass,5,0,1,0,https://malegislature.gov/Bills/194/S834
194,S834,J24,2026-01-26 12:00,Ought to pass,6,0,1,0,https://malegislature.gov/Bills/194/S834
194,S835,J11,2025-12-02 15:00,Ought to pass,5,0,1,0,https://malegislature.gov/Bills/194/S835
194,S835,J24,2026-02-24 12:00,Ought to pass,6,0,1,0,https://malegislature.gov/Bills/194/S835
194,S843,J24,2026-01-26 12:00,Ought to pass,6,0,1,0,https://malegislature.gov/Bills/194/S843
194,S850,J24,2025-12-15 17:00,Ought to pass,6,0,1,0,https://malegislature.gov/Bills/194/S850
194,S854,J24,2025-09-19 17:00,Ought to pass,6,0,1,0,https://malegislature.gov/Bills/194/S854
194,S855,J24,2025-11-03 12:00,Ought to pass,6,0,1,0,https://malegislature.gov/Bills/194/S855
194,S862,J24,2025-09-19 17:00,Ought to pass,6,0,1,0,https://malegislature.gov/Bills/194/S862
194,S867,S30,2026-06-11 11:45,Ought to pass with an amendment - New Draft,14,0,3,1,https://malegislature.gov/Bills/194/S867
194,S869,J24,2025-09-19 17:00,Ought to pass,6,0,1,0,https://malegislature.gov/Bills/194/S869
194,S87,J50,2025-11-04 17:00,Favorable with changes,4,1,1,0,https://malegislature.gov/Bills/194/S87
194,S870,J24,2025-09-19 17:00,Ought to pass,6,0,1,0,https://malegislature.gov/Bills/194/S870
194,S872,J24,2025-12-15 17:00,Ought to pass,6,0,1,0,https://malegislature.gov/Bills/194/S872
194,S876,J24,2025-09-19 17:00,Ought to pass,6,0,1,0,https://malegislature.gov/Bills/194/S876
194,S88,J50,2025-11-04 17:00,Study,5,1,0,0,https://malegislature.gov/Bills/194/S88
194,S887,J24,2025-11-03 12:00,Ought to pass,6,0,1,0,https://malegislature.gov/Bills/194/S887
194,S89,J50,2025-11-04 17:00,Favorable,4,1,1,0,https://malegislature.gov/Bills/194/S89
194,S901,J24,2026-01-26 12:00,Ought to pass,6,0,1,0,https://malegislature.gov/Bills/194/S901
194,S909,J24,2025-12-15 17:00,Ought to pass,7,0,0,0,https://malegislature.gov/Bills/194/S909
194,S91,J50,2025-10-21 17:00,Study,5,0,1,0,https://malegislature.gov/Bills/194/S91
194,S918,J29,2025-08-28 12:00,Favorable,5,0,1,0,https://malegislature.gov/Bills/194/S918
194,S92,J50,2025-11-04 17:00,Study,6,0,0,0,https://malegislature.gov/Bills/194/S92
194,S922,J16,2025-12-02 16:30,Favorable,5,0,1,0,https://malegislature.gov/Bills/194/S922
194,S925,J29,2025-11-05 17:00,Study,4,0,1,0,https://malegislature.gov/Bills/194/S925
194,S93,J50,2025-10-21 17:00,Study,5,0,1,0,https://malegislature.gov/Bills/194/S93
194,S931,J29,2025-11-05 17:00,Study,4,0,1,0,https://malegislature.gov/Bills/194/S931
194,S938,J29,2025-11-05 17:00,Study,4,0,1,0,https://malegislature.gov/Bills/194/S938
194,S94,J50,2025-11-04 17:00,Favorable,6,0,0,0,https://malegislature.gov/Bills/194/S94
194,S941,J29,2025-11-25 12:00,Ought to pass,4,0,1,0,https://malegislature.gov/Bills/194/S941
194,S947,J29,2025-08-28 12:00,Favorable,5,0,1,0,https://malegislature.gov/Bills/194/S947
194,S95,J50,2025-10-21 17:00,Study,5,1,0,0,https://malegislature.gov/Bills/194/S95
194,S952,J29,2025-11-05 17:00,Study,5,0,0,0,https://malegislature.gov/Bills/194/S952
194,S953,J29,2025-11-25 12:00,Ought to pass,4,0,1,0,https://malegislature.gov/Bills/194/S953
194,S955,J28,2025-11-25 12:00,Ought to pass,5,0,1,0,https://malegislature.gov/Bills/194/S955
194,S956,J28,2025-11-25 12:00,Study,5,0,1,0,https://malegislature.gov/Bills/194/S956
194,S956,J28,2025-12-01 14:00,Favorable with changes,5,0,1,0,https://malegislature.gov/Bills/194/S956
194,S957,J28,2025-11-25 12:00,Favorable with changes,6,0,0,0,https://malegislature.gov/Bills/194/S957
194,S958,J28,2025-10-10 12:00,Affirmative,5,0,1,0,https://malegislature.gov/Bills/194/S958
194,S959,J28,2025-10-10 12:00,Affirmative,5,0,1,0,https://malegislature.gov/Bills/194/S959
194,S960,J28,2025-11-25 12:00,Favorable with changes,4,1,1,0,https://malegislature.gov/Bills/194/S960
194,S961,J28,2025-11-25 12:00,Ought to pass,5,0,1,0,https://malegislature.gov/Bills/194/S961
194,S966,J28,2025-12-01 14:00,Favorable with changes,4,0,2,0,https://malegislature.gov/Bills/194/S966
194,S968,J28,2025-11-25 12:00,Favorable with changes,5,0,1,0,https://malegislature.gov/Bills/194/S968
194,S969,J28,2025-10-10 12:00,Affirmative,5,1,0,0,https://malegislature.gov/Bills/194/S969
194,S970,J28,2025-10-10 12:00,Affirmative,6,0,0,0,https://malegislature.gov/Bills/194/S970
194,S972,J28,2025-11-25 12:00,Study,4,0,2,0,https://malegislature.gov/Bills/194/S972
194,S973,J28,2025-11-25 12:00,Study,5,0,1,0,https://malegislature.gov/Bills/194/S973
194,S974,J28,2025-11-25 12:00,Study,5,0,1,0,https://malegislature.gov/Bills/194/S974
194,S975,J28,2025-11-25 12:00,Study,5,0,1,0,https://malegislature.gov/Bills/194/S975
194,S976,J28,2025-11-25 12:00,Study,5,0,1,0,https://malegislature.gov/Bills/194/S976
194,S977,J28,2025-11-25 12:00,Study,5,0,1,0,https://malegislature.gov/Bills/194/S977
194,S978,J28,2025-11-25 12:00,Study,5,0,1,0,https://malegislature.gov/Bills/194/S978
194,S979,J28,2025-11-25 12:00,Study,5,0,1,0,https://malegislature.gov/Bills/194/S979
194,S98,J50,2025-10-21 05:00,Favorable,5,0,0,1,https://malegislature.gov/Bills/194/S98
194,S980,J28,2025-10-10 12:00,Affirmative,5,0,1,0,https://malegislature.gov/Bills/194/S980
194,S981,J28,2025-11-25 12:00,Ought to pass,4,0,2,0,https://malegislature.gov/Bills/194/S981
194,S984,J28,2025-11-25 12:00,Ought to pass,4,0,2,0,https://malegislature.gov/Bills/194/S984
194,S985,J28,2025-11-25 12:00,Study,5,0,1,0,https://malegislature.gov/Bills/194/S985
194,S986,J28,2025-11-25 12:00,Study,5,0,1,0,https://malegislature.gov/Bills/194/S986
194,S987,J28,2025-11-25 12:00,Study,5,0,1,0,https://malegislature.gov/Bills/194/S987
194,S99,J50,2025-11-04 17:00,Favorable,6,0,0,0,https://malegislature.gov/Bills/194/S99
194,S998,J28,2025-11-25 12:00,Ought to pass,4,2,0,0,https://malegislature.gov/Bills/194/S998
