session,date,committee,name,location,status,bills_heard,event_id
188,2013-02-14 11:00,J39,Joint Committee on Ways and Means,"Arlington Town Hall, Auditorium, Arlington",Completed,0,489
188,2013-02-20 10:00,J39,Joint Committee on Ways and Means,"Worcester State University, Blue Lounge located on the first floor of the Student Center, Worcester",Completed,0,490
188,2013-02-26 10:00,J39,Joint Committee on Ways and Means,"Greenfield Community College, Main Building, 1st floor Dining Common, Greenfield",Completed,0,494
188,2013-02-27 10:00,J39,Joint Committee on Ways and Means,"Massasoit Conference Center, 770 Crescent Street, Brockton",Completed,0,495
188,2013-02-27 12:00,H46,House Committee on Post Audit and Oversight,"Room 146, 24 Beacon Street, Boston",Completed,0,509
188,2013-02-27 23:00,H32,"House Committee on Bonding, Capital Expenditures and State Assets","Wilmington Public High School, 161 Church Street, Wilmington",Completed,0,502
188,2013-02-28 10:00,J39,Joint Committee on Ways and Means,"Montachusett Technical School (Monty Tech), Dukakis Performing Arts Cente, Fitchburg",Completed,0,498
188,2013-03-04 10:00,J39,Joint Committee on Ways and Means,"Arlington Town Hall, Auditorium, Arlington",Completed,0,499
188,2013-03-05 11:00,J14,Joint Committee on Education,"A-2, 24 Beacon Street, Boston",Completed,0,511
188,2013-03-06 10:00,J10,Joint Committee on Municipalities and Regional Government,"Wilmington Public High School, 161 Church Street, Wilmington",Completed,1,510
188,2013-03-06 13:00,J29,Joint Committee on Higher Education,"A-2, 24 Beacon Street, Boston",Completed,0,504
188,2013-03-07 10:00,J39,Joint Committee on Ways and Means,"Everett High School Library, 100 Elm Street, Everett",Completed,0,500
188,2013-03-08 10:00,J39,Joint Committee on Ways and Means,"Arlington Town Hall, Auditorium, Arlington",Completed,0,501
188,2013-03-12 10:00,J27,Joint Committee on Transportation,"A-2, 24 Beacon Street, Boston",Completed,0,514
188,2013-03-13 13:00,J29,Joint Committee on Higher Education,"A-2, 24 Beacon Street, Boston",Completed,0,505
188,2013-03-21 10:30,J21,"Joint Committee on Environment, Natural Resources and Agriculture","Wilmington Public High School, 161 Church Street, Wilmington",Completed,5,517
188,2013-03-21 12:30,J21,"Joint Committee on Environment, Natural Resources and Agriculture","Wilmington Public High School, 161 Church Street, Wilmington",Completed,0,518
188,2013-03-21 14:30,J21,"Joint Committee on Environment, Natural Resources and Agriculture","Wilmington Public High School, 161 Church Street, Wilmington",Completed,19,515
188,2013-03-21 16:00,J21,"Joint Committee on Environment, Natural Resources and Agriculture","Wilmington Public High School, 161 Church Street, Wilmington",Completed,0,520
188,2013-03-25 10:00,J27,Joint Committee on Transportation,"A-2, 24 Beacon Street, Boston",Completed,1,521
188,2013-03-26 10:00,J21,"Joint Committee on Environment, Natural Resources and Agriculture","Wilmington Public High School, 161 Church Street, Wilmington",Completed,6,524
188,2013-03-26 10:30,J26,Joint Committee on Revenue,"A-2, 24 Beacon Street, Boston",Completed,44,523
188,2013-03-26 12:30,J21,"Joint Committee on Environment, Natural Resources and Agriculture","Wilmington Public High School, 161 Church Street, Wilmington",Completed,0,525
188,2013-03-27 10:00,J21,"Joint Committee on Environment, Natural Resources and Agriculture","Wilmington Public High School, 161 Church Street, Wilmington",Completed,10,526
188,2013-03-27 10:00,J22,Joint Committee on Public Safety and Homeland Security,"A-2, 24 Beacon Street, Boston",Completed,24,543
188,2013-03-27 12:30,J21,"Joint Committee on Environment, Natural Resources and Agriculture","Wilmington Public High School, 161 Church Street, Wilmington",Completed,0,527
188,2013-03-27 14:00,J15,Joint Committee on Election Laws,"A-2, 24 Beacon Street, Boston",Completed,48,512
188,2013-03-28 13:00,J18,Joint Committee on Mental Health and Substance Abuse,"A-2, 24 Beacon Street, Boston",Completed,0,562
188,2013-04-02 10:30,J26,Joint Committee on Revenue,"A-2, 24 Beacon Street, Boston",Completed,44,513
188,2013-04-02 10:30,J29,Joint Committee on Higher Education,"A-2, 24 Beacon Street, Boston",Completed,0,528
188,2013-04-02 12:00,J16,Joint Committee on Public Health,"Wilmington Public High School, 161 Church Street, Wilmington",Completed,12,532
188,2013-04-02 13:00,J18,Joint Committee on Mental Health and Substance Abuse,"A-2, 24 Beacon Street, Boston",Completed,0,561
188,2013-04-02 13:00,J30,"Joint Committee on Tourism, Arts and Cultural Development","A-2, 24 Beacon Street, Boston",Completed,8,556
188,2013-04-03 11:00,H32,"House Committee on Bonding, Capital Expenditures and State Assets","A-2, 24 Beacon Street, Boston",Completed,0,545
188,2013-04-03 11:00,J10,Joint Committee on Municipalities and Regional Government,"A-2, 24 Beacon Street, Boston",Completed,33,551
188,2013-04-03 13:00,J19,Joint Committee on the Judiciary,"Wilmington Public High School, 161 Church Street, Wilmington",Completed,20,533
188,2013-04-03 13:00,J25,Joint Committee on State Administration and Regulatory Oversight,"A-2, 24 Beacon Street, Boston",Completed,9,558
188,2013-04-03 13:00,J29,Joint Committee on Higher Education,"A-2, 24 Beacon Street, Boston",Completed,0,507
188,2013-04-03 14:00,J15,Joint Committee on Election Laws,"A-2, 24 Beacon Street, Boston",Completed,1,522
188,2013-04-04 10:00,J28,Joint Committee on Housing,"A-1 (10:00-1:00); Room 222 (1:00-3:00), 24 Beacon Street, Boston",Completed,2,519
188,2013-04-04 13:00,J22,Joint Committee on Public Safety and Homeland Security,"A-2, 24 Beacon Street, Boston",Completed,18,563
188,2013-04-09 09:30,J26,Joint Committee on Revenue,"A-2, 24 Beacon Street, Boston",Completed,41,564
188,2013-04-09 10:00,J14,Joint Committee on Education,"A-2, 24 Beacon Street, Boston",Completed,20,529
188,2013-04-09 12:00,J14,Joint Committee on Education,"A-2, 24 Beacon Street, Boston",Completed,1,566
188,2013-04-09 13:00,J16,Joint Committee on Public Health,"A-2, 24 Beacon Street, Boston",Completed,24,560
188,2013-04-09 13:00,J29,Joint Committee on Higher Education,"A-2, 24 Beacon Street, Boston",Completed,0,508
188,2013-04-09 14:00,J13,"Joint Committee on Children, Families and Persons with Disabilities","Wilmington Public High School, 161 Church Street, Wilmington",Completed,11,549
188,2013-04-11 11:00,J12,Joint Committee on Economic Development and Emerging Technologies,"Wilmington Public High School, 161 Church Street, Wilmington",Completed,13,565
188,2013-04-11 13:00,J11,Joint Committee on Financial Services,"A-2, 24 Beacon Street, Boston",Completed,22,555
188,2013-04-22 10:00,J21,"Joint Committee on Environment, Natural Resources and Agriculture","A-2, 24 Beacon Street, Boston",Completed,3,577
188,2013-04-22 12:00,J21,"Joint Committee on Environment, Natural Resources and Agriculture","A-2, 24 Beacon Street, Boston",Completed,0,578
188,2013-04-24 13:00,J31,Joint Committee on Veterans and Federal Affairs,"Wilmington Public High School, 161 Church Street, Wilmington",Completed,9,581
188,2013-04-29 13:30,H46,House Committee on Post Audit and Oversight,"A-2, 24 Beacon Street, Boston",Completed,0,588
188,2013-04-30 10:00,J16,Joint Committee on Public Health,"A-2, 24 Beacon Street, Boston",Completed,22,584
188,2013-04-30 13:00,J24,Joint Committee on Health Care Financing,"A-2, 24 Beacon Street, Boston",Completed,15,585
188,2013-05-01 11:00,J10,Joint Committee on Municipalities and Regional Government,"Wilmington Public High School, 161 Church Street, Wilmington",Completed,18,580
188,2013-05-06 10:00,J16,Joint Committee on Public Health,"A-2, 24 Beacon Street, Boston",Completed,4,589
188,2013-05-06 11:00,J44,Joint Committee on Elder Affairs,"Worcester Senior Center, 128 Providence Street, Worcester",Completed,10,591
188,2013-05-07 10:00,J14,Joint Committee on Education,"A-1 (10:00-1:00); Room 222 (1:00-3:00), 24 Beacon Street, Boston",Completed,33,530
188,2013-05-07 10:00,J21,"Joint Committee on Environment, Natural Resources and Agriculture","Western New England University, Blake Law Center, Moot Court Room, 1st Floor, Springfield",Completed,23,592
188,2013-05-07 10:00,J28,Joint Committee on Housing,"A-2, 24 Beacon Street, Boston",Completed,16,567
188,2013-05-07 10:30,J26,Joint Committee on Revenue,"A-2, 24 Beacon Street, Boston",Completed,40,590
188,2013-05-07 11:00,J30,"Joint Committee on Tourism, Arts and Cultural Development","Wilmington Public High School, 161 Church Street, Wilmington",Completed,2,576
188,2013-05-07 12:00,J21,"Joint Committee on Environment, Natural Resources and Agriculture","Western New England University, Blake Law Center, Moot Court Room, 1st Floor, Springfield",Completed,0,593
188,2013-05-07 13:00,J13,"Joint Committee on Children, Families and Persons with Disabilities","Wilmington Public High School, 161 Church Street, Wilmington",Completed,12,595
188,2013-05-07 13:00,J17,Joint Committee on Consumer Protection and Professional Licensure,"A-2, 24 Beacon Street, Boston",Completed,15,582
188,2013-05-07 13:00,J19,Joint Committee on the Judiciary,"A-2, 24 Beacon Street, Boston",Completed,75,599
188,2013-05-08 11:00,H32,"House Committee on Bonding, Capital Expenditures and State Assets","A-2, 24 Beacon Street, Boston",Completed,0,583
188,2013-05-08 13:30,J11,Joint Committee on Financial Services,"A-2, 24 Beacon Street, Boston",Completed,19,586
188,2013-05-09 10:00,J21,"Joint Committee on Environment, Natural Resources and Agriculture","A-2, 24 Beacon Street, Boston",Completed,14,596
188,2013-05-09 10:00,J47,Joint Committee on Community Development and Small Businesses,"Wilmington Public High School, 161 Church Street, Wilmington",Completed,8,653
188,2013-05-09 12:00,J21,"Joint Committee on Environment, Natural Resources and Agriculture","A-2, 24 Beacon Street, Boston",Completed,0,597
188,2013-05-14 10:00,J14,Joint Committee on Education,"A-1 (10:00 - 1:00); Gardner Auditorium (1:00-3:00), 24 Beacon Street, Boston",Completed,15,531
188,2013-05-14 10:00,J16,Joint Committee on Public Health,"Wilmington Public High School, 161 Church Street, Wilmington",Completed,23,603
188,2013-05-14 10:00,J28,Joint Committee on Housing,"A-2, 24 Beacon Street, Boston",Completed,15,568
188,2013-05-14 10:30,J26,Joint Committee on Revenue,"A-2, 24 Beacon Street, Boston",Completed,47,608
188,2013-05-14 11:00,J23,Joint Committee on Public Service,"Western New England University, Blake Law Center, Moot Court Room, 1st Floor, Springfield",Completed,38,600
188,2013-05-14 13:00,J11,Joint Committee on Financial Services,"Wilmington Public High School, 161 Church Street, Wilmington",Completed,21,587
188,2013-05-14 13:00,J17,Joint Committee on Consumer Protection and Professional Licensure,"A-2, 24 Beacon Street, Boston",Completed,10,611
188,2013-05-14 13:00,J18,Joint Committee on Mental Health and Substance Abuse,"Wilmington Public High School, 161 Church Street, Wilmington",Completed,13,570
188,2013-05-14 14:00,J10,Joint Committee on Municipalities and Regional Government,"A-1 (10:00-1:00); Room 222 (1:00-3:00), 24 Beacon Street, Boston",Completed,21,609
188,2013-05-15 10:30,J29,Joint Committee on Higher Education,"A-2, 24 Beacon Street, Boston",Completed,10,546
188,2013-05-15 11:00,J12,Joint Committee on Economic Development and Emerging Technologies,"A-1 (10:00-1:00); Room 222 (1:00-3:00), 24 Beacon Street, Boston",Completed,2,606
188,2013-05-15 13:00,J25,Joint Committee on State Administration and Regulatory Oversight,"A-2, 24 Beacon Street, Boston",Completed,39,604
188,2013-05-15 13:00,J31,Joint Committee on Veterans and Federal Affairs,"Hanover High School, 287 Cedar St., Hanover",Completed,7,612
188,2013-05-15 14:00,J15,Joint Committee on Election Laws,"Wilmington Public High School, 161 Church Street, Wilmington",Completed,30,575
188,2013-05-16 13:00,J27,Joint Committee on Transportation,"Wilmington Public High School, 161 Church Street, Wilmington",Completed,19,610
188,2013-05-21 10:00,J22,Joint Committee on Public Safety and Homeland Security,"Wilmington Public High School, 161 Church Street, Wilmington",Completed,14,627
188,2013-05-21 13:00,J13,"Joint Committee on Children, Families and Persons with Disabilities","Wilmington Public High School, 161 Church Street, Wilmington",Completed,16,629
188,2013-05-28 10:30,J26,Joint Committee on Revenue,"Wilmington Public High School, 161 Church Street, Wilmington",Completed,47,631
188,2013-05-28 11:00,J43,Joint Committee on Labor and Workforce Development,"A-2, 24 Beacon Street, Boston",Completed,16,535
188,2013-05-29 11:00,H32,"House Committee on Bonding, Capital Expenditures and State Assets","A-2, 24 Beacon Street, Boston",Completed,0,628
188,2013-05-29 11:00,J24,Joint Committee on Health Care Financing,"Wilmington Public High School, 161 Church Street, Wilmington",Completed,8,625
188,2013-05-29 11:00,J25,Joint Committee on State Administration and Regulatory Oversight,"A-2, 24 Beacon Street, Boston",Completed,3,633
188,2013-05-30 10:00,J14,Joint Committee on Education,"A-2, 24 Beacon Street, Boston",Completed,21,544
188,2013-06-03 10:00,J21,"Joint Committee on Environment, Natural Resources and Agriculture","David Prouty High School, 302 Main Street, Spencer",Completed,17,626
188,2013-06-03 11:00,H32,"House Committee on Bonding, Capital Expenditures and State Assets","A-2, 24 Beacon Street, Boston",Completed,2,634
188,2013-06-03 12:30,H32,"House Committee on Bonding, Capital Expenditures and State Assets","A-2, 24 Beacon Street, Boston",Completed,2,638
188,2013-06-04 10:00,J28,Joint Committee on Housing,"A-2, 24 Beacon Street, Boston",Completed,6,569
188,2013-06-04 11:00,J10,Joint Committee on Municipalities and Regional Government,"Wilmington Public High School, 161 Church Street, Wilmington",Completed,16,630
188,2013-06-04 13:00,J13,"Joint Committee on Children, Families and Persons with Disabilities","A-2, 24 Beacon Street, Boston",Completed,17,635
188,2013-06-04 13:00,J16,Joint Committee on Public Health,"A-1 (10:00-1:00); Room 222 (1:00-3:00), 24 Beacon Street, Boston",Completed,20,605
188,2013-06-04 13:00,J17,Joint Committee on Consumer Protection and Professional Licensure,"A-2, 24 Beacon Street, Boston",Completed,13,637
188,2013-06-05 10:00,H32,"House Committee on Bonding, Capital Expenditures and State Assets","A-2, 24 Beacon Street, Boston",Completed,0,639
188,2013-06-05 13:00,J31,Joint Committee on Veterans and Federal Affairs,"Wilmington Public High School, 161 Church Street, Wilmington",Completed,6,644
188,2013-06-06 10:00,J14,Joint Committee on Education,"A-2, 24 Beacon Street, Boston",Completed,17,613
188,2013-06-06 10:30,J29,Joint Committee on Higher Education,"A-2, 24 Beacon Street, Boston",Completed,9,547
188,2013-06-10 11:00,J23,Joint Committee on Public Service,"A-2, 24 Beacon Street, Boston",Completed,23,640
188,2013-06-11 09:30,J26,Joint Committee on Revenue,"A-2, 24 Beacon Street, Boston",Completed,38,641
188,2013-06-11 10:00,J16,Joint Committee on Public Health,"A-2, 24 Beacon Street, Boston",Completed,21,607
188,2013-06-11 10:00,J43,Joint Committee on Labor and Workforce Development,"Arlington Town Hall, Auditorium, Arlington",Completed,15,536
188,2013-06-11 10:00,S48,Senate Committee on Post Audit and Oversight,"A-1 (10:00-1:00); Room 222 (1:00-3:00), 24 Beacon Street, Boston",Completed,0,657
188,2013-06-11 11:00,J30,"Joint Committee on Tourism, Arts and Cultural Development","Wilmington Public High School, 161 Church Street, Wilmington",Completed,4,623
188,2013-06-11 12:00,J18,Joint Committee on Mental Health and Substance Abuse,"Hanover High School, 287 Cedar St., Hanover",Completed,13,654
188,2013-06-11 13:00,J17,Joint Committee on Consumer Protection and Professional Licensure,"A-2, 24 Beacon Street, Boston",Completed,17,648
188,2013-06-11 13:00,J18,Joint Committee on Mental Health and Substance Abuse,"A-2, 24 Beacon Street, Boston",Completed,11,571
188,2013-06-11 13:00,J25,Joint Committee on State Administration and Regulatory Oversight,"Hanover High School, 287 Cedar St., Hanover",Completed,3,656
188,2013-06-11 13:00,J37,"Joint Committee on Telecommunications, Utilities and Energy","Wilmington Public High School, 161 Church Street, Wilmington",Completed,14,594
188,2013-06-11 15:30,J17,Joint Committee on Consumer Protection and Professional Licensure,"A-2, 24 Beacon Street, Boston",Completed,5,668
188,2013-06-12 10:30,H32,"House Committee on Bonding, Capital Expenditures and State Assets","A-2, 24 Beacon Street, Boston",Completed,0,655
188,2013-06-12 13:00,J11,Joint Committee on Financial Services,"A-2, 24 Beacon Street, Boston",Completed,22,645
188,2013-06-13 10:00,J14,Joint Committee on Education,"A-2, 24 Beacon Street, Boston",Completed,21,620
188,2013-06-17 14:00,H46,House Committee on Post Audit and Oversight,"A-2, 24 Beacon Street, Boston",Completed,0,676
188,2013-06-18 09:30,J26,Joint Committee on Revenue,"A-2, 24 Beacon Street, Boston",Completed,26,660
188,2013-06-18 10:00,J21,"Joint Committee on Environment, Natural Resources and Agriculture","Wilmington Public High School, 161 Church Street, Wilmington",Completed,6,650
188,2013-06-18 11:00,J23,Joint Committee on Public Service,"Wilmington Public High School, 161 Church Street, Wilmington",Completed,17,670
188,2013-06-18 12:00,J21,"Joint Committee on Environment, Natural Resources and Agriculture","Wilmington Public High School, 161 Church Street, Wilmington",Completed,0,651
188,2013-06-18 13:00,J10,Joint Committee on Municipalities and Regional Government,"A-1 (10:00-1:00); Room 222 (1:00-3:00), 24 Beacon Street, Boston",Completed,34,663
188,2013-06-18 13:00,J13,"Joint Committee on Children, Families and Persons with Disabilities","Wilmington Public High School, 161 Church Street, Wilmington",Completed,12,669
188,2013-06-18 13:00,J17,Joint Committee on Consumer Protection and Professional Licensure,"A-2, 24 Beacon Street, Boston",Completed,27,672
188,2013-06-18 13:00,J37,"Joint Committee on Telecommunications, Utilities and Energy","A-2, 24 Beacon Street, Boston",Completed,18,598
188,2013-06-18 13:00,J44,Joint Committee on Elder Affairs,"Western New England University, Blake Law Center, Moot Court Room, 1st Floor, Springfield",Completed,12,674
188,2013-06-18 15:00,H46,House Committee on Post Audit and Oversight,"Arlington Town Hall, Auditorium, Arlington",Completed,0,677
188,2013-06-19 10:30,J29,Joint Committee on Higher Education,"A-2, 24 Beacon Street, Boston",Completed,19,548
188,2013-06-19 13:00,J19,Joint Committee on the Judiciary,"A-2, 24 Beacon Street, Boston",Completed,45,667
188,2013-06-19 14:00,J15,Joint Committee on Election Laws,"A-2, 24 Beacon Street, Boston",Completed,27,632
188,2013-06-20 10:00,J14,Joint Committee on Education,"A-2, 24 Beacon Street, Boston",Completed,15,615
188,2013-06-20 10:00,J47,Joint Committee on Community Development and Small Businesses,"Wilmington Public High School, 161 Church Street, Wilmington",Completed,5,647
188,2013-06-20 12:00,J14,Joint Committee on Education,"A-2, 24 Beacon Street, Boston",Completed,6,681
188,2013-06-20 13:00,J11,Joint Committee on Financial Services,"A-2, 24 Beacon Street, Boston",Completed,22,646
188,2013-06-20 13:00,J21,"Joint Committee on Environment, Natural Resources and Agriculture","Arlington Town Hall, Auditorium, Arlington",Completed,12,664
188,2013-06-20 16:00,J21,"Joint Committee on Environment, Natural Resources and Agriculture","Arlington Town Hall, Auditorium, Arlington",Completed,0,665
188,2013-06-25 10:00,J16,Joint Committee on Public Health,"A-2, 24 Beacon Street, Boston",Completed,20,678
188,2013-06-25 10:00,J43,Joint Committee on Labor and Workforce Development,"Wilmington Public High School, 161 Church Street, Wilmington",Completed,25,601
188,2013-06-25 10:30,J26,Joint Committee on Revenue,"A-2, 24 Beacon Street, Boston",Completed,46,682
188,2013-06-25 13:00,J24,Joint Committee on Health Care Financing,"A-1 (10:00-1:00); Room 222 (1:00-3:00), 24 Beacon Street, Boston",Completed,17,673
188,2013-06-26 10:00,J27,Joint Committee on Transportation,"Wilmington Public High School, 161 Church Street, Wilmington",Completed,25,652
188,2013-06-26 11:00,J12,Joint Committee on Economic Development and Emerging Technologies,"Western New England University, Blake Law Center, Moot Court Room, 1st Floor, Springfield",Completed,13,675
188,2013-06-26 11:00,J23,Joint Committee on Public Service,"A-2, 24 Beacon Street, Boston",Completed,19,683
188,2013-06-27 10:00,J14,Joint Committee on Education,"A-2, 24 Beacon Street, Boston",Completed,11,621
188,2013-06-27 10:00,S32,"Senate Committee on Bonding, Capital Expenditures and State Assets","TBD, 24 Beacon Street, Boston",Completed,1,711
188,2013-06-27 13:00,J21,"Joint Committee on Environment, Natural Resources and Agriculture","Wilmington Public High School, 161 Church Street, Wilmington",Completed,20,686
188,2013-06-27 14:00,J22,Joint Committee on Public Safety and Homeland Security,"Wilmington Public High School, 161 Church Street, Wilmington",Completed,7,688
188,2013-06-27 16:00,J21,"Joint Committee on Environment, Natural Resources and Agriculture","Wilmington Public High School, 161 Church Street, Wilmington",Completed,0,687
188,2013-07-09 09:30,J16,Joint Committee on Public Health,"A-1 (10:00-1:00); Room 222 (1:00-3:00), 24 Beacon Street, Boston",Completed,31,679
188,2013-07-09 09:30,J26,Joint Committee on Revenue,"A-2, 24 Beacon Street, Boston",Completed,30,695
188,2013-07-09 10:00,J37,"Joint Committee on Telecommunications, Utilities and Energy","A-2, 24 Beacon Street, Boston",Completed,20,661
188,2013-07-09 11:00,H32,"House Committee on Bonding, Capital Expenditures and State Assets","Wilmington Public High School, 161 Church Street, Wilmington",Completed,0,696
188,2013-07-09 13:00,J10,Joint Committee on Municipalities and Regional Government,"Wilmington Public High School, 161 Church Street, Wilmington",Completed,26,689
188,2013-07-09 13:00,J19,Joint Committee on the Judiciary,"Arlington Town Hall, Auditorium, Arlington",Completed,210,692
188,2013-07-10 11:00,J25,Joint Committee on State Administration and Regulatory Oversight,"Wilmington Public High School, 161 Church Street, Wilmington",Completed,21,701
188,2013-07-10 11:00,J31,Joint Committee on Veterans and Federal Affairs,"A-2, 24 Beacon Street, Boston",Completed,5,700
188,2013-07-16 10:00,J37,"Joint Committee on Telecommunications, Utilities and Energy","A-2, 24 Beacon Street, Boston",Completed,18,662
188,2013-07-16 10:00,J43,Joint Committee on Labor and Workforce Development,"Cary Hall, 1605 Massachusetts Ave, Lexington",Completed,19,537
188,2013-07-16 11:00,J23,Joint Committee on Public Service,"A-2, 24 Beacon Street, Boston",Completed,27,704
188,2013-07-16 13:00,J13,"Joint Committee on Children, Families and Persons with Disabilities","Wilmington Public High School, 161 Church Street, Wilmington",Completed,18,691
188,2013-07-16 13:00,J17,Joint Committee on Consumer Protection and Professional Licensure,"A-2, 24 Beacon Street, Boston",Completed,32,690
188,2013-07-16 15:30,J17,Joint Committee on Consumer Protection and Professional Licensure,"A-2, 24 Beacon Street, Boston",Completed,6,708
188,2013-07-17 10:30,J29,Joint Committee on Higher Education,"A-2, 24 Beacon Street, Boston",Completed,9,643
188,2013-07-17 11:00,H32,"House Committee on Bonding, Capital Expenditures and State Assets","Wilmington Public High School, 161 Church Street, Wilmington",Completed,0,705
188,2013-07-18 10:00,J47,Joint Committee on Community Development and Small Businesses,"A-2, 24 Beacon Street, Boston",Completed,6,694
188,2013-07-18 10:00,S32,"Senate Committee on Bonding, Capital Expenditures and State Assets","Wilmington Public High School, 161 Church Street, Wilmington",Completed,2,709
188,2013-07-22 13:00,J28,Joint Committee on Housing,"Springfield State Office Building, 436 Dwight Street, Springfield",Completed,5,697
188,2013-07-23 10:00,H32,"House Committee on Bonding, Capital Expenditures and State Assets","Wilmington Public High School, 161 Church Street, Wilmington",Completed,0,712
188,2013-07-23 10:00,J10,Joint Committee on Municipalities and Regional Government,"A-2, 24 Beacon Street, Boston",Completed,26,706
188,2013-07-23 11:00,J23,Joint Committee on Public Service,"A-2, 24 Beacon Street, Boston",Completed,36,713
188,2013-07-23 13:00,J17,Joint Committee on Consumer Protection and Professional Licensure,"A-2, 24 Beacon Street, Boston",Completed,3,666
188,2013-07-30 11:00,J24,Joint Committee on Health Care Financing,"A-2, 24 Beacon Street, Boston",Completed,25,707
188,2013-08-06 11:00,H32,"House Committee on Bonding, Capital Expenditures and State Assets","A-2, 24 Beacon Street, Boston",Completed,0,720
188,2013-08-19 10:00,S32,"Senate Committee on Bonding, Capital Expenditures and State Assets","Wilmington Public High School, 161 Church Street, Wilmington",Completed,10,725
188,2013-09-10 10:00,J16,Joint Committee on Public Health,"A-2, 24 Beacon Street, Boston",Completed,25,723
188,2013-09-10 10:00,J43,Joint Committee on Labor and Workforce Development,"Wilmington Public High School, 161 Church Street, Wilmington",Completed,23,539
188,2013-09-10 10:30,J26,Joint Committee on Revenue,"A-2, 24 Beacon Street, Boston",Completed,45,734
188,2013-09-10 11:00,J12,Joint Committee on Economic Development and Emerging Technologies,"Western New England University, Blake Law Center, Moot Court Room, 1st Floor, Springfield",Completed,15,735
188,2013-09-10 11:00,J23,Joint Committee on Public Service,"Arlington Town Hall, Auditorium, Arlington",Completed,32,728
188,2013-09-10 11:00,J30,"Joint Committee on Tourism, Arts and Cultural Development","A-2, 24 Beacon Street, Boston",Completed,6,624
188,2013-09-10 12:00,J12,Joint Committee on Economic Development and Emerging Technologies,"Western New England University, 1215 Wilbraham Road, Springfield",Completed,0,751
188,2013-09-10 13:00,J17,Joint Committee on Consumer Protection and Professional Licensure,"Wilmington Public High School, 161 Church Street, Wilmington",Completed,8,739
188,2013-09-10 13:00,J18,Joint Committee on Mental Health and Substance Abuse,"A-2, 24 Beacon Street, Boston",Completed,12,572
188,2013-09-10 13:00,J27,Joint Committee on Transportation,"Western New England University, Blake Law Center, Moot Court Room, 1st Floor, Springfield",Completed,44,731
188,2013-09-10 13:00,J37,"Joint Committee on Telecommunications, Utilities and Energy","A-2, 24 Beacon Street, Boston",Completed,19,714
188,2013-09-11 12:30,H32,"House Committee on Bonding, Capital Expenditures and State Assets","A-2, 24 Beacon Street, Boston",Completed,1,732
188,2013-09-12 10:00,J14,Joint Committee on Education,"A-2, 24 Beacon Street, Boston",Completed,19,618
188,2013-09-13 10:00,J22,Joint Committee on Public Safety and Homeland Security,"Arlington Town Hall, Auditorium, Arlington",Completed,58,680
188,2013-09-16 10:30,J44,Joint Committee on Elder Affairs,"Wilmington Public High School, 161 Church Street, Wilmington",Completed,11,737
188,2013-09-17 11:00,J24,Joint Committee on Health Care Financing,"A-2, 24 Beacon Street, Boston",Completed,25,742
188,2013-09-17 13:00,J10,Joint Committee on Municipalities and Regional Government,"A-2, 24 Beacon Street, Boston",Completed,20,733
188,2013-09-17 13:00,J11,Joint Committee on Financial Services,"A-2, 24 Beacon Street, Boston",Completed,21,743
188,2013-09-17 13:00,J37,"Joint Committee on Telecommunications, Utilities and Energy","Arlington Town Hall, Auditorium, Arlington",Completed,13,715
188,2013-09-18 11:00,H32,"House Committee on Bonding, Capital Expenditures and State Assets","Wilmington Public High School, 161 Church Street, Wilmington",Completed,1,727
188,2013-09-18 11:00,J21,"Joint Committee on Environment, Natural Resources and Agriculture","Arlington Town Hall, Auditorium, Arlington",Completed,1,763
188,2013-09-18 14:00,J15,Joint Committee on Election Laws,"A-2, 24 Beacon Street, Boston",Completed,19,762
188,2013-09-18 16:00,J21,"Joint Committee on Environment, Natural Resources and Agriculture","Arlington Town Hall, Auditorium, Arlington",Completed,0,764
188,2013-09-19 10:00,J14,Joint Committee on Education,"A-2, 24 Beacon Street, Boston",Completed,25,614
188,2013-09-19 11:00,J47,Joint Committee on Community Development and Small Businesses,"Quincy Chamber of Commerce, Center for Innovation,, Quincy TBD, Quincy",Completed,0,760
188,2013-09-23 10:00,J29,Joint Committee on Higher Education,"University of Massachusetts Lowell, Alumni Hall, Lowell",Completed,0,746
188,2013-09-24 10:00,J16,Joint Committee on Public Health,"A-2, 24 Beacon Street, Boston",Completed,21,757
188,2013-09-24 10:00,J43,Joint Committee on Labor and Workforce Development,"Wilmington Public High School, 161 Church Street, Wilmington",Completed,2,719
188,2013-09-24 13:00,J18,Joint Committee on Mental Health and Substance Abuse,"A-2, 24 Beacon Street, Boston",Completed,11,573
188,2013-09-24 13:30,J27,Joint Committee on Transportation,"A-2, 24 Beacon Street, Boston",Completed,47,761
188,2013-09-25 11:00,H32,"House Committee on Bonding, Capital Expenditures and State Assets","Wilmington Public High School, 161 Church Street, Wilmington",Completed,0,767
188,2013-09-25 13:00,J19,Joint Committee on the Judiciary,"A-2, 24 Beacon Street, Boston",Completed,52,766
188,2013-09-26 10:00,J21,"Joint Committee on Environment, Natural Resources and Agriculture","A-2, 24 Beacon Street, Boston",Completed,31,771
188,2013-09-26 16:00,J21,"Joint Committee on Environment, Natural Resources and Agriculture","A-2, 24 Beacon Street, Boston",Completed,0,772
188,2013-09-30 10:00,J29,Joint Committee on Higher Education,"Holyoke Community College, Kittredge Building - Room 301, Holyoke",Completed,0,747
188,2013-09-30 11:00,J25,Joint Committee on State Administration and Regulatory Oversight,"Minnechaug Regional High School, 621 Main Street, Wilbraham",Completed,11,773
188,2013-09-30 14:00,J29,Joint Committee on Higher Education,"Greenfield Community College, College Auditorium, Greenfield",Completed,0,748
188,2013-10-01 10:00,J16,Joint Committee on Public Health,"A-2, 24 Beacon Street, Boston",Completed,18,758
188,2013-10-01 10:00,J28,Joint Committee on Housing,"Arlington Town Hall, Auditorium, Arlington",Completed,5,699
188,2013-10-01 11:00,H32,"House Committee on Bonding, Capital Expenditures and State Assets","A-2, 24 Beacon Street, Boston",Completed,0,768
188,2013-10-01 13:00,J17,Joint Committee on Consumer Protection and Professional Licensure,"A-2, 24 Beacon Street, Boston",Completed,6,769
188,2013-10-01 13:00,J31,Joint Committee on Veterans and Federal Affairs,"A-1 (10:00-1:00); Room 222 (1:00-3:00), 24 Beacon Street, Boston",Completed,9,776
188,2013-10-03 10:00,J22,Joint Committee on Public Safety and Homeland Security,"A-2, 24 Beacon Street, Boston",Completed,28,777
188,2013-10-07 10:00,J22,Joint Committee on Public Safety and Homeland Security,"A-2, 24 Beacon Street, Boston",Completed,20,778
188,2013-10-07 10:00,J25,Joint Committee on State Administration and Regulatory Oversight,"Hanover High School, 287 Cedar St., Hanover",Completed,1,787
188,2013-10-07 13:00,J28,Joint Committee on Housing,"Robertson on the River, 120 Ingell Street, Taunton",Completed,5,698
188,2013-10-08 10:00,J14,Joint Committee on Education,"Arlington Town Hall, Auditorium, Arlington",Completed,23,616
188,2013-10-08 10:00,J24,Joint Committee on Health Care Financing,"Wilmington Public High School, 161 Church Street, Wilmington",Completed,18,781
188,2013-10-08 10:00,J37,"Joint Committee on Telecommunications, Utilities and Energy","A-2, 24 Beacon Street, Boston",Completed,15,716
188,2013-10-08 10:00,J43,Joint Committee on Labor and Workforce Development,"A-2, 24 Beacon Street, Boston",Completed,24,540
188,2013-10-08 13:00,J13,"Joint Committee on Children, Families and Persons with Disabilities","A-2, 24 Beacon Street, Boston",Completed,13,782
188,2013-10-08 13:00,J17,Joint Committee on Consumer Protection and Professional Licensure,"Wilmington Public High School, 161 Church Street, Wilmington",Completed,8,780
188,2013-10-10 13:00,J11,Joint Committee on Financial Services,"A-2, 24 Beacon Street, Boston",Completed,11,744
188,2013-10-15 12:00,J25,Joint Committee on State Administration and Regulatory Oversight,"A-2, 24 Beacon Street, Boston",Completed,29,788
188,2013-10-16 10:00,H32,"House Committee on Bonding, Capital Expenditures and State Assets","Wilmington Public High School, 161 Church Street, Wilmington",Completed,1,789
188,2013-10-16 11:30,J17,Joint Committee on Consumer Protection and Professional Licensure,"A-1 (10:00-1:00); Room 222 (1:00-3:00), 24 Beacon Street, Boston",Completed,1,792
188,2013-10-16 13:00,J11,Joint Committee on Financial Services,"A-2, 24 Beacon Street, Boston",Completed,25,745
188,2013-10-16 14:00,J15,Joint Committee on Election Laws,"A-2, 24 Beacon Street, Boston",Completed,27,774
188,2013-10-17 10:00,J14,Joint Committee on Education,"A-2, 24 Beacon Street, Boston",Completed,25,622
188,2013-10-17 13:00,J14,Joint Committee on Education,"A-2, 24 Beacon Street, Boston",Completed,0,791
188,2013-10-21 10:00,J29,Joint Committee on Higher Education,"Suffolk University, 73 Tremont Street, Boston",Completed,0,753
188,2013-10-22 09:00,J18,Joint Committee on Mental Health and Substance Abuse,"A-2, 24 Beacon Street, Boston",Completed,10,574
188,2013-10-22 10:00,J25,Joint Committee on State Administration and Regulatory Oversight,"Wilmington Public High School, 161 Church Street, Wilmington",Completed,24,798
188,2013-10-22 10:00,J28,Joint Committee on Housing,"A-2, 24 Beacon Street, Boston",Completed,34,765
188,2013-10-22 11:00,J23,Joint Committee on Public Service,"A-2, 24 Beacon Street, Boston",Completed,25,729
188,2013-10-22 11:00,J47,Joint Committee on Community Development and Small Businesses,"TBD, Barnstable Town Hall, Barnstable",Completed,0,785
188,2013-10-22 13:00,J10,Joint Committee on Municipalities and Regional Government,"Hanover High School, 287 Cedar St., Hanover",Completed,9,790
188,2013-10-22 13:00,J13,"Joint Committee on Children, Families and Persons with Disabilities","A-2, 24 Beacon Street, Boston",Completed,14,795
188,2013-10-22 13:00,J17,Joint Committee on Consumer Protection and Professional Licensure,"Wilmington Public High School, 161 Church Street, Wilmington",Completed,6,783
188,2013-10-22 13:00,J19,Joint Committee on the Judiciary,"A-2, 24 Beacon Street, Boston",Completed,59,796
188,2013-10-22 13:00,J24,Joint Committee on Health Care Financing,"A-2, 24 Beacon Street, Boston",Completed,7,797
188,2013-10-22 15:00,J17,Joint Committee on Consumer Protection and Professional Licensure,"Wilmington Public High School, 161 Church Street, Wilmington",Completed,0,801
188,2013-10-23 13:00,J21,"Joint Committee on Environment, Natural Resources and Agriculture","A-2, 24 Beacon Street, Boston",Completed,35,804
188,2013-10-23 16:00,J21,"Joint Committee on Environment, Natural Resources and Agriculture","A-2, 24 Beacon Street, Boston",Completed,0,805
188,2013-10-24 10:00,J14,Joint Committee on Education,"A-2, 24 Beacon Street, Boston",Completed,31,619
188,2013-10-28 10:00,J29,Joint Committee on Higher Education,"Bridgewater State University, Ballroom - Rondileau Campus Center, Bridgewater",Completed,0,754
188,2013-10-28 10:00,S48,Senate Committee on Post Audit and Oversight,"A-2, 24 Beacon Street, Boston",Completed,0,814
188,2013-10-29 10:00,J16,Joint Committee on Public Health,"Wilmington Public High School, 161 Church Street, Wilmington",Completed,25,793
188,2013-10-29 10:00,J37,"Joint Committee on Telecommunications, Utilities and Energy","A-2, 24 Beacon Street, Boston",Completed,9,717
188,2013-10-29 13:00,J17,Joint Committee on Consumer Protection and Professional Licensure,"A-2, 24 Beacon Street, Boston",Completed,23,800
188,2013-10-31 10:00,J14,Joint Committee on Education,"A-2, 24 Beacon Street, Boston",Completed,25,617
188,2013-10-31 11:00,J23,Joint Committee on Public Service,"Arlington Town Hall, Auditorium, Arlington",Completed,1,730
188,2013-10-31 13:00,J14,Joint Committee on Education,"A-2, 24 Beacon Street, Boston",Completed,0,816
188,2013-10-31 13:00,J27,Joint Committee on Transportation,"A-2, 24 Beacon Street, Boston",Completed,37,799
188,2013-11-04 13:00,J21,"Joint Committee on Environment, Natural Resources and Agriculture","A-2, 24 Beacon Street, Boston",Completed,35,810
188,2013-11-04 16:00,J21,"Joint Committee on Environment, Natural Resources and Agriculture","A-1 (10:00-1:00); Room 222 (1:00-3:00), 24 Beacon Street, Boston",Completed,0,811
188,2013-11-05 10:00,J16,Joint Committee on Public Health,"A-2, 24 Beacon Street, Boston",Completed,18,794
188,2013-11-05 13:00,J13,"Joint Committee on Children, Families and Persons with Disabilities","A-2, 24 Beacon Street, Boston",Completed,14,819
188,2013-11-06 13:00,J11,Joint Committee on Financial Services,"Wilmington Public High School, 161 Church Street, Wilmington",Completed,21,820
188,2013-11-06 13:00,J21,"Joint Committee on Environment, Natural Resources and Agriculture","A-2, 24 Beacon Street, Boston",Completed,21,812
188,2013-11-06 13:00,J25,Joint Committee on State Administration and Regulatory Oversight,"A-2, 24 Beacon Street, Boston",Completed,33,822
188,2013-11-06 16:00,J21,"Joint Committee on Environment, Natural Resources and Agriculture","A-2, 24 Beacon Street, Boston",Completed,0,813
188,2013-11-08 10:00,J29,Joint Committee on Higher Education,"College of the Holy Cross, 1 College Street, Worcester",Completed,0,755
188,2013-11-12 10:00,J37,"Joint Committee on Telecommunications, Utilities and Energy","A-2, 24 Beacon Street, Boston",Completed,15,718
188,2013-11-12 10:00,J43,Joint Committee on Labor and Workforce Development,"Wilmington Public High School, 161 Church Street, Wilmington",Completed,16,541
188,2013-11-12 11:00,J24,Joint Committee on Health Care Financing,"A-2, 24 Beacon Street, Boston",Completed,22,825
188,2013-11-12 13:00,J10,Joint Committee on Municipalities and Regional Government,"Hanover High School, 287 Cedar St., Hanover",Completed,4,823
188,2013-11-12 13:00,J17,Joint Committee on Consumer Protection and Professional Licensure,"Arlington Town Hall, Auditorium, Arlington",Completed,18,802
188,2013-11-13 11:00,J12,Joint Committee on Economic Development and Emerging Technologies,"Wilmington Public High School, 161 Church Street, Wilmington",Completed,12,815
188,2013-11-13 13:00,J11,Joint Committee on Financial Services,"A-2, 24 Beacon Street, Boston",Completed,21,821
188,2013-11-13 13:00,J19,Joint Committee on the Judiciary,"A-2, 24 Beacon Street, Boston",Completed,107,824
188,2013-11-13 13:30,J25,Joint Committee on State Administration and Regulatory Oversight,"Wilmington Public High School, 161 Church Street, Wilmington",Completed,1,826
188,2013-11-14 10:00,S48,Senate Committee on Post Audit and Oversight,"A-2, 24 Beacon Street, Boston",Completed,0,833
188,2013-11-14 11:00,J28,Joint Committee on Housing,"A-2, 24 Beacon Street, Boston",Completed,14,817
188,2013-11-18 10:30,J44,Joint Committee on Elder Affairs,"Wilmington Public High School, 161 Church Street, Wilmington",Completed,10,828
188,2013-11-19 10:00,J16,Joint Committee on Public Health,"Wilmington Public High School, 161 Church Street, Wilmington",Completed,36,827
188,2013-11-19 11:00,J13,"Joint Committee on Children, Families and Persons with Disabilities","A-2, 24 Beacon Street, Boston",Completed,14,834
188,2013-11-19 13:00,J17,Joint Committee on Consumer Protection and Professional Licensure,"A-2, 24 Beacon Street, Boston",Completed,19,803
188,2013-11-19 16:00,J17,Joint Committee on Consumer Protection and Professional Licensure,"A-2, 24 Beacon Street, Boston",Completed,9,842
188,2013-11-20 10:00,J22,Joint Committee on Public Safety and Homeland Security,"Wilmington Public High School, 161 Church Street, Wilmington",Completed,27,829
188,2013-11-20 10:00,S32,"Senate Committee on Bonding, Capital Expenditures and State Assets","A-2, 24 Beacon Street, Boston",Completed,1,837
188,2013-11-20 13:00,J12,Joint Committee on Economic Development and Emerging Technologies,"Wilmington Public High School, 161 Church Street, Wilmington",Completed,3,838
188,2013-11-20 16:30,J21,"Joint Committee on Environment, Natural Resources and Agriculture","A-2, 24 Beacon Street, Boston",Completed,9,840
188,2013-11-21 11:00,J23,Joint Committee on Public Service,"A-2, 24 Beacon Street, Boston",Completed,34,831
188,2013-11-25 11:00,J23,Joint Committee on Public Service,"Arlington Town Hall, Auditorium, Arlington",Completed,4,832
188,2013-12-03 10:00,J16,Joint Committee on Public Health,"A-2, 24 Beacon Street, Boston",Completed,17,841
188,2013-12-03 13:00,J37,"Joint Committee on Telecommunications, Utilities and Energy","A-2, 24 Beacon Street, Boston",Completed,10,784
188,2013-12-04 14:00,J15,Joint Committee on Election Laws,"Wilmington Public High School, 161 Church Street, Wilmington",Completed,18,809
188,2013-12-09 11:00,J29,Joint Committee on Higher Education,"Berkshire Community College, Boland Theater, Pittsfield",Completed,0,836
188,2013-12-10 11:00,J23,Joint Committee on Public Service,"Wilmington Public High School, 161 Church Street, Wilmington",Completed,42,844
188,2013-12-10 12:00,J27,Joint Committee on Transportation,"A-2, 24 Beacon Street, Boston",Completed,25,845
188,2013-12-11 10:30,H32,"House Committee on Bonding, Capital Expenditures and State Assets","Wilmington Public High School, 161 Church Street, Wilmington",Completed,2,847
188,2013-12-11 13:00,J29,Joint Committee on Higher Education,"A-2, 24 Beacon Street, Boston",Completed,5,830
188,2013-12-12 10:00,J22,Joint Committee on Public Safety and Homeland Security,"A-2, 24 Beacon Street, Boston",Completed,27,848
188,2013-12-12 13:00,J47,Joint Committee on Community Development and Small Businesses,"A-2, 24 Beacon Street, Boston",Completed,6,843
188,2013-12-17 10:00,J16,Joint Committee on Public Health,"A-2, 24 Beacon Street, Boston",Completed,20,846
188,2013-12-18 10:00,J28,Joint Committee on Housing,"A-2, 24 Beacon Street, Boston",Completed,0,849
188,2013-12-18 12:30,J43,Joint Committee on Labor and Workforce Development,"A-2, 24 Beacon Street, Boston",Completed,18,542
188,2013-12-19 10:30,J25,Joint Committee on State Administration and Regulatory Oversight,"A-2, 24 Beacon Street, Boston",Completed,8,850
188,2014-01-07 11:00,J23,Joint Committee on Public Service,"A-2, 24 Beacon Street, Boston",Completed,48,852
188,2014-01-08 10:00,J37,"Joint Committee on Telecommunications, Utilities and Energy","A-2, 24 Beacon Street, Boston",Completed,2,851
188,2014-01-08 11:00,H32,"House Committee on Bonding, Capital Expenditures and State Assets","A-2, 24 Beacon Street, Boston",Completed,2,854
188,2014-01-08 11:00,H32,"House Committee on Bonding, Capital Expenditures and State Assets","A-2, 24 Beacon Street, Boston",Completed,2,855
188,2014-01-08 13:00,J25,Joint Committee on State Administration and Regulatory Oversight,"Wellesley Free Library, 530 Washington Street, Wellesley",Completed,1,856
188,2014-01-14 11:00,J23,Joint Committee on Public Service,"A-2, 24 Beacon Street, Boston",Completed,28,863
188,2014-01-16 10:30,J10,Joint Committee on Municipalities and Regional Government,"A-2, 24 Beacon Street, Boston",Completed,13,858
188,2014-01-16 10:30,J18,Joint Committee on Mental Health and Substance Abuse,"A-2, 24 Beacon Street, Boston",Completed,0,868
188,2014-01-16 13:00,J21,"Joint Committee on Environment, Natural Resources and Agriculture","Wilmington Public High School, 161 Church Street, Wilmington",Completed,2,867
188,2014-01-21 11:00,J23,Joint Committee on Public Service,"A-2, 24 Beacon Street, Boston",Completed,39,871
188,2014-01-21 13:00,J17,Joint Committee on Consumer Protection and Professional Licensure,"A-2, 24 Beacon Street, Boston",Completed,15,859
188,2014-01-21 16:00,J17,Joint Committee on Consumer Protection and Professional Licensure,"A-2, 24 Beacon Street, Boston",Completed,7,879
188,2014-01-23 10:00,J44,Joint Committee on Elder Affairs,"Wilmington Public High School, 161 Church Street, Wilmington",Completed,3,870
188,2014-01-23 11:00,H46,House Committee on Post Audit and Oversight,"Arlington Town Hall, Auditorium, Arlington",Completed,0,861
188,2014-01-28 10:30,J28,Joint Committee on Housing,"A-2, 24 Beacon Street, Boston",Completed,22,862
188,2014-01-28 11:00,J23,Joint Committee on Public Service,"Wilmington Public High School, 161 Church Street, Wilmington",Completed,0,893
188,2014-01-28 12:00,J28,Joint Committee on Housing,"A-2, 24 Beacon Street, Boston",Completed,0,878
188,2014-01-28 13:00,J13,"Joint Committee on Children, Families and Persons with Disabilities","Hanover High School, 287 Cedar St., Hanover",Completed,5,857
188,2014-01-28 13:00,J17,Joint Committee on Consumer Protection and Professional Licensure,"Wilmington Public High School, 161 Church Street, Wilmington",Completed,42,873
188,2014-01-28 14:00,J26,Joint Committee on Revenue,"A-2, 24 Beacon Street, Boston",Completed,10,876
188,2014-01-29 10:00,J25,Joint Committee on State Administration and Regulatory Oversight,"A-2, 24 Beacon Street, Boston",Completed,45,882
188,2014-01-29 12:00,S51,Senate Committee on Global Warming and Climate Change,"Wilmington Public High School, 161 Church Street, Wilmington",Completed,0,881
188,2014-01-30 10:00,S32,"Senate Committee on Bonding, Capital Expenditures and State Assets","Wilmington Public High School, 161 Church Street, Wilmington",Completed,4,877
188,2014-02-03 14:00,J30,"Joint Committee on Tourism, Arts and Cultural Development","A-2, 24 Beacon Street, Boston",Completed,2,880
188,2014-02-04 01:00,J17,Joint Committee on Consumer Protection and Professional Licensure,"Wilmington Public High School, 161 Church Street, Wilmington",Completed,2,883
188,2014-02-04 11:00,J39,Joint Committee on Ways and Means,"Arlington Town Hall, Auditorium, Arlington",Completed,0,884
188,2014-02-04 13:00,J18,Joint Committee on Mental Health and Substance Abuse,"A-1 (10:00-1:00); Room 222 (1:00-3:00), 24 Beacon Street, Boston",Completed,3,869
188,2014-02-06 11:00,J21,"Joint Committee on Environment, Natural Resources and Agriculture","Wilmington Public High School, 161 Church Street, Wilmington",Completed,2,886
188,2014-02-10 10:00,J39,Joint Committee on Ways and Means,"Perkins School for the Blind, Howe Building, Dwight Hall, Watertown",Completed,0,885
188,2014-02-11 10:00,J39,Joint Committee on Ways and Means,"Montachusett Technical School (Monty Tech), Dukakis Performing Arts Center, Fitchburg",Completed,0,887
188,2014-02-11 10:00,S32,"Senate Committee on Bonding, Capital Expenditures and State Assets","Wilmington Public High School, 161 Church Street, Wilmington",Completed,1,900
188,2014-02-11 10:30,S48,Senate Committee on Post Audit and Oversight,"A-2, 24 Beacon Street, Boston",Completed,0,905
188,2014-02-11 13:00,J22,Joint Committee on Public Safety and Homeland Security,"A-2, 24 Beacon Street, Boston",Completed,22,896
188,2014-02-12 10:00,J24,Joint Committee on Health Care Financing,"Wilmington Public High School, 161 Church Street, Wilmington",Completed,0,904
188,2014-02-12 10:00,J27,Joint Committee on Transportation,"A-2, 24 Beacon Street, Boston",Completed,52,902
188,2014-02-12 11:00,J12,Joint Committee on Economic Development and Emerging Technologies,"A-2, 24 Beacon Street, Boston",Completed,1,894
188,2014-02-12 11:00,J12,Joint Committee on Economic Development and Emerging Technologies,"A-2, 24 Beacon Street, Boston",Completed,0,897
188,2014-02-12 13:00,S52,Special Committee on Drug Abuse and Treatment Options,"Arlington Town Hall, Auditorium, Arlington",Completed,0,903
188,2014-02-18 11:00,J14,Joint Committee on Education,"A-2, 24 Beacon Street, Boston",Completed,2,899
188,2014-02-24 13:00,J23,Joint Committee on Public Service,"A-2, 24 Beacon Street, Boston",Completed,15,911
188,2014-02-25 10:00,J28,Joint Committee on Housing,"A-2, 24 Beacon Street, Boston",Completed,11,864
188,2014-02-25 10:00,J39,Joint Committee on Ways and Means,"UMass Center, Tower Square, Springfield",Completed,0,888
188,2014-02-25 11:00,J23,Joint Committee on Public Service,"A-2, 24 Beacon Street, Boston",Completed,0,898
188,2014-02-26 11:00,J25,Joint Committee on State Administration and Regulatory Oversight,"A-2, 24 Beacon Street, Boston",Completed,33,912
188,2014-02-26 13:00,J11,Joint Committee on Financial Services,"Wilmington Public High School, 161 Church Street, Wilmington",Completed,21,909
188,2014-02-27 13:00,J11,Joint Committee on Financial Services,"Wilmington Public High School, 161 Church Street, Wilmington",Completed,23,895
188,2014-02-28 10:00,J39,Joint Committee on Ways and Means,"Dedham Middle School, 70 Whiting Avenue, Dedham",Completed,0,889
188,2014-03-03 10:00,J39,Joint Committee on Ways and Means,"South Shore Vocational Technical School, 476 Webster Street, Hanover",Completed,0,890
188,2014-03-04 10:00,J25,Joint Committee on State Administration and Regulatory Oversight,"Wilmington Public High School, 161 Church Street, Wilmington",Completed,34,918
188,2014-03-04 10:00,J39,Joint Committee on Ways and Means,"Everett High School Library, 100 Elm Street, Everett",Completed,0,891
188,2014-03-04 11:00,J14,Joint Committee on Education,"A-2, 24 Beacon Street, Boston",Completed,0,919
188,2014-03-04 11:30,J29,Joint Committee on Higher Education,"A-2, 24 Beacon Street, Boston",Completed,0,908
188,2014-03-05 13:00,J11,Joint Committee on Financial Services,"A-2, 24 Beacon Street, Boston",Completed,20,910
188,2014-03-05 13:00,J27,Joint Committee on Transportation,"A-1 (10:00-1:00); Room 222 (1:00-3:00), 24 Beacon Street, Boston",Completed,40,913
188,2014-03-05 13:00,J31,Joint Committee on Veterans and Federal Affairs,"A-2, 24 Beacon Street, Boston",Completed,23,921
188,2014-03-05 13:00,J31,Joint Committee on Veterans and Federal Affairs,,Completed,0,922
188,2014-03-06 10:00,J37,"Joint Committee on Telecommunications, Utilities and Energy","A-2, 24 Beacon Street, Boston",Completed,1,914
188,2014-03-07 10:00,J39,Joint Committee on Ways and Means,"Arlington Town Hall, Auditorium, Arlington",Completed,0,892
188,2014-03-11 10:30,J29,Joint Committee on Higher Education,"A-2, 24 Beacon Street, Boston",Completed,1,907
188,2014-03-11 13:00,J10,Joint Committee on Municipalities and Regional Government,"A-1 (10:00-1:00); Room 222 (1:00-3:00), 24 Beacon Street, Boston",Completed,11,917
188,2014-03-11 14:00,J37,"Joint Committee on Telecommunications, Utilities and Energy","Wilmington Public High School, 161 Church Street, Wilmington",Completed,5,923
188,2014-03-13 10:00,J14,Joint Committee on Education,"A-1 (10:00-1:00); Room 222 (1:00-3:00), 24 Beacon Street, Boston",Completed,0,920
188,2014-03-13 13:30,J26,Joint Committee on Revenue,"A-2, 24 Beacon Street, Boston",Completed,3,926
188,2014-03-17 10:00,S52,Special Committee on Drug Abuse and Treatment Options,"Mount Wachusett Community College, Theatre at the Mount, Gardner",Completed,0,924
188,2014-03-17 11:00,J21,"Joint Committee on Environment, Natural Resources and Agriculture","A-2, 24 Beacon Street, Boston",Completed,5,927
188,2014-03-18 10:00,J16,Joint Committee on Public Health,"Wilmington Public High School, 161 Church Street, Wilmington",Completed,4,916
188,2014-03-18 10:00,J25,Joint Committee on State Administration and Regulatory Oversight,"A-1 (10:00-1:00); Room 222 (1:00-3:00), 24 Beacon Street, Boston",Completed,1,936
188,2014-03-18 10:00,J28,Joint Committee on Housing,"A-2, 24 Beacon Street, Boston",Completed,1,930
188,2014-03-18 10:00,J28,Joint Committee on Housing,"A-2, 24 Beacon Street, Boston",Completed,0,931
188,2014-03-18 11:30,J10,Joint Committee on Municipalities and Regional Government,"A-2, 24 Beacon Street, Boston",Completed,0,934
188,2014-03-18 13:00,J17,Joint Committee on Consumer Protection and Professional Licensure,"A-2, 24 Beacon Street, Boston",Completed,3,932
188,2014-03-18 14:30,J14,Joint Committee on Education,"A-1 (10:00-1:00); Room 222 (1:00-3:00), 24 Beacon Street, Boston",Completed,1,929
188,2014-03-18 15:00,J17,Joint Committee on Consumer Protection and Professional Licensure,"A-2, 24 Beacon Street, Boston",Completed,23,935
188,2014-03-18 15:30,J14,Joint Committee on Education,"A-1 (10:00-1:00); Room 222 (1:00-3:00), 24 Beacon Street, Boston",Completed,0,928
188,2014-03-24 11:00,J24,Joint Committee on Health Care Financing,"Arlington Town Hall, Auditorium, Arlington",Completed,4,925
188,2014-03-25 10:00,S52,Special Committee on Drug Abuse and Treatment Options,"Plymouth Public Library - Otto Fehlow Room, 132 South Street, Plymouth",Completed,0,937
188,2014-03-27 11:30,J25,Joint Committee on State Administration and Regulatory Oversight,"A-2, 24 Beacon Street, Boston",Completed,3,943
188,2014-03-31 10:00,S52,Special Committee on Drug Abuse and Treatment Options,"Methuen High School, 1 Ranger Road, Methuen",Completed,0,947
188,2014-04-01 10:30,J29,Joint Committee on Higher Education,"A-2, 24 Beacon Street, Boston",Completed,2,938
188,2014-04-02 12:00,J22,Joint Committee on Public Safety and Homeland Security,"Wilmington Public High School, 161 Church Street, Wilmington",Completed,1,948
188,2014-04-03 14:00,J15,Joint Committee on Election Laws,"A-2, 24 Beacon Street, Boston",Completed,1,945
188,2014-04-08 11:00,J37,"Joint Committee on Telecommunications, Utilities and Energy","Wilmington Public High School, 161 Church Street, Wilmington",Completed,1,941
188,2014-04-08 13:00,J19,Joint Committee on the Judiciary,"A-2, 24 Beacon Street, Boston",Completed,61,953
188,2014-04-08 14:00,J17,Joint Committee on Consumer Protection and Professional Licensure,"A-2, 24 Beacon Street, Boston",Completed,3,949
188,2014-04-08 14:30,J17,Joint Committee on Consumer Protection and Professional Licensure,"A-2, 24 Beacon Street, Boston",Completed,3,957
188,2014-04-09 11:00,J21,"Joint Committee on Environment, Natural Resources and Agriculture","Wilmington Public High School, 161 Church Street, Wilmington",Completed,4,955
188,2014-04-09 13:00,J19,Joint Committee on the Judiciary,"A-2, 24 Beacon Street, Boston",Completed,19,954
188,2014-04-10 11:00,H32,"House Committee on Bonding, Capital Expenditures and State Assets","A-2, 24 Beacon Street, Boston",Completed,1,942
188,2014-04-15 11:00,J24,Joint Committee on Health Care Financing,"A-1 (10:00-1:00); Room 222 (1:00-3:00), 24 Beacon Street, Boston",Completed,0,960
188,2014-04-16 11:00,J29,Joint Committee on Higher Education,"Conference Room 109, 24 Beacon Street, Boston",Completed,0,962
188,2014-04-16 13:00,J11,Joint Committee on Financial Services,"Wilmington Public High School, 161 Church Street, Wilmington",Completed,1,956
188,2014-04-16 13:00,J19,Joint Committee on the Judiciary,"A-2, 24 Beacon Street, Boston",Completed,71,963
188,2014-04-16 14:00,J13,"Joint Committee on Children, Families and Persons with Disabilities","A-1 (10:00-1:00); Room 222 (1:00-3:00), 24 Beacon Street, Boston",Completed,1,961
188,2014-04-16 14:00,J25,Joint Committee on State Administration and Regulatory Oversight,"A-2, 24 Beacon Street, Boston",Completed,2,959
188,2014-04-17 11:00,J26,Joint Committee on Revenue,"A-2, 24 Beacon Street, Boston",Completed,2,958
188,2014-04-17 15:00,J14,Joint Committee on Education,"A-2, 24 Beacon Street, Boston",Completed,0,964
188,2014-04-24 10:00,S32,"Senate Committee on Bonding, Capital Expenditures and State Assets","Wilmington Public High School, 161 Church Street, Wilmington",Completed,1,950
188,2014-04-24 13:30,J19,Joint Committee on the Judiciary,"A-2, 24 Beacon Street, Boston",Completed,77,966
188,2014-04-28 10:00,S52,Special Committee on Drug Abuse and Treatment Options,"Providence Behavioral Health Hospital, 1233 Main Street, Holyoke",Completed,0,967
188,2014-04-29 10:00,S52,Special Committee on Drug Abuse and Treatment Options,"North Adams City Hall, 10 Main Street, North Adams",Completed,0,968
188,2014-04-30 14:30,J25,Joint Committee on State Administration and Regulatory Oversight,"A-1 (10:00-1:00); Room 222 (1:00-3:00), 24 Beacon Street, Boston",Completed,3,972
188,2014-05-02 10:00,S52,Special Committee on Drug Abuse and Treatment Options,"Cape Cod Community College, 2240 Iyannough Road (Route 132), Barnstable",Completed,0,970
188,2014-05-06 11:00,S52,Special Committee on Drug Abuse and Treatment Options,"Arlington Town Hall, Auditorium, Arlington",Completed,0,973
188,2014-05-09 10:00,J47,Joint Committee on Community Development and Small Businesses,"Duxbury and Pembroke businesses, Washington St, Duxbury",Completed,0,971
188,2014-05-14 10:00,S32,"Senate Committee on Bonding, Capital Expenditures and State Assets","A-2, 24 Beacon Street, Boston",Completed,2,974
188,2014-05-14 13:00,J19,Joint Committee on the Judiciary,"A-2, 24 Beacon Street, Boston",Completed,10,975
188,2014-05-15 11:00,H32,"House Committee on Bonding, Capital Expenditures and State Assets","A-2, 24 Beacon Street, Boston",Completed,1,969
188,2014-05-27 13:00,J25,Joint Committee on State Administration and Regulatory Oversight,"A-1 (10:00-1:00); Room 222 (1:00-3:00), 24 Beacon Street, Boston",Completed,2,977
188,2014-05-28 10:00,J28,Joint Committee on Housing,"A-1 (10:00-1:00); Room 222 (1:00-3:00), 24 Beacon Street, Boston",Completed,0,980
188,2014-05-28 13:00,J19,Joint Committee on the Judiciary,"A-2, 24 Beacon Street, Boston",Completed,9,978
188,2014-05-29 13:00,J12,Joint Committee on Economic Development and Emerging Technologies,"A-2, 24 Beacon Street, Boston",Completed,0,979
188,2014-06-03 10:00,S32,"Senate Committee on Bonding, Capital Expenditures and State Assets","A-2, 24 Beacon Street, Boston",Completed,1,983
188,2014-06-03 12:00,J22,Joint Committee on Public Safety and Homeland Security,"Arlington Town Hall, Auditorium, Arlington",Completed,1,982
188,2014-06-05 10:30,J26,Joint Committee on Revenue,"A-2, 24 Beacon Street, Boston",Completed,3,981
188,2014-06-11 11:30,J25,Joint Committee on State Administration and Regulatory Oversight,"Wilmington Public High School, 161 Church Street, Wilmington",Completed,2,987
188,2014-06-11 13:00,J21,"Joint Committee on Environment, Natural Resources and Agriculture","A-2, 24 Beacon Street, Boston",Completed,1,986
188,2014-06-16 11:00,J24,Joint Committee on Health Care Financing,"A-2, 24 Beacon Street, Boston",Completed,0,989
188,2014-06-17 13:00,J17,Joint Committee on Consumer Protection and Professional Licensure,"A-2, 24 Beacon Street, Boston",Completed,6,984
188,2014-06-17 15:30,J17,Joint Committee on Consumer Protection and Professional Licensure,"A-2, 24 Beacon Street, Boston",Completed,8,992
188,2014-06-18 10:00,J14,Joint Committee on Education,"Wilmington Public High School, 161 Church Street, Wilmington",Completed,1,990
188,2014-06-18 10:00,J16,Joint Committee on Public Health,"A-2, 24 Beacon Street, Boston",Completed,2,985
188,2014-06-18 10:00,J28,Joint Committee on Housing,"A-1 (10:00-1:00); Room 222 (1:00-3:00), 24 Beacon Street, Boston",Completed,0,993
188,2014-06-18 12:00,J14,Joint Committee on Education,"Wilmington Public High School, 161 Church Street, Wilmington",Completed,0,991
188,2014-06-19 10:30,J10,Joint Committee on Municipalities and Regional Government,"A-2, 24 Beacon Street, Boston",Completed,14,988
188,2014-06-24 13:30,J14,Joint Committee on Education,"A-2, 24 Beacon Street, Boston",Completed,0,996
188,2014-06-24 15:00,J37,"Joint Committee on Telecommunications, Utilities and Energy","A-2, 24 Beacon Street, Boston",Completed,1,995
188,2014-06-25 10:00,J47,Joint Committee on Community Development and Small Businesses,"A-2, 24 Beacon Street, Boston",Completed,0,997
188,2014-06-27 10:00,S32,"Senate Committee on Bonding, Capital Expenditures and State Assets","Wilmington Public High School, 161 Church Street, Wilmington",Completed,3,998
188,2014-07-01 10:30,J26,Joint Committee on Revenue,"A-2, 24 Beacon Street, Boston",Completed,4,999
188,2014-07-01 11:00,J12,Joint Committee on Economic Development and Emerging Technologies,"Wilmington Public High School, 161 Church Street, Wilmington",Completed,1,1000
188,2014-07-08 11:00,J21,"Joint Committee on Environment, Natural Resources and Agriculture","A-2, 24 Beacon Street, Boston",Completed,3,1003
188,2014-07-08 13:00,H46,House Committee on Post Audit and Oversight,"Arlington Town Hall, Auditorium, Arlington",Completed,0,1004
188,2014-07-09 11:00,J25,Joint Committee on State Administration and Regulatory Oversight,"A-2, 24 Beacon Street, Boston",Completed,3,1008
188,2014-07-10 10:00,J14,Joint Committee on Education,"A-2, 24 Beacon Street, Boston",Completed,1,1002
188,2014-07-15 11:00,J14,Joint Committee on Education,"Wilmington Public High School, 161 Church Street, Wilmington",Completed,0,1007
188,2014-07-15 11:00,J24,Joint Committee on Health Care Financing,"A-2, 24 Beacon Street, Boston",Completed,0,1005
188,2014-07-16 10:00,J16,Joint Committee on Public Health,"A-1 (10:00-1:00); Room 222 (1:00-3:00), 24 Beacon Street, Boston",Completed,1,1009
188,2014-07-16 10:00,J19,Joint Committee on the Judiciary,"Arlington Town Hall, Auditorium, Arlington",Completed,0,1010
188,2014-07-16 15:00,J19,Joint Committee on the Judiciary,"Arlington Town Hall, Auditorium, Arlington",Completed,1,1011
188,2014-07-21 11:30,J12,Joint Committee on Economic Development and Emerging Technologies,"A-2, 24 Beacon Street, Boston",Completed,1,1012
188,2014-07-23 10:00,J19,Joint Committee on the Judiciary,"A-2, 24 Beacon Street, Boston",Completed,2,1013
188,2014-07-23 11:30,J25,Joint Committee on State Administration and Regulatory Oversight,"A-1 (10:00-1:00); Room 222 (1:00-3:00), 24 Beacon Street, Boston",Completed,5,1014
188,2014-07-23 11:30,J26,Joint Committee on Revenue,"Wilmington Public High School, 161 Church Street, Wilmington",Completed,3,1015
188,2014-07-23 13:00,J43,Joint Committee on Labor and Workforce Development,"Wilmington Public High School, 161 Church Street, Wilmington",Completed,1,1016
188,2014-07-24 11:00,J37,"Joint Committee on Telecommunications, Utilities and Energy","A-2, 24 Beacon Street, Boston",Completed,1,1017
188,2014-07-30 11:30,J25,Joint Committee on State Administration and Regulatory Oversight,"A-2, 24 Beacon Street, Boston",Completed,1,1019
188,2014-07-31 09:30,J14,Joint Committee on Education,"A-2, 24 Beacon Street, Boston",Completed,1,1018
188,2014-07-31 12:00,J22,Joint Committee on Public Safety and Homeland Security,"Wilmington Public High School, 161 Church Street, Wilmington",Completed,1,1020
188,2014-07-31 13:00,J21,"Joint Committee on Environment, Natural Resources and Agriculture","A-2, 24 Beacon Street, Boston",Completed,2,1021
188,2014-08-25 11:30,J26,Joint Committee on Revenue,"A-2, 24 Beacon Street, Boston",Completed,1,1022
188,2014-10-09 10:00,J27,Joint Committee on Transportation,"A-1, 24 Beacon Street, Boston",Completed,0,1024
188,2014-10-09 11:00,J18,Joint Committee on Mental Health and Substance Abuse,"A-2, 24 Beacon Street, Boston",Completed,0,1023
188,2014-10-14 11:00,J19,Joint Committee on the Judiciary,"A-1, 24 Beacon Street, Boston",Completed,1,1025
188,2014-10-16 10:00,J16,Joint Committee on Public Health,"A-2, 24 Beacon Street, Boston",Canceled,0,1026
188,2014-10-16 10:00,J16,Joint Committee on Public Health,"A-2, 24 Beacon Street, Boston",Completed,0,1027
188,2014-10-23 12:00,J16,Joint Committee on Public Health,"A-2, 24 Beacon Street, Boston",Completed,0,1028
188,2014-11-19 13:00,J11,Joint Committee on Financial Services,"A-1, 24 Beacon Street, Boston",Completed,1,1030
188,2014-11-25 11:00,J21,"Joint Committee on Environment, Natural Resources and Agriculture","A-2, 24 Beacon Street, Boston",Completed,1,1033
188,2014-12-02 10:30,J26,Joint Committee on Revenue,"B-1, 24 Beacon Street, Boston",Completed,2,1031
188,2014-12-16 10:30,J26,Joint Committee on Revenue,"B-1, 24 Beacon Street, Boston",Completed,1,1038
188,2014-12-22 13:00,J11,Joint Committee on Financial Services,"A-1, 24 Beacon Street, Boston",Completed,1,1039
188,2014-12-30 11:30,J25,Joint Committee on State Administration and Regulatory Oversight,"A-1, 24 Beacon Street, Boston",Completed,0,1042
189,2015-02-26 13:30,S32,"Senate Committee on Bonding, Capital Expenditures and State Assets","428, 24 Beacon Street, Boston",Completed,0,1044
189,2015-03-20 11:30,J27,Joint Committee on Transportation,"A-1, 24 Beacon Street, Boston",Completed,0,1053
189,2015-03-24 11:00,H32,"House Committee on Bonding, Capital Expenditures and State Assets","B-1, 24 Beacon Street, Boston",Completed,0,1055
189,2015-03-24 11:00,J39,Joint Committee on Ways and Means,"Greenfield Community College, College Auditorium, Greenfield",Completed,0,1047
189,2015-03-24 11:05,H32,"House Committee on Bonding, Capital Expenditures and State Assets","B-1, 24 Beacon Street, Boston",Completed,1,1057
189,2015-03-25 10:00,J39,Joint Committee on Ways and Means,"Quinsigamond Community College, 670 West Boylston Street, Worcester",Completed,0,1046
189,2015-03-27 13:00,S32,"Senate Committee on Bonding, Capital Expenditures and State Assets","222, 24 Beacon Street, Boston",Completed,1,1059
189,2015-03-30 11:00,J23,Joint Committee on Public Service,"A-1, 24 Beacon Street, Boston",Completed,1,1058
189,2015-03-30 13:30,J27,Joint Committee on Transportation,"A-2, 24 Beacon Street, Boston",Completed,0,1060
189,2015-03-31 10:00,J39,Joint Committee on Ways and Means,"Methuen High School, 1 Ranger Road, Methuen",Completed,0,1048
189,2015-03-31 10:30,J26,Joint Committee on Revenue,"Gardner Auditorium, 24 Beacon Street, Boston",Completed,5,1045
189,2015-03-31 11:00,J27,Joint Committee on Transportation,"A-1, 24 Beacon Street, Boston",Completed,0,1061
189,2015-04-01 09:30,J39,Joint Committee on Ways and Means,"Everett High School, 100 Elm Street, Everett",Completed,0,1049
189,2015-04-07 10:00,J39,Joint Committee on Ways and Means,"Medford City Hall, Council Chambers, Medford",Completed,0,1050
189,2015-04-07 10:30,J26,Joint Committee on Revenue,"B-1, 24 Beacon Street, Boston",Completed,20,1067
189,2015-04-07 12:00,J23,Joint Committee on Public Service,"A-2, 24 Beacon Street, Boston",Completed,4,1068
189,2015-04-07 13:00,J10,Joint Committee on Municipalities and Regional Government,"A-2, 24 Beacon Street, Boston",Completed,4,1066
189,2015-04-08 11:00,H32,"House Committee on Bonding, Capital Expenditures and State Assets","A-2, 24 Beacon Street, Boston",Completed,0,1065
189,2015-04-09 10:00,J39,Joint Committee on Ways and Means,"UMass Center, Tower Square, Springfield",Completed,0,1051
189,2015-04-13 10:00,J39,Joint Committee on Ways and Means,"Gardner Auditorium, 24 Beacon Street, Boston",Completed,0,1052
189,2015-04-14 13:00,J37,"Joint Committee on Telecommunications, Utilities and Energy","A-2, 24 Beacon Street, Boston",Completed,0,1072
189,2015-04-15 11:00,J19,Joint Committee on the Judiciary,"A-2, 24 Beacon Street, Boston",Completed,7,1071
189,2015-04-22 15:00,J19,Joint Committee on the Judiciary,"A-1, 24 Beacon Street, Boston",Completed,4,1073
189,2015-04-27 10:00,J27,Joint Committee on Transportation,"A-1, 24 Beacon Street, Boston",Completed,0,1069
189,2015-04-27 15:00,J25,Joint Committee on State Administration and Regulatory Oversight,"A-2, 24 Beacon Street, Boston",Completed,0,1080
189,2015-04-28 14:00,J15,Joint Committee on Election Laws,"A-1, 24 Beacon Street, Boston",Completed,6,1075
189,2015-04-29 11:00,J12,Joint Committee on Economic Development and Emerging Technologies,"B-1, 24 Beacon Street, Boston",Completed,14,1076
189,2015-05-05 10:30,J26,Joint Committee on Revenue,"B-1, 24 Beacon Street, Boston",Completed,41,1077
189,2015-05-05 11:00,H32,"House Committee on Bonding, Capital Expenditures and State Assets","A-2, 24 Beacon Street, Boston",Completed,0,1082
189,2015-05-05 14:30,J16,Joint Committee on Public Health,"A-2, 24 Beacon Street, Boston",Completed,29,1083
189,2015-05-06 10:00,J14,Joint Committee on Education,"A-2, 24 Beacon Street, Boston",Canceled,0,1079
189,2015-05-06 10:00,J14,Joint Committee on Education,"A-2, 24 Beacon Street, Boston",Completed,26,2086
189,2015-05-06 11:00,J25,Joint Committee on State Administration and Regulatory Oversight,"A-2, 24 Beacon Street, Boston",Completed,23,2085
189,2015-05-06 13:00,J14,Joint Committee on Education,"A-2, 24 Beacon Street, Boston",Completed,0,2087
189,2015-05-07 11:00,S51,Senate Committee on Global Warming and Climate Change,"B-1, 24 Beacon Street, Boston",Completed,0,2099
189,2015-05-07 13:30,J18,Joint Committee on Mental Health and Substance Abuse,"A-2, 24 Beacon Street, Boston",Completed,0,2089
189,2015-05-11 13:00,J27,Joint Committee on Transportation,"Gardner Auditorium, 24 Beacon Street, Boston",Completed,1,1084
189,2015-05-12 10:00,J14,Joint Committee on Education,"A-2, 24 Beacon Street, Boston",Completed,20,2092
189,2015-05-12 10:30,J26,Joint Committee on Revenue,"B-1, 24 Beacon Street, Boston",Completed,41,1078
189,2015-05-12 13:00,J10,Joint Committee on Municipalities and Regional Government,"428, 24 Beacon Street, Boston",Completed,17,2091
189,2015-05-12 13:00,J17,Joint Committee on Consumer Protection and Professional Licensure,"A-1, 24 Beacon Street, Boston",Completed,10,2097
189,2015-05-12 13:00,J19,Joint Committee on the Judiciary,"A-2, 24 Beacon Street, Boston",Completed,48,2095
189,2015-05-12 13:00,J21,"Joint Committee on Environment, Natural Resources and Agriculture","437, 24 Beacon Street, Boston",Completed,19,2098
189,2015-05-12 13:00,J23,Joint Committee on Public Service,"A-2, 24 Beacon Street, Boston",Completed,38,1081
189,2015-05-12 14:00,J37,"Joint Committee on Telecommunications, Utilities and Energy","Gardner Auditorium, 24 Beacon Street, Boston",Completed,0,2088
189,2015-05-13 11:00,J29,Joint Committee on Higher Education,"A-2, 24 Beacon Street, Boston",Completed,0,2090
189,2015-05-13 13:00,J22,Joint Committee on Public Safety and Homeland Security,"A-2, 24 Beacon Street, Boston",Completed,23,2101
189,2015-05-14 11:00,H32,"House Committee on Bonding, Capital Expenditures and State Assets","A-2, 24 Beacon Street, Boston",Canceled,0,2093
189,2015-05-21 11:00,H32,"House Committee on Bonding, Capital Expenditures and State Assets","A-2, 24 Beacon Street, Boston",Completed,0,2112
189,2015-05-26 10:00,J14,Joint Committee on Education,"A-2, 24 Beacon Street, Boston",Completed,15,2109
189,2015-05-26 10:00,J28,Joint Committee on Housing,"A-2, 24 Beacon Street, Boston",Completed,0,2094
189,2015-05-26 11:00,J25,Joint Committee on State Administration and Regulatory Oversight,"B-1, 24 Beacon Street, Boston",Completed,42,2113
189,2015-05-26 13:00,J43,Joint Committee on Labor and Workforce Development,"B-1, 24 Beacon Street, Boston",Completed,41,2110
189,2015-05-27 13:00,J19,Joint Committee on the Judiciary,"A-2, 24 Beacon Street, Boston",Completed,115,2114
189,2015-05-27 18:00,J27,Joint Committee on Transportation,"Cohen Auditorium, Tufts University, Medford",Completed,1,2116
189,2015-05-28 13:00,J18,Joint Committee on Mental Health and Substance Abuse,"B-1, 24 Beacon Street, Boston",Completed,0,2117
189,2015-05-28 13:00,J21,"Joint Committee on Environment, Natural Resources and Agriculture","A-2, 24 Beacon Street, Boston",Completed,19,2115
189,2015-06-02 09:00,J26,Joint Committee on Revenue,"B-1, 24 Beacon Street, Boston",Completed,47,2121
189,2015-06-02 10:30,J13,"Joint Committee on Children, Families and Persons with Disabilities","437, 24 Beacon Street, Boston",Completed,15,2122
189,2015-06-02 11:00,J23,Joint Committee on Public Service,"A-2, 24 Beacon Street, Boston",Completed,38,2120
189,2015-06-02 13:00,J16,Joint Committee on Public Health,"A-2, 24 Beacon Street, Boston",Completed,29,2124
189,2015-06-02 13:00,J17,Joint Committee on Consumer Protection and Professional Licensure,"A-1, 24 Beacon Street, Boston",Completed,17,2123
189,2015-06-02 13:00,J21,"Joint Committee on Environment, Natural Resources and Agriculture","437, 24 Beacon Street, Boston",Canceled,0,2127
189,2015-06-02 13:00,J21,"Joint Committee on Environment, Natural Resources and Agriculture","A-2, 24 Beacon Street, Boston",Completed,12,2128
189,2015-06-02 13:00,J37,"Joint Committee on Telecommunications, Utilities and Energy","Gardner Auditorium, 24 Beacon Street, Boston",Completed,14,2111
189,2015-06-03 10:00,J14,Joint Committee on Education,"A-1, 24 Beacon Street, Boston",Completed,30,2119
189,2015-06-03 11:00,J24,Joint Committee on Health Care Financing,"A-2, 24 Beacon Street, Boston",Completed,35,2103
189,2015-06-03 11:00,J29,Joint Committee on Higher Education,"A-2, 24 Beacon Street, Boston",Completed,11,2100
189,2015-06-08 13:00,J18,Joint Committee on Mental Health and Substance Abuse,"A-2, 24 Beacon Street, Boston",Completed,9,2136
189,2015-06-09 10:30,J26,Joint Committee on Revenue,"B-1, 24 Beacon Street, Boston",Completed,48,2141
189,2015-06-09 11:00,J23,Joint Committee on Public Service,"A-2, 24 Beacon Street, Boston",Completed,5,2130
189,2015-06-09 11:00,J47,Joint Committee on Community Development and Small Businesses,"A-1, 24 Beacon Street, Boston",Completed,7,2134
189,2015-06-09 13:00,J19,Joint Committee on the Judiciary,"Gardner Auditorium, 24 Beacon Street, Boston",Completed,25,2137
189,2015-06-09 13:00,J43,Joint Committee on Labor and Workforce Development,"A-1, 24 Beacon Street, Boston",Completed,13,2125
189,2015-06-10 11:00,J12,Joint Committee on Economic Development and Emerging Technologies,"B-1, 24 Beacon Street, Boston",Completed,15,2132
189,2015-06-10 14:00,J22,Joint Committee on Public Safety and Homeland Security,"A-1, 24 Beacon Street, Boston",Canceled,0,2129
189,2015-06-10 14:00,J31,Joint Committee on Veterans and Federal Affairs,"A-2, 24 Beacon Street, Boston",Completed,0,2126
189,2015-06-11 10:00,J14,Joint Committee on Education,"A-2, 24 Beacon Street, Boston",Completed,24,2118
189,2015-06-11 13:00,J11,Joint Committee on Financial Services,"Room 222, 24 Beacon Street, Boston",Completed,0,2133
189,2015-06-16 13:00,J13,"Joint Committee on Children, Families and Persons with Disabilities","437, 24 Beacon Street, Boston",Completed,12,2148
189,2015-06-16 13:00,J21,"Joint Committee on Environment, Natural Resources and Agriculture","A-2, 24 Beacon Street, Boston",Completed,15,2142
189,2015-06-16 14:00,J10,Joint Committee on Municipalities and Regional Government,"222, 24 Beacon Street, Boston",Completed,30,2147
189,2015-06-17 10:00,J14,Joint Committee on Education,"A-1, 24 Beacon Street, Boston",Completed,22,2140
189,2015-06-17 11:00,J29,Joint Committee on Higher Education,"A-2, 24 Beacon Street, Boston",Completed,11,2102
189,2015-06-18 10:00,J22,Joint Committee on Public Safety and Homeland Security,"A-2, 24 Beacon Street, Boston",Completed,37,2139
189,2015-06-23 13:00,J16,Joint Committee on Public Health,"A-2, 24 Beacon Street, Boston",Completed,20,2149
189,2015-06-23 13:00,J21,"Joint Committee on Environment, Natural Resources and Agriculture","A-1, 24 Beacon Street, Boston",Completed,24,2154
189,2015-06-23 13:00,J23,Joint Committee on Public Service,"B-1, 24 Beacon Street, Boston",Completed,18,2156
189,2015-06-23 13:00,J43,Joint Committee on Labor and Workforce Development,"437, 24 Beacon Street, Boston",Completed,23,2146
189,2015-06-24 11:00,J24,Joint Committee on Health Care Financing,"A-2, 24 Beacon Street, Boston",Completed,18,2104
189,2015-06-24 11:00,J25,Joint Committee on State Administration and Regulatory Oversight,"222, 24 Beacon Street, Boston",Completed,28,2159
189,2015-06-24 13:00,J19,Joint Committee on the Judiciary,"A-2, 24 Beacon Street, Boston",Completed,51,2152
189,2015-06-29 13:00,J18,Joint Committee on Mental Health and Substance Abuse,"A-2, 24 Beacon Street, Boston",Completed,13,2155
189,2015-06-30 10:00,J26,Joint Committee on Revenue,"B-1, 24 Beacon Street, Boston",Completed,43,2158
189,2015-06-30 11:00,J11,Joint Committee on Financial Services,"A-2, 24 Beacon Street, Boston",Completed,12,2157
189,2015-06-30 13:00,J37,"Joint Committee on Telecommunications, Utilities and Energy","B-1, 24 Beacon Street, Boston",Completed,16,2145
189,2015-07-01 11:00,J24,Joint Committee on Health Care Financing,"A-2, 24 Beacon Street, Boston",Completed,29,2105
189,2015-07-02 11:00,H32,"House Committee on Bonding, Capital Expenditures and State Assets","A-2, 24 Beacon Street, Boston",Completed,0,2161
189,2015-07-08 10:00,J14,Joint Committee on Education,"A-2, 24 Beacon Street, Boston",Completed,21,2169
189,2015-07-13 11:00,J47,Joint Committee on Community Development and Small Businesses,"A-2, 24 Beacon Street, Boston",Completed,6,2160
189,2015-07-14 10:00,J28,Joint Committee on Housing,"B-1, 24 Beacon Street, Boston",Completed,21,2162
189,2015-07-14 10:00,J28,Joint Committee on Housing,"B-1, 24 Beacon Street, Boston",Completed,0,2164
189,2015-07-14 10:30,J13,"Joint Committee on Children, Families and Persons with Disabilities","A-2, 24 Beacon Street, Boston",Canceled,0,2175
189,2015-07-14 10:30,J13,"Joint Committee on Children, Families and Persons with Disabilities","A-2, 24 Beacon Street, Boston",Completed,29,2181
189,2015-07-14 11:00,J11,Joint Committee on Financial Services,"A-2, 24 Beacon Street, Boston",Completed,15,2166
189,2015-07-14 12:30,J31,Joint Committee on Veterans and Federal Affairs,"Battleship Cove, 5 Water Street, Fall River",Completed,7,2151
189,2015-07-14 13:00,J16,Joint Committee on Public Health,"A-2, 24 Beacon Street, Boston",Completed,22,2167
189,2015-07-14 13:00,J19,Joint Committee on the Judiciary,"Gardner Auditorium, 24 Beacon Street, Boston",Completed,134,2168
189,2015-07-15 10:00,J14,Joint Committee on Education,"A-2, 24 Beacon Street, Boston",Completed,20,2180
189,2015-07-15 11:00,J25,Joint Committee on State Administration and Regulatory Oversight,"222, 24 Beacon Street, Boston",Completed,1,2174
189,2015-07-15 11:00,J29,Joint Committee on Higher Education,"A-2, 24 Beacon Street, Boston",Completed,6,2138
189,2015-07-15 13:00,J12,Joint Committee on Economic Development and Emerging Technologies,"A-2, 24 Beacon Street, Boston",Completed,13,2171
189,2015-07-15 13:00,J14,Joint Committee on Education,"A-2, 24 Beacon Street, Boston",Completed,0,2179
189,2015-07-15 13:00,J27,Joint Committee on Transportation,"A-1, 24 Beacon Street, Boston",Completed,26,2176
189,2015-07-16 13:00,J10,Joint Committee on Municipalities and Regional Government,"A-2, 24 Beacon Street, Boston",Completed,28,2172
189,2015-07-16 13:00,J18,Joint Committee on Mental Health and Substance Abuse,"A-2, 24 Beacon Street, Boston",Completed,13,2182
189,2015-07-21 10:00,J26,Joint Committee on Revenue,"A-1, 24 Beacon Street, Boston",Completed,37,2170
189,2015-07-21 10:30,J11,Joint Committee on Financial Services,"A-2, 24 Beacon Street, Boston",Completed,12,2188
189,2015-07-21 11:00,J23,Joint Committee on Public Service,"B-1, 24 Beacon Street, Boston",Completed,21,2173
189,2015-07-21 13:00,J43,Joint Committee on Labor and Workforce Development,"Gardner Auditorium, 24 Beacon Street, Boston",Completed,28,2178
189,2015-07-21 13:30,J21,"Joint Committee on Environment, Natural Resources and Agriculture","A-2, 24 Beacon Street, Boston",Completed,11,2186
189,2015-07-22 11:00,J24,Joint Committee on Health Care Financing,"A-2, 24 Beacon Street, Boston",Completed,23,2107
189,2015-07-22 13:00,J19,Joint Committee on the Judiciary,"A-2, 24 Beacon Street, Boston",Completed,17,2184
189,2015-07-23 10:00,J27,Joint Committee on Transportation,"A-2, 24 Beacon Street, Boston",Completed,24,2177
189,2015-07-28 10:00,J26,Joint Committee on Revenue,"A-1, 24 Beacon Street, Boston",Completed,41,2187
189,2015-07-28 10:00,J28,Joint Committee on Housing,"A-2, 24 Beacon Street, Boston",Completed,21,2163
189,2015-07-28 10:30,J13,"Joint Committee on Children, Families and Persons with Disabilities","A-2, 24 Beacon Street, Boston",Canceled,0,2190
189,2015-07-28 10:30,J13,"Joint Committee on Children, Families and Persons with Disabilities","A-2, 24 Beacon Street, Boston",Completed,13,2195
189,2015-07-28 13:00,J16,Joint Committee on Public Health,"A-2, 24 Beacon Street, Boston",Completed,21,2189
189,2015-07-28 13:00,J18,Joint Committee on Mental Health and Substance Abuse,"A-1, 24 Beacon Street, Boston",Completed,12,2193
189,2015-07-28 13:00,J21,"Joint Committee on Environment, Natural Resources and Agriculture","A-2, 24 Beacon Street, Boston",Completed,0,2191
189,2015-07-28 14:00,J17,Joint Committee on Consumer Protection and Professional Licensure,"437, 24 Beacon Street, Boston",Completed,17,2185
189,2015-07-28 14:00,S51,Senate Committee on Global Warming and Climate Change,"222, 24 Beacon Street, Boston",Completed,0,2194
189,2015-07-30 10:30,J10,Joint Committee on Municipalities and Regional Government,"A-2, 24 Beacon Street, Boston",Completed,20,2196
189,2015-09-08 13:00,J23,Joint Committee on Public Service,"B-1, 24 Beacon Street, Boston",Completed,39,2221
189,2015-09-09 10:00,J14,Joint Committee on Education,"A-2, 24 Beacon Street, Boston",Completed,23,2212
189,2015-09-09 13:00,J14,Joint Committee on Education,"A-2, 24 Beacon Street, Boston",Completed,0,2224
189,2015-09-14 11:30,S32,"Senate Committee on Bonding, Capital Expenditures and State Assets","222, 24 Beacon Street, Boston",Completed,2,2230
189,2015-09-15 10:30,J47,Joint Committee on Community Development and Small Businesses,"B-1, 24 Beacon Street, Boston",Completed,4,2183
189,2015-09-15 11:00,J11,Joint Committee on Financial Services,"Gardner Auditorium, 24 Beacon Street, Boston",Completed,4,2218
189,2015-09-15 13:00,J12,Joint Committee on Economic Development and Emerging Technologies,"UMass Lowell Innovation Hub, 110 Canal Street, Lowell",Completed,11,2226
189,2015-09-15 13:00,J17,Joint Committee on Consumer Protection and Professional Licensure,"A-1, 24 Beacon Street, Boston",Completed,27,2197
189,2015-09-15 13:00,J21,"Joint Committee on Environment, Natural Resources and Agriculture","Westport Grange, 931 Main Rd, Westport",Completed,16,2220
189,2015-09-15 13:00,J23,Joint Committee on Public Service,"B-1, 24 Beacon Street, Boston",Completed,44,2227
189,2015-09-16 10:00,J14,Joint Committee on Education,"B-1, 24 Beacon Street, Boston",Completed,27,2225
189,2015-09-16 10:30,J29,Joint Committee on Higher Education,"A-2, 24 Beacon Street, Boston",Completed,27,2203
189,2015-09-16 13:00,J19,Joint Committee on the Judiciary,"A-2, 24 Beacon Street, Boston",Completed,93,2232
189,2015-09-16 19:00,J19,Joint Committee on the Judiciary,,Completed,0,2475
189,2015-09-17 11:00,J10,Joint Committee on Municipalities and Regional Government,"A-2, 24 Beacon Street, Boston",Completed,20,2222
189,2015-09-17 12:00,H32,"House Committee on Bonding, Capital Expenditures and State Assets","A-1, 24 Beacon Street, Boston",Completed,0,2231
189,2015-09-17 13:00,J16,Joint Committee on Public Health,"A-2, 24 Beacon Street, Boston",Completed,37,2229
189,2015-09-17 13:00,J18,Joint Committee on Mental Health and Substance Abuse,"B-1, 24 Beacon Street, Boston",Completed,12,2223
189,2015-09-22 10:00,J26,Joint Committee on Revenue,"A-1, 24 Beacon Street, Boston",Completed,35,2217
189,2015-09-22 11:00,J24,Joint Committee on Health Care Financing,"A-2, 24 Beacon Street, Boston",Completed,32,2228
189,2015-09-22 13:00,J17,Joint Committee on Consumer Protection and Professional Licensure,"A-1, 24 Beacon Street, Boston",Completed,17,2198
189,2015-09-22 13:00,J21,"Joint Committee on Environment, Natural Resources and Agriculture","Gardner Auditorium, 24 Beacon Street, Boston",Completed,2,2233
189,2015-09-22 13:00,J37,"Joint Committee on Telecommunications, Utilities and Energy","B-1, 24 Beacon Street, Boston",Completed,27,2215
189,2015-09-22 13:00,J43,Joint Committee on Labor and Workforce Development,"A-2, 24 Beacon Street, Boston",Completed,27,2219
189,2015-09-24 10:00,J14,Joint Committee on Education,"B-1, 24 Beacon Street, Boston",Completed,33,2214
189,2015-09-24 13:00,H32,"House Committee on Bonding, Capital Expenditures and State Assets","A-1, 24 Beacon Street, Boston",Completed,0,2237
189,2015-09-24 13:00,J18,Joint Committee on Mental Health and Substance Abuse,"A-2, 24 Beacon Street, Boston",Completed,9,2235
189,2015-09-28 13:00,J19,Joint Committee on the Judiciary,"Western New England School of Law, Moot Court Room, Springfield",Completed,14,2240
189,2015-09-29 10:00,J26,Joint Committee on Revenue,"A-1, 24 Beacon Street, Boston",Completed,38,2242
189,2015-09-29 10:00,J28,Joint Committee on Housing,"A-2, 24 Beacon Street, Boston",Completed,6,2165
189,2015-09-29 10:00,J44,Joint Committee on Elder Affairs,"B-1, 24 Beacon Street, Boston",Completed,0,2247
189,2015-09-29 11:00,J11,Joint Committee on Financial Services,"222, 24 Beacon Street, Boston",Completed,22,2241
189,2015-09-29 11:00,J23,Joint Committee on Public Service,"A-2, 24 Beacon Street, Boston",Completed,22,2236
189,2015-09-29 13:00,J16,Joint Committee on Public Health,"A-2, 24 Beacon Street, Boston",Completed,20,2238
189,2015-09-29 13:00,J17,Joint Committee on Consumer Protection and Professional Licensure,"A-1, 24 Beacon Street, Boston",Completed,21,2199
189,2015-09-29 13:00,J21,"Joint Committee on Environment, Natural Resources and Agriculture","B-1, 24 Beacon Street, Boston",Completed,28,2248
189,2015-09-29 13:00,J30,"Joint Committee on Tourism, Arts and Cultural Development","437, 24 Beacon Street, Boston",Completed,18,2239
189,2015-09-29 13:00,J37,"Joint Committee on Telecommunications, Utilities and Energy","Gardner Auditorium, 24 Beacon Street, Boston",Completed,11,2216
189,2015-09-30 10:00,J14,Joint Committee on Education,"A-2, 24 Beacon Street, Boston",Completed,19,2234
189,2015-09-30 14:30,J31,Joint Committee on Veterans and Federal Affairs,"A-2, 24 Beacon Street, Boston",Completed,18,2213
189,2015-10-05 14:00,J15,Joint Committee on Election Laws,"A-1, 24 Beacon Street, Boston",Completed,33,2256
189,2015-10-06 10:00,J14,Joint Committee on Education,"B-1, 24 Beacon Street, Boston",Completed,25,2253
189,2015-10-06 10:00,J27,Joint Committee on Transportation,"A-2, 24 Beacon Street, Boston",Completed,18,2250
189,2015-10-06 10:00,J44,Joint Committee on Elder Affairs,"A-1, 24 Beacon Street, Boston",Completed,0,2255
189,2015-10-06 11:00,J11,Joint Committee on Financial Services,"A-2, 24 Beacon Street, Boston",Completed,11,2257
189,2015-10-06 11:00,J25,Joint Committee on State Administration and Regulatory Oversight,"437, 24 Beacon Street, Boston",Completed,38,2259
189,2015-10-06 13:00,J19,Joint Committee on the Judiciary,"Gardner Auditorium, 24 Beacon Street, Boston",Completed,30,2254
189,2015-10-06 13:00,J21,"Joint Committee on Environment, Natural Resources and Agriculture","DCR Quabbin Bluemeadow Conference Center, 370 Blue Meadow Road, Belchertown",Completed,15,2263
189,2015-10-07 10:30,J29,Joint Committee on Higher Education,"A-2, 24 Beacon Street, Boston",Completed,27,2204
189,2015-10-08 13:00,J10,Joint Committee on Municipalities and Regional Government,"A-2, 24 Beacon Street, Boston",Completed,22,2251
189,2015-10-13 10:00,J14,Joint Committee on Education,"Gardner Auditorium, 24 Beacon Street, Boston",Completed,34,2271
189,2015-10-13 10:00,J25,Joint Committee on State Administration and Regulatory Oversight,"Francis Wyman Elementary School, 41 Terrace Hall Avenue, Burlington",Completed,0,2273
189,2015-10-13 10:30,J13,"Joint Committee on Children, Families and Persons with Disabilities","B-1, 24 Beacon Street, Boston",Completed,19,2264
189,2015-10-13 11:00,J24,Joint Committee on Health Care Financing,"A-2, 24 Beacon Street, Boston",Completed,30,2266
189,2015-10-13 11:30,J43,Joint Committee on Labor and Workforce Development,"A-2, 24 Beacon Street, Boston",Completed,32,2243
189,2015-10-13 13:00,J17,Joint Committee on Consumer Protection and Professional Licensure,"A-1, 24 Beacon Street, Boston",Completed,9,2201
189,2015-10-13 13:00,J44,Joint Committee on Elder Affairs,"B-1, 24 Beacon Street, Boston",Completed,0,2269
189,2015-10-14 11:00,J22,Joint Committee on Public Safety and Homeland Security,"B-1, 24 Beacon Street, Boston",Completed,33,2268
189,2015-10-14 13:00,J19,Joint Committee on the Judiciary,"A-1, 24 Beacon Street, Boston",Completed,51,2276
189,2015-10-15 13:00,J11,Joint Committee on Financial Services,"A-2, 24 Beacon Street, Boston",Completed,17,2278
189,2015-10-19 11:00,J44,Joint Committee on Elder Affairs,"A-2, 24 Beacon Street, Boston",Completed,21,2244
189,2015-10-19 13:00,J47,Joint Committee on Community Development and Small Businesses,"A-2, 24 Beacon Street, Boston",Completed,10,2249
189,2015-10-19 14:00,J15,Joint Committee on Election Laws,"A-1, 24 Beacon Street, Boston",Completed,30,2274
189,2015-10-20 10:00,J26,Joint Committee on Revenue,"A-1, 24 Beacon Street, Boston",Completed,36,2280
189,2015-10-20 10:00,J27,Joint Committee on Transportation,"A-2, 24 Beacon Street, Boston",Completed,13,2277
189,2015-10-20 10:30,J13,"Joint Committee on Children, Families and Persons with Disabilities","B-1, 24 Beacon Street, Boston",Completed,14,2265
189,2015-10-20 11:00,J11,Joint Committee on Financial Services,"Gardner Auditorium, 24 Beacon Street, Boston",Completed,21,2281
189,2015-10-20 13:00,J16,Joint Committee on Public Health,"A-2, 24 Beacon Street, Boston",Completed,30,2279
189,2015-10-20 13:00,J17,Joint Committee on Consumer Protection and Professional Licensure,"A-1, 24 Beacon Street, Boston",Completed,18,2202
189,2015-10-20 13:00,J21,"Joint Committee on Environment, Natural Resources and Agriculture","A-2, 24 Beacon Street, Boston",Completed,32,2283
189,2015-10-20 13:00,J23,Joint Committee on Public Service,"437, 24 Beacon Street, Boston",Completed,23,2270
189,2015-10-20 13:00,J25,Joint Committee on State Administration and Regulatory Oversight,"222, 24 Beacon Street, Boston",Completed,53,2288
189,2015-10-20 13:00,J37,"Joint Committee on Telecommunications, Utilities and Energy","B-1, 24 Beacon Street, Boston",Completed,18,2267
189,2015-10-21 11:00,J29,Joint Committee on Higher Education,"A-2, 24 Beacon Street, Boston",Completed,4,2205
189,2015-10-21 13:00,J19,Joint Committee on the Judiciary,"A-1 and A-2, 24 Beacon Street, Boston",Completed,20,2287
189,2015-10-21 14:00,J12,Joint Committee on Economic Development and Emerging Technologies,"A-2, 24 Beacon Street, Boston",Completed,1,2284
189,2015-10-21 14:00,J31,Joint Committee on Veterans and Federal Affairs,"B-1, 24 Beacon Street, Boston",Completed,20,2260
189,2015-10-22 13:00,J18,Joint Committee on Mental Health and Substance Abuse,"A-2, 24 Beacon Street, Boston",Completed,9,2291
189,2015-10-27 10:00,J44,Joint Committee on Elder Affairs,"A-2, 24 Beacon Street, Boston",Completed,17,2245
189,2015-10-27 10:30,J11,Joint Committee on Financial Services,"A-2, 24 Beacon Street, Boston",Completed,18,2297
189,2015-10-27 11:00,J25,Joint Committee on State Administration and Regulatory Oversight,"A-1, 24 Beacon Street, Boston",Completed,54,2298
189,2015-10-27 13:00,J16,Joint Committee on Public Health,"A-1 and A-2, 24 Beacon Street, Boston",Completed,1,2290
189,2015-10-27 13:00,J23,Joint Committee on Public Service,"Gardner Auditorium, 24 Beacon Street, Boston",Completed,33,2294
189,2015-10-27 13:00,J37,"Joint Committee on Telecommunications, Utilities and Energy","B-1, 24 Beacon Street, Boston",Completed,29,2293
189,2015-10-27 13:00,J43,Joint Committee on Labor and Workforce Development,"A-2, 24 Beacon Street, Boston",Completed,2,2292
189,2015-10-27 14:00,J17,Joint Committee on Consumer Protection and Professional Licensure,"437, 24 Beacon Street, Boston",Completed,27,2200
189,2015-10-28 13:00,J21,"Joint Committee on Environment, Natural Resources and Agriculture","B-1, 24 Beacon Street, Boston",Completed,23,2295
189,2015-10-28 13:30,J31,Joint Committee on Veterans and Federal Affairs,"Gardner Auditorium, 24 Beacon Street, Boston",Completed,8,2261
189,2015-10-29 11:00,H32,"House Committee on Bonding, Capital Expenditures and State Assets","A-2, 24 Beacon Street, Boston",Completed,0,2296
189,2015-11-02 13:00,J16,Joint Committee on Public Health,"A-1, 24 Beacon Street, Boston",Completed,0,2301
189,2015-11-03 13:00,J19,Joint Committee on the Judiciary,"A-2, 24 Beacon Street, Boston",Completed,98,2302
189,2015-11-05 10:00,J44,Joint Committee on Elder Affairs,"B-1, 24 Beacon Street, Boston",Completed,11,2246
189,2015-11-05 13:00,J11,Joint Committee on Financial Services,"A-2, 24 Beacon Street, Boston",Completed,21,2306
189,2015-11-05 13:00,J21,"Joint Committee on Environment, Natural Resources and Agriculture","B-1, 24 Beacon Street, Boston",Completed,23,2303
189,2015-11-09 10:00,J25,Joint Committee on State Administration and Regulatory Oversight,"A-2, 24 Beacon Street, Boston",Completed,56,2304
189,2015-11-09 10:00,J27,Joint Committee on Transportation,"A-1, 24 Beacon Street, Boston",Completed,29,2313
189,2015-11-10 10:30,J11,Joint Committee on Financial Services,"A-2, 24 Beacon Street, Boston",Completed,20,2316
189,2015-11-10 11:00,J25,Joint Committee on State Administration and Regulatory Oversight,"Gardner Auditorium, 24 Beacon Street, Boston",Completed,1,2289
189,2015-11-10 13:00,J12,Joint Committee on Economic Development and Emerging Technologies,"Holyoke Community College, Kittredge Center for Business & Workforce Development, Holyoke",Completed,12,2307
189,2015-11-10 13:00,J17,Joint Committee on Consumer Protection and Professional Licensure,"A-2, 24 Beacon Street, Boston",Completed,18,2206
189,2015-11-10 13:00,J21,"Joint Committee on Environment, Natural Resources and Agriculture","Division of Fisheries and Wildlife, 1 Rabbit Hill Road, Westborough",Completed,30,2315
189,2015-11-10 13:00,J23,Joint Committee on Public Service,"A-1, 24 Beacon Street, Boston",Completed,40,2312
189,2015-11-10 13:00,J37,"Joint Committee on Telecommunications, Utilities and Energy","B-1, 24 Beacon Street, Boston",Completed,13,2311
189,2015-11-10 13:00,J43,Joint Committee on Labor and Workforce Development,"A-2, 24 Beacon Street, Boston",Completed,19,2305
189,2015-11-12 13:00,J10,Joint Committee on Municipalities and Regional Government,"A-2, 24 Beacon Street, Boston",Completed,25,2317
189,2015-11-16 09:30,J12,Joint Committee on Economic Development and Emerging Technologies,"A-1, 24 Beacon Street, Boston",Completed,0,2325
189,2015-11-16 10:00,J18,Joint Committee on Mental Health and Substance Abuse,"Gardner Auditorium, 24 Beacon Street, Boston",Completed,1,2300
189,2015-11-17 01:00,J11,Joint Committee on Financial Services,"B-1, 24 Beacon Street, Boston",Completed,19,2323
189,2015-11-17 10:00,J16,Joint Committee on Public Health,"Gardner Auditorium, 24 Beacon Street, Boston",Completed,57,2319
189,2015-11-17 10:30,J13,"Joint Committee on Children, Families and Persons with Disabilities","B-1, 24 Beacon Street, Boston",Completed,15,2318
189,2015-11-17 11:00,J23,Joint Committee on Public Service,"A-2, 24 Beacon Street, Boston",Completed,24,2322
189,2015-11-17 13:00,J17,Joint Committee on Consumer Protection and Professional Licensure,"A-1, 24 Beacon Street, Boston",Completed,11,2207
189,2015-11-17 13:00,J21,"Joint Committee on Environment, Natural Resources and Agriculture","A-2, 24 Beacon Street, Boston",Completed,4,2321
189,2015-11-17 13:00,J37,"Joint Committee on Telecommunications, Utilities and Energy","A-2, 24 Beacon Street, Boston",Completed,24,2314
189,2015-11-17 14:00,J15,Joint Committee on Election Laws,"222, 24 Beacon Street, Boston",Completed,23,2326
189,2015-11-18 10:30,H32,"House Committee on Bonding, Capital Expenditures and State Assets","A-2, 24 Beacon Street, Boston",Completed,0,2282
189,2015-11-18 13:00,J19,Joint Committee on the Judiciary,"A-1, 24 Beacon Street, Boston",Completed,50,2324
189,2015-11-18 14:00,J31,Joint Committee on Veterans and Federal Affairs,"222, 24 Beacon Street, Boston",Completed,14,2320
189,2015-11-23 11:00,J11,Joint Committee on Financial Services,"A-2, 24 Beacon Street, Boston",Completed,18,2328
189,2015-11-24 11:00,S51,Senate Committee on Global Warming and Climate Change,"A-2, 24 Beacon Street, Boston",Completed,0,2327
189,2015-11-24 13:00,J23,Joint Committee on Public Service,"A-1, 24 Beacon Street, Boston",Completed,1,2329
189,2015-12-01 11:00,J11,Joint Committee on Financial Services,"TBD, 24 Beacon Street, Boston",Completed,21,2334
189,2015-12-01 13:00,J17,Joint Committee on Consumer Protection and Professional Licensure,"437, 24 Beacon Street, Boston",Completed,17,2208
189,2015-12-01 13:00,J19,Joint Committee on the Judiciary,"A-2, 24 Beacon Street, Boston",Completed,69,2333
189,2015-12-02 10:00,J27,Joint Committee on Transportation,"A-1, 24 Beacon Street, Boston",Completed,0,2331
189,2015-12-02 13:00,J22,Joint Committee on Public Safety and Homeland Security,"A-1, 24 Beacon Street, Boston",Completed,25,2335
189,2015-12-03 13:00,J16,Joint Committee on Public Health,"A-1 and A-2, 24 Beacon Street, Boston",Completed,31,2330
189,2015-12-03 14:00,J27,Joint Committee on Transportation,"B-1, 24 Beacon Street, Boston",Completed,31,2332
189,2015-12-08 11:00,J11,Joint Committee on Financial Services,"A-2, 24 Beacon Street, Boston",Completed,25,2337
189,2015-12-08 13:00,J16,Joint Committee on Public Health,"A-2, 24 Beacon Street, Boston",Completed,26,2336
189,2015-12-08 13:00,J22,Joint Committee on Public Safety and Homeland Security,"B-1, 24 Beacon Street, Boston",Completed,26,2340
189,2015-12-09 12:00,J25,Joint Committee on State Administration and Regulatory Oversight,"A-2, 24 Beacon Street, Boston",Completed,1,2338
189,2015-12-10 13:00,J10,Joint Committee on Municipalities and Regional Government,"A-2, 24 Beacon Street, Boston",Completed,30,2339
189,2015-12-15 10:00,J28,Joint Committee on Housing,"B-1, 24 Beacon Street, Boston",Completed,19,2309
189,2015-12-15 13:00,J16,Joint Committee on Public Health,"A-2, 24 Beacon Street, Boston",Completed,9,2341
189,2016-01-06 10:00,J27,Joint Committee on Transportation,"A-2, 24 Beacon Street, Boston",Completed,43,2342
189,2016-01-06 13:00,J17,Joint Committee on Consumer Protection and Professional Licensure,"A-1, 24 Beacon Street, Boston",Completed,26,2209
189,2016-01-07 10:00,J27,Joint Committee on Transportation,"A-2, 24 Beacon Street, Boston",Completed,0,2344
189,2016-01-07 11:00,J22,Joint Committee on Public Safety and Homeland Security,"B-1, 24 Beacon Street, Boston",Completed,10,2345
189,2016-01-12 13:00,J11,Joint Committee on Financial Services,"A-2, 24 Beacon Street, Boston",Completed,21,2346
189,2016-01-12 13:00,J23,Joint Committee on Public Service,"A-1, 24 Beacon Street, Boston",Completed,35,2347
189,2016-01-13 13:00,J19,Joint Committee on the Judiciary,"A-1, 24 Beacon Street, Boston",Completed,23,2348
189,2016-01-14 12:00,J12,Joint Committee on Economic Development and Emerging Technologies,"Heritage State Park Visitors Center, 200 Davol Street, Fall River",Completed,0,2349
189,2016-01-19 10:30,J26,Joint Committee on Revenue,"B-1, 24 Beacon Street, Boston",Completed,1,2310
189,2016-01-19 13:00,J11,Joint Committee on Financial Services,"A-2, 24 Beacon Street, Boston",Completed,17,2353
189,2016-01-19 13:00,J15,Joint Committee on Election Laws,"A-2, 24 Beacon Street, Boston",Completed,31,2356
189,2016-01-19 13:00,J17,Joint Committee on Consumer Protection and Professional Licensure,"A-1, 24 Beacon Street, Boston",Completed,18,2210
189,2016-01-20 01:00,J25,Joint Committee on State Administration and Regulatory Oversight,"A-2, 24 Beacon Street, Boston",Completed,4,2355
189,2016-01-21 11:00,J10,Joint Committee on Municipalities and Regional Government,"A-2, 24 Beacon Street, Boston",Completed,14,2352
189,2016-01-26 13:00,J17,Joint Committee on Consumer Protection and Professional Licensure,"A-1, 24 Beacon Street, Boston",Completed,19,2211
189,2016-01-26 13:00,J23,Joint Committee on Public Service,"A-2, 24 Beacon Street, Boston",Completed,34,2354
189,2016-01-26 13:00,J31,Joint Committee on Veterans and Federal Affairs,"A-2, 24 Beacon Street, Boston",Completed,1,2350
189,2016-01-28 10:00,J22,Joint Committee on Public Safety and Homeland Security,"A-1, 24 Beacon Street, Boston",Completed,42,2358
189,2016-02-02 10:00,J28,Joint Committee on Housing,"B-1, 24 Beacon Street, Boston",Completed,37,2351
189,2016-02-02 10:00,J39,Joint Committee on Ways and Means,"Gardner Auditorium, 24 Beacon Street, Boston",Completed,0,2365
189,2016-02-02 12:15,J27,Joint Committee on Transportation,"A-2, 24 Beacon Street, Boston",Completed,17,2364
189,2016-02-04 10:00,J22,Joint Committee on Public Safety and Homeland Security,"B-1, 24 Beacon Street, Boston",Completed,27,2363
189,2016-02-08 10:00,J14,Joint Committee on Education,"Gardner Auditorium, 24 Beacon Street, Boston",Canceled,0,2357
189,2016-02-08 10:00,J39,Joint Committee on Ways and Means,"UMASS Amherst, Murray D. Lincoln Campus, Amherst",Canceled,0,2369
189,2016-02-09 10:00,J39,Joint Committee on Ways and Means,"Methuen High School, 1 Ranger Road, Methuen",Canceled,0,2367
189,2016-02-09 10:30,J18,Joint Committee on Mental Health and Substance Abuse,"A-2, 24 Beacon Street, Boston",Completed,1,2377
189,2016-02-09 13:00,J13,"Joint Committee on Children, Families and Persons with Disabilities","A-1, 24 Beacon Street, Boston",Completed,18,2362
189,2016-02-09 13:00,J26,Joint Committee on Revenue,"B-1, 24 Beacon Street, Boston",Completed,18,2368
189,2016-02-09 13:00,J43,Joint Committee on Labor and Workforce Development,"A-2, 24 Beacon Street, Boston",Completed,6,2361
189,2016-02-09 13:30,J10,Joint Committee on Municipalities and Regional Government,"A-2, 24 Beacon Street, Boston",Completed,1,2360
189,2016-02-10 10:00,J27,Joint Committee on Transportation,"A-2, 24 Beacon Street, Boston",Completed,31,2379
189,2016-02-11 11:00,H32,"House Committee on Bonding, Capital Expenditures and State Assets","A-2, 24 Beacon Street, Boston",Completed,0,2375
189,2016-02-11 13:00,J21,"Joint Committee on Environment, Natural Resources and Agriculture","A-2, 24 Beacon Street, Boston",Completed,3,2359
189,2016-02-16 10:00,J39,Joint Committee on Ways and Means,"Springfield Technical Community College, Scibelli Hall, 7th floor, Springfield",Completed,0,2366
189,2016-02-22 10:00,J39,Joint Committee on Ways and Means,"Medford City Hall, Council Chambers, Medford",Completed,0,2370
189,2016-02-22 13:00,J10,Joint Committee on Municipalities and Regional Government,"A-1, 24 Beacon Street, Boston",Completed,15,2378
189,2016-02-23 10:00,J39,Joint Committee on Ways and Means,"Wheaton College, SGA Room, Campus Center, Norton",Completed,0,2371
189,2016-02-23 12:30,S32,"Senate Committee on Bonding, Capital Expenditures and State Assets","Hinton State Laboratory Institute, 305 South Street, Boston",Completed,0,2387
189,2016-02-23 13:30,J26,Joint Committee on Revenue,"B-1, 24 Beacon Street, Boston",Completed,46,2389
189,2016-02-23 14:00,J27,Joint Committee on Transportation,"A-2, 24 Beacon Street, Boston",Completed,0,2386
189,2016-02-24 11:00,J23,Joint Committee on Public Service,"A-2, 24 Beacon Street, Boston",Completed,4,2390
189,2016-02-24 14:00,J27,Joint Committee on Transportation,"A-2, 24 Beacon Street, Boston",Completed,54,2388
189,2016-02-29 10:00,J27,Joint Committee on Transportation,"A-2, 24 Beacon Street, Boston",Completed,26,2392
189,2016-02-29 10:00,J39,Joint Committee on Ways and Means,"Everett High School, 100 Elm Street, Everett",Completed,0,2372
189,2016-03-01 10:00,J39,Joint Committee on Ways and Means,"Gardner Auditorium, 24 Beacon Street, Boston",Completed,0,2382
189,2016-03-01 13:00,J37,"Joint Committee on Telecommunications, Utilities and Energy","A-1, 24 Beacon Street, Boston",Completed,2,2374
189,2016-03-02 15:00,J25,Joint Committee on State Administration and Regulatory Oversight,"Room 348, 24 Beacon Street, Boston",Completed,0,2393
189,2016-03-03 11:30,H32,"House Committee on Bonding, Capital Expenditures and State Assets","A-2, 24 Beacon Street, Boston",Completed,0,2376
189,2016-03-04 10:00,J39,Joint Committee on Ways and Means,"Gardner Auditorium, 24 Beacon Street, Boston",Completed,0,2373
189,2016-03-07 10:00,J14,Joint Committee on Education,"Gardner Auditorium, 24 Beacon Street, Boston",Completed,7,2391
189,2016-03-07 10:00,J27,Joint Committee on Transportation,"A-2, 24 Beacon Street, Boston",Completed,0,2396
189,2016-03-07 13:00,J19,Joint Committee on the Judiciary,"A-1, 24 Beacon Street, Boston",Completed,6,2395
189,2016-03-07 14:00,J27,Joint Committee on Transportation,"A-2, 24 Beacon Street, Boston",Completed,23,2397
189,2016-03-08 10:00,J27,Joint Committee on Transportation,"Gardner Auditorium, 24 Beacon Street, Boston",Completed,3,2400
189,2016-03-08 10:00,J28,Joint Committee on Housing,"A-2, 24 Beacon Street, Boston",Completed,13,2384
189,2016-03-08 10:00,J39,Joint Committee on Ways and Means,"Methuen High School, 1 Ranger Road, Methuen",Completed,0,2383
189,2016-03-08 10:30,J22,Joint Committee on Public Safety and Homeland Security,"A-2, 24 Beacon Street, Boston",Completed,12,2399
189,2016-03-08 11:00,J24,Joint Committee on Health Care Financing,"B-1, 24 Beacon Street, Boston",Completed,1,2380
189,2016-03-08 13:00,J26,Joint Committee on Revenue,"A-2, 24 Beacon Street, Boston",Completed,4,2394
189,2016-03-14 14:00,S32,"Senate Committee on Bonding, Capital Expenditures and State Assets","222, 24 Beacon Street, Boston",Completed,1,2402
189,2016-03-15 10:00,J44,Joint Committee on Elder Affairs,"A-2, 24 Beacon Street, Boston",Completed,1,2398
189,2016-03-15 14:00,J25,Joint Committee on State Administration and Regulatory Oversight,"B-1, 24 Beacon Street, Boston",Completed,5,2405
189,2016-03-16 10:00,J43,Joint Committee on Labor and Workforce Development,"A-2, 24 Beacon Street, Boston",Completed,3,2403
189,2016-03-21 12:00,J12,Joint Committee on Economic Development and Emerging Technologies,"The Venture Development Center at UMass Boston, Wheatley Hall, Third Floor, Boston",Canceled,0,2401
189,2016-03-22 11:00,J24,Joint Committee on Health Care Financing,"Gardner Auditorium, 24 Beacon Street, Boston",Canceled,0,2381
189,2016-03-22 11:00,J24,Joint Committee on Health Care Financing,"Gardner Auditorium, 24 Beacon Street, Boston",Completed,8,2407
189,2016-03-23 15:00,J25,Joint Committee on State Administration and Regulatory Oversight,"Room 348, 24 Beacon Street, Boston",Completed,0,2408
189,2016-03-29 13:00,J25,Joint Committee on State Administration and Regulatory Oversight,"A-2, 24 Beacon Street, Boston",Completed,6,2410
189,2016-03-30 14:00,J25,Joint Committee on State Administration and Regulatory Oversight,"222, 24 Beacon Street, Boston",Completed,0,2411
189,2016-03-31 11:00,H32,"House Committee on Bonding, Capital Expenditures and State Assets","A-2, 24 Beacon Street, Boston",Completed,1,2406
189,2016-04-04 13:00,J18,Joint Committee on Mental Health and Substance Abuse,"A-1, 24 Beacon Street, Boston",Completed,1,2414
189,2016-04-04 15:30,S32,"Senate Committee on Bonding, Capital Expenditures and State Assets","222, 24 Beacon Street, Boston",Completed,1,2417
189,2016-04-05 10:00,J26,Joint Committee on Revenue,"B-1, 24 Beacon Street, Boston",Completed,1,2416
189,2016-04-05 13:00,J12,Joint Committee on Economic Development and Emerging Technologies,"A-2, 24 Beacon Street, Boston",Completed,2,2421
189,2016-04-11 11:00,J24,Joint Committee on Health Care Financing,"B-1, 24 Beacon Street, Boston",Completed,1,2409
189,2016-04-12 11:00,J10,Joint Committee on Municipalities and Regional Government,"A-2, 24 Beacon Street, Boston",Completed,5,2422
189,2016-04-12 11:30,J19,Joint Committee on the Judiciary,"B-1, 24 Beacon Street, Boston",Completed,3,2423
189,2016-04-12 12:30,J16,Joint Committee on Public Health,"A-2, 24 Beacon Street, Boston",Completed,2,2413
189,2016-04-13 13:00,J15,Joint Committee on Election Laws,"A-2, 24 Beacon Street, Boston",Completed,3,2425
189,2016-04-13 13:00,J23,Joint Committee on Public Service,"B-1, 24 Beacon Street, Boston",Completed,6,2415
189,2016-04-13 15:00,J25,Joint Committee on State Administration and Regulatory Oversight,"Room 348, 24 Beacon Street, Boston",Completed,0,2424
189,2016-04-26 11:00,J25,Joint Committee on State Administration and Regulatory Oversight,"A-2, 24 Beacon Street, Boston",Completed,3,2428
189,2016-05-03 10:30,J26,Joint Committee on Revenue,"B-1, 24 Beacon Street, Boston",Completed,2,2429
189,2016-05-03 13:00,S51,Senate Committee on Global Warming and Climate Change,"428, 24 Beacon Street, Boston",Completed,0,2427
189,2016-05-04 10:00,J13,"Joint Committee on Children, Families and Persons with Disabilities","B-1, 24 Beacon Street, Boston",Completed,2,2431
189,2016-05-06 12:00,J14,Joint Committee on Education,"A-2, 24 Beacon Street, Boston",Completed,1,2433
189,2016-05-10 00:30,J16,Joint Committee on Public Health,"A-2, 24 Beacon Street, Boston",Completed,1,2430
189,2016-05-10 10:30,S32,"Senate Committee on Bonding, Capital Expenditures and State Assets","222, 24 Beacon Street, Boston",Completed,6,2434
189,2016-05-10 11:00,J21,"Joint Committee on Environment, Natural Resources and Agriculture","Athol Town Hall, 584 Main St., Athol",Completed,0,2436
189,2016-05-10 13:00,J17,Joint Committee on Consumer Protection and Professional Licensure,"A-2, 24 Beacon Street, Boston",Completed,1,2426
189,2016-05-11 11:00,J25,Joint Committee on State Administration and Regulatory Oversight,"A-2, 24 Beacon Street, Boston",Completed,1,2435
189,2016-05-17 13:00,J21,"Joint Committee on Environment, Natural Resources and Agriculture","A-2, 24 Beacon Street, Boston",Completed,1,2440
189,2016-05-17 14:00,J44,Joint Committee on Elder Affairs,"A-2, 24 Beacon Street, Boston",Completed,1,2437
189,2016-05-18 12:00,J19,Joint Committee on the Judiciary,"B-1, 24 Beacon Street, Boston",Completed,4,2441
189,2016-05-18 12:00,J23,Joint Committee on Public Service,"222, 24 Beacon Street, Boston",Completed,5,2442
189,2016-05-18 15:00,J25,Joint Committee on State Administration and Regulatory Oversight,"222, 24 Beacon Street, Boston",Canceled,0,2438
189,2016-05-23 15:00,J25,Joint Committee on State Administration and Regulatory Oversight,"222, 24 Beacon Street, Boston",Completed,0,2443
189,2016-05-24 10:00,J26,Joint Committee on Revenue,"A-2, 24 Beacon Street, Boston",Completed,2,2439
189,2016-05-31 13:00,S51,Senate Committee on Global Warming and Climate Change,"222, 24 Beacon Street, Boston",Completed,0,2444
189,2016-06-01 11:30,J25,Joint Committee on State Administration and Regulatory Oversight,"A-2, 24 Beacon Street, Boston",Completed,4,2445
189,2016-06-01 13:00,J37,"Joint Committee on Telecommunications, Utilities and Energy","A-2, 24 Beacon Street, Boston",Completed,0,2446
189,2016-06-02 13:00,H51,House Committee on Global Warming and Climate Change,"A-2, 24 Beacon Street, Boston",Completed,0,2447
189,2016-06-14 10:00,J18,Joint Committee on Mental Health and Substance Abuse,"A-2, 24 Beacon Street, Boston",Completed,2,2451
189,2016-06-14 12:00,J10,Joint Committee on Municipalities and Regional Government,"A-2, 24 Beacon Street, Boston",Completed,11,2450
189,2016-06-15 12:00,J23,Joint Committee on Public Service,"A-2, 24 Beacon Street, Boston",Completed,10,2452
189,2016-06-16 18:30,J16,Joint Committee on Public Health,"First Parish of Bolton, Davis Hall, 673 Main Street, Bolton",Completed,0,2448
189,2016-06-21 11:00,H32,"House Committee on Bonding, Capital Expenditures and State Assets","A-1, 24 Beacon Street, Boston",Completed,1,2457
189,2016-06-21 11:00,J28,Joint Committee on Housing,"A-2, 24 Beacon Street, Boston",Completed,2,2455
189,2016-06-21 12:00,J27,Joint Committee on Transportation,"A-2, 24 Beacon Street, Boston",Completed,1,2453
189,2016-06-21 13:30,J26,Joint Committee on Revenue,"A-2, 24 Beacon Street, Boston",Completed,3,2456
189,2016-06-22 10:00,J44,Joint Committee on Elder Affairs,"A-2, 24 Beacon Street, Boston",Completed,2,2454
189,2016-06-22 10:30,S51,Senate Committee on Global Warming and Climate Change,"222, 24 Beacon Street, Boston",Completed,0,2460
189,2016-06-22 13:00,J25,Joint Committee on State Administration and Regulatory Oversight,"A-2, 24 Beacon Street, Boston",Completed,4,2458
189,2016-06-29 12:00,J23,Joint Committee on Public Service,"A-2, 24 Beacon Street, Boston",Completed,4,2459
189,2016-06-30 13:00,J37,"Joint Committee on Telecommunications, Utilities and Energy","A-2, 24 Beacon Street, Boston",Completed,1,2462
189,2016-07-05 13:00,S32,"Senate Committee on Bonding, Capital Expenditures and State Assets","222, 24 Beacon Street, Boston",Completed,1,2461
189,2016-07-07 10:00,J27,Joint Committee on Transportation,"A-2, 24 Beacon Street, Boston",Completed,2,2463
189,2016-07-07 11:00,J25,Joint Committee on State Administration and Regulatory Oversight,"437, 24 Beacon Street, Boston",Completed,2,2464
189,2016-07-11 11:00,S32,"Senate Committee on Bonding, Capital Expenditures and State Assets","A-2, 24 Beacon Street, Boston",Completed,1,2466
189,2016-07-12 11:00,J10,Joint Committee on Municipalities and Regional Government,"A-2, 24 Beacon Street, Boston",Completed,8,2465
189,2016-07-13 09:00,J19,Joint Committee on the Judiciary,"A-2, 24 Beacon Street, Boston",Completed,3,2467
189,2016-07-20 10:00,J25,Joint Committee on State Administration and Regulatory Oversight,"A-2, 24 Beacon Street, Boston",Completed,3,2468
189,2016-07-21 13:00,J23,Joint Committee on Public Service,"A-2, 24 Beacon Street, Boston",Completed,5,2469
189,2016-07-23 14:30,J25,Joint Committee on State Administration and Regulatory Oversight,"A-2, 24 Beacon Street, Boston",Completed,1,2470
189,2016-07-27 14:30,J25,Joint Committee on State Administration and Regulatory Oversight,"222, 24 Beacon Street, Boston",Completed,1,2472
189,2016-07-30 12:00,J21,"Joint Committee on Environment, Natural Resources and Agriculture","B-1, 24 Beacon Street, Boston",Completed,1,2473
189,2016-08-03 14:00,J26,Joint Committee on Revenue,"A-2, 24 Beacon Street, Boston",Completed,3,2471
189,2016-08-16 10:00,J28,Joint Committee on Housing,"A-2, 24 Beacon Street, Boston",Completed,1,2483
189,2016-08-23 11:00,J26,Joint Committee on Revenue,"B-1, 24 Beacon Street, Boston",Completed,2,2484
189,2016-09-06 13:00,J23,Joint Committee on Public Service,"A-1, 24 Beacon Street, Boston",Completed,5,2485
189,2016-09-13 13:00,J18,Joint Committee on Mental Health and Substance Abuse,"A-1, 24 Beacon Street, Boston",Completed,0,2486
189,2016-09-21 13:30,J23,Joint Committee on Public Service,"A-1, 24 Beacon Street, Boston",Completed,1,2487
189,2016-09-26 13:00,J12,Joint Committee on Economic Development and Emerging Technologies,"B-1, 24 Beacon Street, Boston",Completed,1,2488
189,2016-10-03 14:00,J18,Joint Committee on Mental Health and Substance Abuse,"A-1, 24 Beacon Street, Boston",Completed,1,2491
189,2016-10-12 13:00,J21,"Joint Committee on Environment, Natural Resources and Agriculture","A-1, 24 Beacon Street, Boston",Completed,1,2490
189,2016-10-18 12:00,J25,Joint Committee on State Administration and Regulatory Oversight,"B-1, 24 Beacon Street, Boston",Completed,1,2489
189,2016-10-26 11:45,J26,Joint Committee on Revenue,"B-1, 24 Beacon Street, Boston",Completed,5,2494
189,2016-10-26 13:00,J27,Joint Committee on Transportation,"A-1, 24 Beacon Street, Boston",Canceled,0,2492
189,2016-10-26 13:00,J27,Joint Committee on Transportation,"A-1, 24 Beacon Street, Boston",Completed,0,2493
189,2016-11-10 11:00,J23,Joint Committee on Public Service,"A-1, 24 Beacon Street, Boston",Completed,2,2496
189,2016-11-17 13:00,J23,Joint Committee on Public Service,"A-1, 24 Beacon Street, Boston",Completed,1,2497
189,2016-12-01 14:00,J21,"Joint Committee on Environment, Natural Resources and Agriculture","A-1, 24 Beacon Street, Boston",Completed,1,2498
189,2016-12-05 10:00,J39,Joint Committee on Ways and Means,"A1 & A2, 24 Beacon Street, Boston",Completed,0,2499
189,2016-12-13 13:00,H32,"House Committee on Bonding, Capital Expenditures and State Assets","A-1, 24 Beacon Street, Boston",Completed,0,2495
189,2016-12-15 12:00,J23,Joint Committee on Public Service,"A-2, 24 Beacon Street, Boston",Completed,7,2500
189,2016-12-20 10:00,J21,"Joint Committee on Environment, Natural Resources and Agriculture","A-1, 24 Beacon Street, Boston",Completed,2,2504
189,2016-12-21 11:00,S51,Senate Committee on Global Warming and Climate Change,"428, 24 Beacon Street, Boston",Completed,0,2501
189,2016-12-22 12:00,J25,Joint Committee on State Administration and Regulatory Oversight,"A-1, 24 Beacon Street, Boston",Completed,0,2505
190,2017-02-22 11:00,J25,Joint Committee on State Administration and Regulatory Oversight,"B-1, 24 Beacon Street, Boston",Completed,1,2508
190,2017-03-06 11:00,J27,Joint Committee on Transportation,"B-1, 24 Beacon Street, Boston",Completed,1,2511
190,2017-03-08 13:00,J24,Joint Committee on Health Care Financing,"Office of the Health Policy Commission, 50 Milk Street, Boston",Completed,0,2512
190,2017-03-09 10:00,J39,Joint Committee on Ways and Means,"A1 & A2, 24 Beacon Street, Boston",Completed,0,2509
190,2017-03-15 10:00,J39,Joint Committee on Ways and Means,"Everett High School, 100 Elm Street, Everett",Canceled,0,2513
190,2017-03-16 10:00,J39,Joint Committee on Ways and Means,"Endicott College, Beverly Auditorium, Beverly",Completed,0,2514
190,2017-03-20 09:00,J39,Joint Committee on Ways and Means,"Worcester State University, 486 Chandler Street, Worcester",Completed,0,2515
190,2017-03-20 11:00,J50,Joint Committee on Marijuana Policy,"A-1, 24 Beacon Street, Boston",Completed,0,2520
190,2017-03-21 10:00,J39,Joint Committee on Ways and Means,"Reggie Lewis Center, 1350 Tremont St,, Boston",Completed,0,2516
190,2017-03-21 11:00,H32,"House Committee on Bonding, Capital Expenditures and State Assets","B-2, 24 Beacon Street, Boston",Completed,1,2521
190,2017-03-27 10:00,J39,Joint Committee on Ways and Means,"Matthew J. Kuss Middle School, 52 Globe Mills Avenue, Fall River",Completed,0,2517
190,2017-03-27 16:00,J50,Joint Committee on Marijuana Policy,"West Springfield High School, 425 Piper Road, West Springfield",Completed,0,2530
190,2017-03-28 11:00,J10,Joint Committee on Municipalities and Regional Government,"A-2, 24 Beacon Street, Boston",Completed,8,2523
190,2017-03-28 11:00,J23,Joint Committee on Public Service,"B-1, 24 Beacon Street, Boston",Completed,19,2524
190,2017-03-29 10:00,J39,Joint Committee on Ways and Means,"UMASS Amherst, 144 Hicks Way, Amherst",Completed,0,2518
190,2017-03-31 10:00,J39,Joint Committee on Ways and Means,"A1 & A2, 24 Beacon Street, Boston",Completed,0,2519
190,2017-04-03 10:00,J39,Joint Committee on Ways and Means,"Everett High School, 100 Elm Street, Everett",Completed,0,2522
190,2017-04-03 11:00,J50,Joint Committee on Marijuana Policy,"A1 & A2, 24 Beacon Street, Boston",Completed,55,2532
190,2017-04-03 13:00,J26,Joint Committee on Revenue,"B-2, 24 Beacon Street, Boston",Completed,38,2528
190,2017-04-03 13:00,S32,"Senate Committee on Bonding, Capital Expenditures and State Assets","222, 24 Beacon Street, Boston",Completed,1,2534
190,2017-04-04 11:00,J25,Joint Committee on State Administration and Regulatory Oversight,"A-2, 24 Beacon Street, Boston",Completed,0,2535
190,2017-04-04 11:00,J25,Joint Committee on State Administration and Regulatory Oversight,"A-2, 24 Beacon Street, Boston",Completed,21,2537
190,2017-04-04 13:00,J43,Joint Committee on Labor and Workforce Development,"A-2, 24 Beacon Street, Boston",Completed,21,2525
190,2017-04-05 14:00,S51,Senate Committee on Global Warming and Climate Change,"B-1, 24 Beacon Street, Boston",Completed,0,2531
190,2017-04-10 13:00,J19,Joint Committee on the Judiciary,"A-2, 24 Beacon Street, Boston",Completed,8,2539
190,2017-04-10 13:00,J26,Joint Committee on Revenue,"B-2, 24 Beacon Street, Boston",Completed,38,2529
190,2017-04-10 16:00,J50,Joint Committee on Marijuana Policy,"Shrewsbury High School, 64 Holden St, Shrewsbury",Completed,0,2541
190,2017-04-11 10:30,J11,Joint Committee on Financial Services,"B-1, 24 Beacon Street, Boston",Completed,0,2540
190,2017-04-11 11:00,J23,Joint Committee on Public Service,"A-2, 24 Beacon Street, Boston",Completed,17,2544
190,2017-04-11 13:00,J10,Joint Committee on Municipalities and Regional Government,"A-2, 24 Beacon Street, Boston",Completed,13,2536
190,2017-04-11 13:00,J25,Joint Committee on State Administration and Regulatory Oversight,"B-1, 24 Beacon Street, Boston",Completed,15,2546
190,2017-04-12 15:00,J27,Joint Committee on Transportation,"A-1, 24 Beacon Street, Boston",Completed,32,2538
190,2017-04-13 10:00,J14,Joint Committee on Education,"A-2, 24 Beacon Street, Boston",Completed,23,2545
190,2017-04-13 10:00,J29,Joint Committee on Higher Education,"A-1, 24 Beacon Street, Boston",Completed,14,2527
190,2017-04-20 13:00,J15,Joint Committee on Election Laws,"A-1, 24 Beacon Street, Boston",Completed,3,2571
190,2017-04-24 11:00,J50,Joint Committee on Marijuana Policy,"A-1 & A-2, 24 Beacon Street, Boston",Completed,40,2578
190,2017-04-25 13:00,J13,"Joint Committee on Children, Families and Persons with Disabilities","B-2, 24 Beacon Street, Boston",Canceled,0,2572
190,2017-05-01 10:00,J26,Joint Committee on Revenue,"B-2, 24 Beacon Street, Boston",Completed,44,2573
190,2017-05-02 10:30,J10,Joint Committee on Municipalities and Regional Government,"A-2, 24 Beacon Street, Boston",Completed,15,2577
190,2017-05-02 11:00,J24,Joint Committee on Health Care Financing,"B-1, 24 Beacon Street, Boston",Completed,30,2566
190,2017-05-02 13:00,J19,Joint Committee on the Judiciary,"A-1, 24 Beacon Street, Boston",Completed,63,2579
190,2017-05-02 13:00,J21,"Joint Committee on Environment, Natural Resources and Agriculture","B-1, 24 Beacon Street, Boston",Completed,34,2580
190,2017-05-02 13:00,J37,"Joint Committee on Telecommunications, Utilities and Energy","A-2, 24 Beacon Street, Boston",Completed,23,2581
190,2017-05-02 13:00,J43,Joint Committee on Labor and Workforce Development,"B-2, 24 Beacon Street, Boston",Completed,33,2576
190,2017-05-08 13:00,J18,"Joint Committee on Mental Health, Substance Use and Recovery","B-1, 24 Beacon Street, Boston",Completed,19,2584
190,2017-05-08 13:00,J19,Joint Committee on the Judiciary,"A-1 & A-2, 24 Beacon Street, Boston",Completed,31,2583
190,2017-05-08 18:00,S51,Senate Committee on Global Warming and Climate Change,"Mashpee High School, 500 Old Barnstable Road, Mashpee",Completed,0,2591
190,2017-05-09 11:00,J23,Joint Committee on Public Service,"A-2, 24 Beacon Street, Boston",Completed,27,2585
190,2017-05-09 13:00,J17,Joint Committee on Consumer Protection and Professional Licensure,"B-1, 24 Beacon Street, Boston",Completed,29,2552
190,2017-05-09 13:00,J21,"Joint Committee on Environment, Natural Resources and Agriculture","A-2, 24 Beacon Street, Boston",Completed,0,2590
190,2017-05-09 13:00,J26,Joint Committee on Revenue,"B-2, 24 Beacon Street, Boston",Completed,37,2574
190,2017-05-09 14:00,J31,Joint Committee on Veterans and Federal Affairs,"222, 24 Beacon Street, Boston",Canceled,0,2588
190,2017-05-09 18:00,S51,Senate Committee on Global Warming and Climate Change,"First Parish of Sudbury, Unitarian Universalist, 327 Concord Road, Sudbury",Completed,0,2592
190,2017-05-11 10:00,J47,Joint Committee on Community Development and Small Businesses,"A-2, 24 Beacon Street, Boston",Completed,11,2597
190,2017-05-11 13:00,J15,Joint Committee on Election Laws,"A-2, 24 Beacon Street, Boston",Completed,38,2596
190,2017-05-15 10:30,H32,"House Committee on Bonding, Capital Expenditures and State Assets","B-1, 24 Beacon Street, Boston",Completed,0,2595
190,2017-05-15 13:00,J19,Joint Committee on the Judiciary,"A-1 & A-2, 24 Beacon Street, Boston",Completed,50,2586
190,2017-05-15 18:00,S51,Senate Committee on Global Warming and Climate Change,"Melrose Memorial Hall, 590 Main Street, Melrose",Completed,0,2593
190,2017-05-16 10:00,J14,Joint Committee on Education,"437, 24 Beacon Street, Boston",Completed,29,2587
190,2017-05-16 10:00,J22,Joint Committee on Public Safety and Homeland Security,"A-2, 24 Beacon Street, Boston",Completed,25,2600
190,2017-05-16 10:00,J26,Joint Committee on Revenue,"A-1, 24 Beacon Street, Boston",Completed,33,2575
190,2017-05-16 10:00,J28,Joint Committee on Housing,"B-2, 24 Beacon Street, Boston",Completed,0,2548
190,2017-05-16 10:30,J11,Joint Committee on Financial Services,"222, 24 Beacon Street, Boston",Completed,27,2589
190,2017-05-16 11:00,J24,Joint Committee on Health Care Financing,"B-1, 24 Beacon Street, Boston",Completed,25,2567
190,2017-05-16 13:00,J13,"Joint Committee on Children, Families and Persons with Disabilities","B-2, 24 Beacon Street, Boston",Completed,17,2598
190,2017-05-16 13:00,J14,Joint Committee on Education,"437, 24 Beacon Street, Boston",Completed,0,2601
190,2017-05-16 13:00,J16,Joint Committee on Public Health,"A-2, 24 Beacon Street, Boston",Completed,20,2582
190,2017-05-16 13:00,J17,Joint Committee on Consumer Protection and Professional Licensure,"A-1, 24 Beacon Street, Boston",Completed,31,2554
190,2017-05-16 13:00,J21,"Joint Committee on Environment, Natural Resources and Agriculture","B-1, 24 Beacon Street, Boston",Completed,21,2599
190,2017-05-16 18:00,S51,Senate Committee on Global Warming and Climate Change,"Benjamin Friedman Middle School, 500 Norton Avenue, Taunton",Completed,0,2610
190,2017-05-17 13:00,J27,Joint Committee on Transportation,"A-2, 24 Beacon Street, Boston",Completed,26,2608
190,2017-05-22 18:00,S51,Senate Committee on Global Warming and Climate Change,"Weymouth High School, 1 Wildcat Way, Weymouth",Completed,0,2594
190,2017-05-30 13:00,J10,Joint Committee on Municipalities and Regional Government,"B-1, 24 Beacon Street, Boston",Completed,12,2602
190,2017-05-30 13:00,J37,"Joint Committee on Telecommunications, Utilities and Energy","A-2, 24 Beacon Street, Boston",Completed,20,2617
190,2017-05-30 13:00,J43,Joint Committee on Labor and Workforce Development,"B-2, 24 Beacon Street, Boston",Completed,19,2609
190,2017-05-31 10:00,J22,Joint Committee on Public Safety and Homeland Security,"B-1, 24 Beacon Street, Boston",Completed,21,2618
190,2017-05-31 11:00,J23,Joint Committee on Public Service,"B-2, 24 Beacon Street, Boston",Completed,34,2611
190,2017-06-05 13:00,J18,"Joint Committee on Mental Health, Substance Use and Recovery","B-1, 24 Beacon Street, Boston",Completed,21,2613
190,2017-06-05 13:00,J19,Joint Committee on the Judiciary,"Gardner Auditorium, 24 Beacon Street, Boston",Completed,97,2634
190,2017-06-06 10:00,J14,Joint Committee on Education,"B-2, 24 Beacon Street, Boston",Completed,27,2623
190,2017-06-06 11:00,J24,Joint Committee on Health Care Financing,"B-1, 24 Beacon Street, Boston",Completed,35,2569
190,2017-06-06 13:00,J12,Joint Committee on Economic Development and Emerging Technologies,"428, 24 Beacon Street, Boston",Completed,10,2626
190,2017-06-06 13:00,J13,"Joint Committee on Children, Families and Persons with Disabilities","B-2, 24 Beacon Street, Boston",Completed,6,2644
190,2017-06-06 13:00,J16,Joint Committee on Public Health,"A-2, 24 Beacon Street, Boston",Completed,11,2622
190,2017-06-06 13:00,J17,Joint Committee on Consumer Protection and Professional Licensure,"A-1, 24 Beacon Street, Boston",Completed,23,2555
190,2017-06-06 13:00,J21,"Joint Committee on Environment, Natural Resources and Agriculture","437, 24 Beacon Street, Boston",Completed,34,2642
190,2017-06-06 13:00,J26,Joint Committee on Revenue,"B-1, 24 Beacon Street, Boston",Completed,48,2628
190,2017-06-06 14:00,J31,Joint Committee on Veterans and Federal Affairs,"222, 24 Beacon Street, Boston",Completed,13,2645
190,2017-06-08 13:00,J15,Joint Committee on Election Laws,"A-2, 24 Beacon Street, Boston",Completed,35,2627
190,2017-06-09 10:00,J22,Joint Committee on Public Safety and Homeland Security,"A-1 & A-2, 24 Beacon Street, Boston",Completed,2,2614
190,2017-06-12 10:00,J25,Joint Committee on State Administration and Regulatory Oversight,"A-2, 24 Beacon Street, Boston",Completed,40,2652
190,2017-06-12 15:00,J11,Joint Committee on Financial Services,"Barnstable Town Hall, 367 Main St, Barnstable",Completed,1,2654
190,2017-06-12 18:00,S51,Senate Committee on Global Warming and Climate Change,"Western New England University School of Law, 1215 Wilbraham Road, Springfield",Completed,0,2620
190,2017-06-13 10:00,J14,Joint Committee on Education,"A-1, 24 Beacon Street, Boston",Completed,26,2640
190,2017-06-13 10:00,J18,"Joint Committee on Mental Health, Substance Use and Recovery","A-2, 24 Beacon Street, Boston",Completed,13,2646
190,2017-06-13 10:00,J26,Joint Committee on Revenue,"B-2, 24 Beacon Street, Boston",Completed,46,2629
190,2017-06-13 11:00,J24,Joint Committee on Health Care Financing,"B-1, 24 Beacon Street, Boston",Completed,6,2570
190,2017-06-13 13:00,J11,Joint Committee on Financial Services,"437, 24 Beacon Street, Boston",Completed,24,2650
190,2017-06-13 13:00,J37,"Joint Committee on Telecommunications, Utilities and Energy","A-2, 24 Beacon Street, Boston",Completed,29,2653
190,2017-06-13 13:00,J43,Joint Committee on Labor and Workforce Development,"Gardner Auditorium, 24 Beacon Street, Boston",Completed,3,2615
190,2017-06-13 14:00,J27,Joint Committee on Transportation,"A-1, 24 Beacon Street, Boston",Completed,35,2651
190,2017-06-14 12:00,H32,"House Committee on Bonding, Capital Expenditures and State Assets","B-1, 24 Beacon Street, Boston",Completed,0,2648
190,2017-06-15 10:00,J29,Joint Committee on Higher Education,"A-1, 24 Beacon Street, Boston",Completed,9,2619
190,2017-06-15 11:00,J47,Joint Committee on Community Development and Small Businesses,"B-1, 24 Beacon Street, Boston",Completed,8,2649
190,2017-06-19 11:00,TI0,House Committee on Technology and Intergovernmental Affairs,"Bay Path University, 588 Longmeadow Street, Longmeadow",Completed,0,2624
190,2017-06-19 12:00,J50,Joint Committee on Marijuana Policy,"A-1, 24 Beacon Street, Boston",Completed,0,2670
190,2017-06-19 13:00,J18,"Joint Committee on Mental Health, Substance Use and Recovery","B-1, 24 Beacon Street, Boston",Completed,14,2647
190,2017-06-19 13:00,J19,Joint Committee on the Judiciary,"Gardner Auditorium, 24 Beacon Street, Boston",Completed,59,2662
190,2017-06-19 18:00,S51,Senate Committee on Global Warming and Climate Change,"Berkshire Community College, 1350 West Street, Pittsfield",Completed,0,2666
190,2017-06-20 10:00,J14,Joint Committee on Education,"A-1, 24 Beacon Street, Boston",Completed,30,2658
190,2017-06-20 10:00,J28,Joint Committee on Housing,"B-2, 24 Beacon Street, Boston",Completed,23,2550
190,2017-06-20 11:00,J24,Joint Committee on Health Care Financing,"B-1, 24 Beacon Street, Boston",Completed,7,2659
190,2017-06-20 13:00,J17,Joint Committee on Consumer Protection and Professional Licensure,"A-1, 24 Beacon Street, Boston",Completed,20,2556
190,2017-06-20 13:00,J26,Joint Committee on Revenue,"A-2, 24 Beacon Street, Boston",Completed,50,2631
190,2017-06-20 13:00,J37,"Joint Committee on Telecommunications, Utilities and Energy","Gardner Auditorium, 24 Beacon Street, Boston",Completed,16,2664
190,2017-06-20 13:00,J43,Joint Committee on Labor and Workforce Development,"B-2, 24 Beacon Street, Boston",Completed,31,2616
190,2017-06-20 18:00,S51,Senate Committee on Global Warming and Climate Change,"Essex Agricultural and Technical High School, 565 Maple Street, Danvers",Completed,0,2667
190,2017-06-22 11:00,J15,Joint Committee on Election Laws,"B-1, 24 Beacon Street, Boston",Canceled,0,2668
190,2017-06-26 18:00,S51,Senate Committee on Global Warming and Climate Change,"Robert A DeLeo Senior Center, 35 Harvard Street, Winthrop",Completed,0,2675
190,2017-06-27 10:00,J14,Joint Committee on Education,"A-2, 24 Beacon Street, Boston",Completed,29,2657
190,2017-06-27 10:00,J26,Joint Committee on Revenue,"B-2, 24 Beacon Street, Boston",Completed,32,2632
190,2017-06-27 10:30,J11,Joint Committee on Financial Services,"B-1, 24 Beacon Street, Boston",Completed,1,2656
190,2017-06-27 10:30,S51,Senate Committee on Global Warming and Climate Change,"428, 24 Beacon Street, Boston",Completed,0,2665
190,2017-06-27 11:00,J10,Joint Committee on Municipalities and Regional Government,"222, 24 Beacon Street, Boston",Completed,15,2672
190,2017-06-27 11:00,J23,Joint Committee on Public Service,"A-1, 24 Beacon Street, Boston",Completed,48,2669
190,2017-06-27 13:00,J13,"Joint Committee on Children, Families and Persons with Disabilities","B-2, 24 Beacon Street, Boston",Completed,16,2673
190,2017-06-27 13:00,J16,Joint Committee on Public Health,"A-2, 24 Beacon Street, Boston",Completed,26,2639
190,2017-06-28 10:00,H32,"House Committee on Bonding, Capital Expenditures and State Assets","B-1, 24 Beacon Street, Boston",Completed,0,2671
190,2017-06-29 10:00,J29,Joint Committee on Higher Education,"A-1, 24 Beacon Street, Boston",Completed,28,2621
190,2017-07-11 10:00,J14,Joint Committee on Education,"A-2, 24 Beacon Street, Boston",Completed,36,2685
190,2017-07-11 10:00,J18,"Joint Committee on Mental Health, Substance Use and Recovery","B-2, 24 Beacon Street, Boston",Completed,12,2674
190,2017-07-11 10:00,J51,Joint Committee on Export Development,"222, 24 Beacon Street, Boston",Completed,2,2676
190,2017-07-11 10:30,J11,Joint Committee on Financial Services,"A-1, 24 Beacon Street, Boston",Completed,22,2684
190,2017-07-11 11:00,J24,Joint Committee on Health Care Financing,"B-1, 24 Beacon Street, Boston",Completed,19,2660
190,2017-07-11 13:00,J16,Joint Committee on Public Health,"A-2, 24 Beacon Street, Boston",Completed,22,2679
190,2017-07-11 13:00,J19,Joint Committee on the Judiciary,"A-1, 24 Beacon Street, Boston",Completed,70,2682
190,2017-07-11 13:00,J26,Joint Committee on Revenue,"B-2, 24 Beacon Street, Boston",Completed,44,2635
190,2017-07-12 10:30,H32,"House Committee on Bonding, Capital Expenditures and State Assets","A-2, 24 Beacon Street, Boston",Completed,0,2689
190,2017-07-13 10:00,J29,Joint Committee on Higher Education,"A-2, 24 Beacon Street, Boston",Completed,49,2663
190,2017-07-13 14:00,J23,Joint Committee on Public Service,"A-2, 24 Beacon Street, Boston",Completed,42,2693
190,2017-07-13 14:00,J27,Joint Committee on Transportation,"B-2, 24 Beacon Street, Boston",Completed,23,2696
190,2017-07-13 14:00,J31,Joint Committee on Veterans and Federal Affairs,"A-1, 24 Beacon Street, Boston",Completed,13,2694
190,2017-07-18 10:00,J14,Joint Committee on Education,"428, 24 Beacon Street, Boston",Completed,29,2700
190,2017-07-18 10:30,J11,Joint Committee on Financial Services,"A-1, 24 Beacon Street, Boston",Completed,28,2698
190,2017-07-18 10:30,J12,Joint Committee on Economic Development and Emerging Technologies,"A-2, 24 Beacon Street, Boston",Completed,12,2699
190,2017-07-18 11:00,J18,"Joint Committee on Mental Health, Substance Use and Recovery","B-1, 24 Beacon Street, Boston",Completed,8,2688
190,2017-07-18 11:00,J25,Joint Committee on State Administration and Regulatory Oversight,"Gardner Auditorium, 24 Beacon Street, Boston",Completed,2,2680
190,2017-07-18 11:00,J26,Joint Committee on Revenue,"B-2, 24 Beacon Street, Boston",Completed,36,2636
190,2017-07-18 13:00,J17,Joint Committee on Consumer Protection and Professional Licensure,"B-1, 24 Beacon Street, Boston",Completed,30,2557
190,2017-07-18 13:00,J19,Joint Committee on the Judiciary,"A-1, 24 Beacon Street, Boston",Completed,89,2683
190,2017-07-18 13:00,J43,Joint Committee on Labor and Workforce Development,"B-2, 24 Beacon Street, Boston",Completed,15,2690
190,2017-07-19 10:00,J22,Joint Committee on Public Safety and Homeland Security,"A-2, 24 Beacon Street, Boston",Completed,26,2687
190,2017-07-19 11:00,TI0,House Committee on Technology and Intergovernmental Affairs,"Room 437, 24 Beacon Street, Boston",Completed,0,2692
190,2017-07-25 10:00,J14,Joint Committee on Education,"B-2, 24 Beacon Street, Boston",Completed,32,2686
190,2017-07-25 10:00,J28,Joint Committee on Housing,"A-2, 24 Beacon Street, Boston",Completed,2,2612
190,2017-07-25 11:00,J10,Joint Committee on Municipalities and Regional Government,"B-1, 24 Beacon Street, Boston",Completed,12,2702
190,2017-07-25 13:00,J16,Joint Committee on Public Health,"A-2, 24 Beacon Street, Boston",Completed,17,2697
190,2017-07-25 13:00,J24,Joint Committee on Health Care Financing,"437, 24 Beacon Street, Boston",Completed,0,2705
190,2017-07-25 13:00,J27,Joint Committee on Transportation,"B-1, 24 Beacon Street, Boston",Completed,30,2704
190,2017-07-25 13:00,J30,"Joint Committee on Tourism, Arts and Cultural Development","428, 24 Beacon Street, Boston",Completed,0,2678
190,2017-07-26 10:30,H32,"House Committee on Bonding, Capital Expenditures and State Assets","A-2, 24 Beacon Street, Boston",Completed,0,2701
190,2017-07-26 11:00,J23,Joint Committee on Public Service,"B-1, 24 Beacon Street, Boston",Completed,2,2707
190,2017-07-26 13:00,J21,"Joint Committee on Environment, Natural Resources and Agriculture","B-1, 24 Beacon Street, Boston",Completed,4,2706
190,2017-07-31 13:00,J13,"Joint Committee on Children, Families and Persons with Disabilities","B-1, 24 Beacon Street, Boston",Completed,16,2695
190,2017-07-31 13:00,J44,Joint Committee on Elder Affairs,"A-2, 24 Beacon Street, Boston",Completed,19,2703
190,2017-08-22 10:00,J28,Joint Committee on Housing,"B-2, 24 Beacon Street, Boston",Completed,21,2643
190,2017-09-05 10:00,J14,Joint Committee on Education,"A-1 & A-2, 24 Beacon Street, Boston",Completed,32,2708
190,2017-09-06 13:00,J15,Joint Committee on Election Laws,"B-1, 24 Beacon Street, Boston",Completed,1,2714
190,2017-09-06 13:00,J18,"Joint Committee on Mental Health, Substance Use and Recovery","A-1 & A-2, 24 Beacon Street, Boston",Completed,3,2716
190,2017-09-07 13:00,H32,"House Committee on Bonding, Capital Expenditures and State Assets","A-1 & A-2, 24 Beacon Street, Boston",Completed,0,2718
190,2017-09-11 11:00,J29,Joint Committee on Higher Education,"Leominster High School, Auditorium, Leominster",Completed,16,2721
190,2017-09-11 13:00,J44,Joint Committee on Elder Affairs,"A-1, 24 Beacon Street, Boston",Completed,32,2713
190,2017-09-12 09:00,J18,"Joint Committee on Mental Health, Substance Use and Recovery","B-1, 24 Beacon Street, Boston",Completed,3,2717
190,2017-09-12 10:00,J14,Joint Committee on Education,"Gardner Auditorium, 24 Beacon Street, Boston",Completed,40,2709
190,2017-09-12 10:00,J21,"Joint Committee on Environment, Natural Resources and Agriculture","A-2, 24 Beacon Street, Boston",Completed,32,2724
190,2017-09-12 13:00,J10,Joint Committee on Municipalities and Regional Government,"B-2, 24 Beacon Street, Boston",Completed,31,2725
190,2017-09-12 13:00,J16,Joint Committee on Public Health,"A-2, 24 Beacon Street, Boston",Completed,25,2715
190,2017-09-12 13:00,J19,Joint Committee on the Judiciary,"A-1, 24 Beacon Street, Boston",Completed,102,2722
190,2017-09-12 14:00,J17,Joint Committee on Consumer Protection and Professional Licensure,"B-1, 24 Beacon Street, Boston",Completed,35,2558
190,2017-09-13 11:00,J24,Joint Committee on Health Care Financing,"B-1, 24 Beacon Street, Boston",Completed,20,2729
190,2017-09-13 13:00,J22,Joint Committee on Public Safety and Homeland Security,"B-2, 24 Beacon Street, Boston",Completed,33,2727
190,2017-09-18 10:30,J11,Joint Committee on Financial Services,"A-2, 24 Beacon Street, Boston",Completed,23,2734
190,2017-09-18 11:00,J21,"Joint Committee on Environment, Natural Resources and Agriculture","Division of Fisheries and Wildlife, 1 Rabbit Hill Road, Westborough",Completed,22,2732
190,2017-09-18 12:00,J27,Joint Committee on Transportation,"A-1, 24 Beacon Street, Boston",Completed,27,2723
190,2017-09-19 10:00,J28,Joint Committee on Housing,"B-2, 24 Beacon Street, Boston",Completed,18,2711
190,2017-09-19 12:00,J43,Joint Committee on Labor and Workforce Development,"Gardner Auditorium, 24 Beacon Street, Boston",Completed,7,2731
190,2017-09-19 13:00,J12,Joint Committee on Economic Development and Emerging Technologies,"Springfield Technical Community College (Scibelli Hall), One Armory Square, Springfield",Completed,23,2737
190,2017-09-19 13:00,J17,Joint Committee on Consumer Protection and Professional Licensure,"A-1, 24 Beacon Street, Boston",Completed,20,2560
190,2017-09-19 13:00,J21,"Joint Committee on Environment, Natural Resources and Agriculture","B-1, 24 Beacon Street, Boston",Completed,21,2736
190,2017-09-19 13:00,J23,Joint Committee on Public Service,"222, 24 Beacon Street, Boston",Completed,38,2726
190,2017-09-19 13:00,J37,"Joint Committee on Telecommunications, Utilities and Energy","A-2, 24 Beacon Street, Boston",Completed,26,2720
190,2017-09-21 14:00,S32,"Senate Committee on Bonding, Capital Expenditures and State Assets","222, 24 Beacon Street, Boston",Completed,4,2741
190,2017-09-22 11:00,J18,"Joint Committee on Mental Health, Substance Use and Recovery","Springfield City Hall, 36 Court Street, Springfield",Completed,1,2738
190,2017-09-25 10:30,J11,Joint Committee on Financial Services,"A-2, 24 Beacon Street, Boston",Completed,20,2748
190,2017-09-25 18:00,S51,Senate Committee on Global Warming and Climate Change,"Groton-Dunstable Regional High School, 703 Chicopee Row, Groton",Completed,0,2740
190,2017-09-26 10:00,J26,Joint Committee on Revenue,"B-2, 24 Beacon Street, Boston",Completed,33,2745
190,2017-09-26 11:00,J10,Joint Committee on Municipalities and Regional Government,"B-1, 24 Beacon Street, Boston",Completed,15,2742
190,2017-09-26 11:00,J16,Joint Committee on Public Health,"A-1 & A-2, 24 Beacon Street, Boston",Completed,2,2735
190,2017-09-26 13:00,J17,Joint Committee on Consumer Protection and Professional Licensure,"B-1, 24 Beacon Street, Boston",Completed,24,2561
190,2017-09-26 13:00,J19,Joint Committee on the Judiciary,"B-2, 24 Beacon Street, Boston",Completed,52,2743
190,2017-09-27 13:00,J15,Joint Committee on Election Laws,"A-1, 24 Beacon Street, Boston",Completed,30,2744
190,2017-09-28 10:00,J47,Joint Committee on Community Development and Small Businesses,"A-1, 24 Beacon Street, Boston",Completed,1,2733
190,2017-09-28 14:00,J31,Joint Committee on Veterans and Federal Affairs,"B-1, 24 Beacon Street, Boston",Completed,21,2730
190,2017-10-02 11:00,J29,Joint Committee on Higher Education,"Westfield State University, Dever Stage - Parenzo Hall, Westfield",Completed,11,2739
190,2017-10-02 13:00,J25,Joint Committee on State Administration and Regulatory Oversight,"B-1, 24 Beacon Street, Boston",Completed,36,2755
190,2017-10-03 10:00,J14,Joint Committee on Education,"428, 24 Beacon Street, Boston",Completed,28,2710
190,2017-10-03 10:00,J22,Joint Committee on Public Safety and Homeland Security,"B-2, 24 Beacon Street, Boston",Completed,21,2760
190,2017-10-03 10:30,J11,Joint Committee on Financial Services,"Gardner Auditorium, 24 Beacon Street, Boston",Completed,23,2757
190,2017-10-03 13:00,J17,Joint Committee on Consumer Protection and Professional Licensure,"A-1, 24 Beacon Street, Boston",Completed,24,2562
190,2017-10-03 13:00,J21,"Joint Committee on Environment, Natural Resources and Agriculture","B-1, 24 Beacon Street, Boston",Completed,8,2761
190,2017-10-03 13:00,J37,"Joint Committee on Telecommunications, Utilities and Energy","A-2, 24 Beacon Street, Boston",Completed,18,2758
190,2017-10-03 13:00,J43,Joint Committee on Labor and Workforce Development,"B-2, 24 Beacon Street, Boston",Completed,24,2756
190,2017-10-05 10:30,H32,"House Committee on Bonding, Capital Expenditures and State Assets","B-1, 24 Beacon Street, Boston",Completed,1,2749
190,2017-10-10 10:00,J22,Joint Committee on Public Safety and Homeland Security,"B-2, 24 Beacon Street, Boston",Completed,25,2767
190,2017-10-10 13:00,J13,"Joint Committee on Children, Families and Persons with Disabilities","B-1, 24 Beacon Street, Boston",Completed,16,2765
190,2017-10-10 13:00,J21,"Joint Committee on Environment, Natural Resources and Agriculture","A-1, 24 Beacon Street, Boston",Completed,3,2766
190,2017-10-10 13:00,J23,Joint Committee on Public Service,"A-2, 24 Beacon Street, Boston",Completed,18,2764
190,2017-10-11 14:00,J44,Joint Committee on Elder Affairs,"A-1, 24 Beacon Street, Boston",Completed,20,2750
190,2017-10-12 14:00,J15,Joint Committee on Election Laws,"B-1, 24 Beacon Street, Boston",Completed,33,2768
190,2017-10-16 13:00,J19,Joint Committee on the Judiciary,"A-2, 24 Beacon Street, Boston",Completed,46,2772
190,2017-10-16 13:00,J25,Joint Committee on State Administration and Regulatory Oversight,"B-1, 24 Beacon Street, Boston",Completed,33,2775
190,2017-10-17 09:30,J21,"Joint Committee on Environment, Natural Resources and Agriculture","B-1, 24 Beacon Street, Boston",Completed,25,2780
190,2017-10-17 10:00,J28,Joint Committee on Housing,"B-2, 24 Beacon Street, Boston",Completed,16,2712
190,2017-10-17 10:30,J11,Joint Committee on Financial Services,"A-2, 24 Beacon Street, Boston",Completed,26,2777
190,2017-10-17 13:00,J10,Joint Committee on Municipalities and Regional Government,"222, 24 Beacon Street, Boston",Completed,15,2769
190,2017-10-17 13:00,J16,Joint Committee on Public Health,"A-2, 24 Beacon Street, Boston",Completed,30,2763
190,2017-10-17 13:00,J17,Joint Committee on Consumer Protection and Professional Licensure,"B-2, 24 Beacon Street, Boston",Completed,25,2563
190,2017-10-17 13:00,S61,Special Senate Committee on Health Care Cost Containment and Reform,"428, 24 Beacon Street, Boston",Completed,0,2788
190,2017-10-18 10:30,H32,"House Committee on Bonding, Capital Expenditures and State Assets","B-1, 24 Beacon Street, Boston",Completed,0,2774
190,2017-10-19 14:00,J47,Joint Committee on Community Development and Small Businesses,"B-1, 24 Beacon Street, Boston",Completed,7,2779
190,2017-10-23 11:30,S61,Special Senate Committee on Health Care Cost Containment and Reform,"A-1 & A-2, 24 Beacon Street, Boston",Completed,0,2798
190,2017-10-23 13:00,J25,Joint Committee on State Administration and Regulatory Oversight,"B-2, 24 Beacon Street, Boston",Completed,25,2776
190,2017-10-24 10:00,J27,Joint Committee on Transportation,"A-1, 24 Beacon Street, Boston",Completed,13,2783
190,2017-10-24 10:30,J11,Joint Committee on Financial Services,"A-2, 24 Beacon Street, Boston",Completed,16,2795
190,2017-10-24 11:00,H32,"House Committee on Bonding, Capital Expenditures and State Assets","B-2, 24 Beacon Street, Boston",Completed,0,2784
190,2017-10-24 13:00,J16,Joint Committee on Public Health,"A-2, 24 Beacon Street, Boston",Completed,28,2778
190,2017-10-24 13:00,J19,Joint Committee on the Judiciary,"B-1, 24 Beacon Street, Boston",Completed,49,2794
190,2017-10-24 13:00,J21,"Joint Committee on Environment, Natural Resources and Agriculture","A-1, 24 Beacon Street, Boston",Completed,30,2796
190,2017-10-24 13:30,J13,"Joint Committee on Children, Families and Persons with Disabilities","222, 24 Beacon Street, Boston",Completed,17,2787
190,2017-10-25 10:00,J25,Joint Committee on State Administration and Regulatory Oversight,"A-2, 24 Beacon Street, Boston",Completed,26,2781
190,2017-10-25 14:00,J31,Joint Committee on Veterans and Federal Affairs,"B-1 & B-2, 24 Beacon Street, Boston",Completed,16,2785
190,2017-10-26 10:00,J37,"Joint Committee on Telecommunications, Utilities and Energy","A-2, 24 Beacon Street, Boston",Completed,29,2797
190,2017-10-30 10:30,J11,Joint Committee on Financial Services,"B-1, 24 Beacon Street, Boston",Completed,22,2806
190,2017-10-30 10:30,J16,Joint Committee on Public Health,"A-1 & A-2, 24 Beacon Street, Boston",Completed,0,2773
190,2017-10-30 10:30,S48,Senate Committee on Post Audit and Oversight,"B-2, 24 Beacon Street, Boston",Completed,0,2809
190,2017-10-30 12:00,J21,"Joint Committee on Environment, Natural Resources and Agriculture","Lenox Town Hall, 6 Walker Street, Lenox",Completed,24,2803
190,2017-10-31 10:00,J43,Joint Committee on Labor and Workforce Development,"B-2, 24 Beacon Street, Boston",Completed,8,2792
190,2017-10-31 11:00,J10,Joint Committee on Municipalities and Regional Government,"A-1, 24 Beacon Street, Boston",Completed,18,2782
190,2017-10-31 11:00,J12,Joint Committee on Economic Development and Emerging Technologies,"A-2, 24 Beacon Street, Boston",Completed,17,2790
190,2017-10-31 13:00,J23,Joint Committee on Public Service,"A-2, 24 Beacon Street, Boston",Completed,51,2791
190,2017-10-31 13:00,J26,Joint Committee on Revenue,"B-1, 24 Beacon Street, Boston",Canceled,33,2747
190,2017-10-31 13:00,J26,Joint Committee on Revenue,"B-1, 24 Beacon Street, Boston",Completed,35,2802
190,2017-10-31 13:00,J30,"Joint Committee on Tourism, Arts and Cultural Development","A-1, 24 Beacon Street, Boston",Canceled,0,2771
190,2017-10-31 13:00,J30,"Joint Committee on Tourism, Arts and Cultural Development","A-1, 24 Beacon Street, Boston",Completed,23,2789
190,2017-11-01 10:00,H32,"House Committee on Bonding, Capital Expenditures and State Assets","B-2, 24 Beacon Street, Boston",Canceled,0,2808
190,2017-11-01 10:00,H32,"House Committee on Bonding, Capital Expenditures and State Assets","B-2, 24 Beacon Street, Boston",Completed,1,2811
190,2017-11-01 10:00,J25,Joint Committee on State Administration and Regulatory Oversight,"A-2, 24 Beacon Street, Boston",Completed,32,2799
190,2017-11-01 10:30,TI0,House Committee on Technology and Intergovernmental Affairs,"B-1, 24 Beacon Street, Boston",Canceled,0,2810
190,2017-11-06 13:00,J25,Joint Committee on State Administration and Regulatory Oversight,"A-2, 24 Beacon Street, Boston",Completed,39,2801
190,2017-11-06 13:00,J37,"Joint Committee on Telecommunications, Utilities and Energy","B-1, 24 Beacon Street, Boston",Completed,26,2815
190,2017-11-07 10:00,J16,Joint Committee on Public Health,"A-1 & A-2, 24 Beacon Street, Boston",Completed,45,2813
190,2017-11-07 13:00,J23,Joint Committee on Public Service,"B-2, 24 Beacon Street, Boston",Completed,43,2816
190,2017-11-08 14:00,J31,Joint Committee on Veterans and Federal Affairs,"B-1 & B-2, 24 Beacon Street, Boston",Canceled,6,2786
190,2017-11-09 13:00,H32,"House Committee on Bonding, Capital Expenditures and State Assets","B-1, 24 Beacon Street, Boston",Completed,0,2818
190,2017-11-09 14:00,J31,Joint Committee on Veterans and Federal Affairs,"B-2, 24 Beacon Street, Boston",Completed,5,2821
190,2017-11-13 10:00,J43,Joint Committee on Labor and Workforce Development,"B-2, 24 Beacon Street, Boston",Completed,23,2817
190,2017-11-13 10:30,J11,Joint Committee on Financial Services,"A-2, 24 Beacon Street, Boston",Completed,3,2827
190,2017-11-13 15:00,J27,Joint Committee on Transportation,"A-1, 24 Beacon Street, Boston",Completed,35,2826
190,2017-11-14 11:00,J10,Joint Committee on Municipalities and Regional Government,"A-1, 24 Beacon Street, Boston",Completed,19,2825
190,2017-11-14 13:00,J13,"Joint Committee on Children, Families and Persons with Disabilities","222, 24 Beacon Street, Boston",Canceled,15,2793
190,2017-11-14 13:00,J17,Joint Committee on Consumer Protection and Professional Licensure,"B-1, 24 Beacon Street, Boston",Completed,1,2565
190,2017-11-15 10:30,TI0,House Committee on Technology and Intergovernmental Affairs,"B-2, 24 Beacon Street, Boston",Completed,0,2829
190,2017-11-16 11:00,J22,Joint Committee on Public Safety and Homeland Security,"A-1, 24 Beacon Street, Boston",Completed,55,2824
190,2017-11-21 13:00,J13,"Joint Committee on Children, Families and Persons with Disabilities","A-1, 24 Beacon Street, Boston",Completed,22,2822
190,2017-11-28 10:30,J11,Joint Committee on Financial Services,"A-1, 24 Beacon Street, Boston",Completed,23,2836
190,2017-11-28 13:00,J16,Joint Committee on Public Health,"A-2, 24 Beacon Street, Boston",Completed,20,2830
190,2017-11-28 13:00,J19,Joint Committee on the Judiciary,"B-1, 24 Beacon Street, Boston",Completed,69,2832
190,2017-11-28 14:00,J22,Joint Committee on Public Safety and Homeland Security,"A-1, 24 Beacon Street, Boston",Canceled,49,2834
190,2017-11-29 11:00,J21,"Joint Committee on Environment, Natural Resources and Agriculture","A-1, 24 Beacon Street, Boston",Completed,31,2833
190,2017-11-29 11:00,J23,Joint Committee on Public Service,"A-2, 24 Beacon Street, Boston",Completed,35,2828
190,2017-11-30 11:00,J12,Joint Committee on Economic Development and Emerging Technologies,"University of Massachusetts Medical School, Albert Sherman Center, Worcester",Completed,2,2831
190,2017-12-05 10:30,J11,Joint Committee on Financial Services,"A-2, 24 Beacon Street, Boston",Completed,12,2841
190,2017-12-05 11:00,J26,Joint Committee on Revenue,"B-2, 24 Beacon Street, Boston",Completed,2,2840
190,2017-12-05 11:30,S56,Senate Committee on Ethics,"428, 24 Beacon Street, Boston",Completed,0,2847
190,2017-12-05 12:00,J13,"Joint Committee on Children, Families and Persons with Disabilities","B-1, 24 Beacon Street, Boston",Completed,30,2823
190,2017-12-05 13:00,J16,Joint Committee on Public Health,"A-2, 24 Beacon Street, Boston",Completed,22,2835
190,2017-12-05 13:30,TI0,House Committee on Technology and Intergovernmental Affairs,"A-1, 24 Beacon Street, Boston",Completed,0,2843
190,2017-12-06 13:00,J27,Joint Committee on Transportation,"A-1, 24 Beacon Street, Boston",Completed,46,2844
190,2017-12-07 11:30,S32,"Senate Committee on Bonding, Capital Expenditures and State Assets","222, 24 Beacon Street, Boston",Completed,1,2846
190,2017-12-11 11:00,H51,House Committee on Global Warming and Climate Change,"B-1, 24 Beacon Street, Boston",Completed,0,2848
190,2017-12-11 13:00,J16,Joint Committee on Public Health,"A-2, 24 Beacon Street, Boston",Completed,24,2842
190,2017-12-13 14:00,J23,Joint Committee on Public Service,"222, 24 Beacon Street, Boston",Completed,1,2851
190,2017-12-14 10:00,J11,Joint Committee on Financial Services,"222, 24 Beacon Street, Boston",Completed,24,2850
190,2017-12-19 10:00,J28,Joint Committee on Housing,"B-2, 24 Beacon Street, Boston",Completed,40,2751
190,2017-12-19 11:00,J22,Joint Committee on Public Safety and Homeland Security,"B-1, 24 Beacon Street, Boston",Completed,49,2845
190,2017-12-19 13:00,J16,Joint Committee on Public Health,"A-2, 24 Beacon Street, Boston",Completed,35,2849
190,2018-01-09 10:30,J11,Joint Committee on Financial Services,"A-2, 24 Beacon Street, Boston",Completed,20,2856
190,2018-01-09 13:00,J17,Joint Committee on Consumer Protection and Professional Licensure,"B-1, 24 Beacon Street, Boston",Completed,2,2855
190,2018-01-10 10:00,J30,"Joint Committee on Tourism, Arts and Cultural Development","A-2, 24 Beacon Street, Boston",Completed,1,2852
190,2018-01-16 10:00,J14,Joint Committee on Education,"A-1, 24 Beacon Street, Boston",Completed,5,2863
190,2018-01-16 10:00,J14,Joint Committee on Education,"A-1, 24 Beacon Street, Boston",Completed,0,2864
190,2018-01-16 10:30,J11,Joint Committee on Financial Services,"A-2, 24 Beacon Street, Boston",Completed,27,2859
190,2018-01-16 13:00,J18,"Joint Committee on Mental Health, Substance Use and Recovery","Gardner Auditorium, 24 Beacon Street, Boston",Completed,1,2857
190,2018-01-16 14:00,J51,Joint Committee on Export Development,"B-1, 24 Beacon Street, Boston",Completed,0,2820
190,2018-01-17 10:30,TI0,House Committee on Technology and Intergovernmental Affairs,"B-1, 24 Beacon Street, Boston",Canceled,0,2862
190,2018-01-17 13:30,J13,"Joint Committee on Children, Families and Persons with Disabilities","A-2, 24 Beacon Street, Boston",Completed,0,2860
190,2018-01-23 10:00,J28,Joint Committee on Housing,"B-2, 24 Beacon Street, Boston",Completed,13,2752
190,2018-01-23 11:00,J26,Joint Committee on Revenue,"Gardner Auditorium, 24 Beacon Street, Boston",Completed,0,2858
190,2018-01-23 11:30,J23,Joint Committee on Public Service,"A-2, 24 Beacon Street, Boston",Completed,37,2853
190,2018-01-23 13:00,J37,"Joint Committee on Telecommunications, Utilities and Energy","B-1, 24 Beacon Street, Boston",Completed,4,2869
190,2018-01-24 10:00,J27,Joint Committee on Transportation,"A-1, 24 Beacon Street, Boston",Completed,52,2865
190,2018-01-24 10:00,S51,Senate Committee on Global Warming and Climate Change,"B-1, 24 Beacon Street, Boston",Completed,0,2870
190,2018-01-24 13:00,J27,Joint Committee on Transportation,"A-1, 24 Beacon Street, Boston",Completed,47,2866
190,2018-01-30 10:00,J28,Joint Committee on Housing,"B-1, 24 Beacon Street, Boston",Completed,1,2872
190,2018-01-30 12:00,J17,Joint Committee on Consumer Protection and Professional Licensure,"B-2, 24 Beacon Street, Boston",Completed,1,2880
190,2018-01-30 13:00,J19,Joint Committee on the Judiciary,"A-1, 24 Beacon Street, Boston",Completed,20,2874
190,2018-01-30 13:00,J25,Joint Committee on State Administration and Regulatory Oversight,"Gardner Auditorium, 24 Beacon Street, Boston",Completed,39,2861
190,2018-01-30 13:00,J37,"Joint Committee on Telecommunications, Utilities and Energy","B-1, 24 Beacon Street, Boston",Completed,0,2879
190,2018-01-30 13:00,J43,Joint Committee on Labor and Workforce Development,"B-2, 24 Beacon Street, Boston",Completed,4,2873
190,2018-01-30 13:30,J12,Joint Committee on Economic Development and Emerging Technologies,"State House Room 437, 24 Beacon Street, Boston",Completed,2,2877
190,2018-01-31 11:00,S30,Senate Committee on Ways and Means,"Gardner Auditorium, 24 Beacon Street, Boston",Completed,0,2876
190,2018-01-31 14:00,J26,Joint Committee on Revenue,"B-2, 24 Beacon Street, Boston",Completed,3,2878
190,2018-02-01 10:00,J18,"Joint Committee on Mental Health, Substance Use and Recovery","B-2, 24 Beacon Street, Boston",Completed,0,2883
190,2018-02-01 10:00,J22,Joint Committee on Public Safety and Homeland Security,"A-1, 24 Beacon Street, Boston",Completed,2,2871
190,2018-02-06 10:00,J39,Joint Committee on Ways and Means,"Gardner Auditorium, 24 Beacon Street, Boston",Completed,0,2881
190,2018-02-06 10:30,J10,Joint Committee on Municipalities and Regional Government,"B-1, 24 Beacon Street, Boston",Completed,2,2882
190,2018-02-06 11:00,S63,Special Senate Committee on Net Neutrality and Consumer Protection,"Room 428, 24 Beacon Street, Boston",Completed,0,2890
190,2018-02-06 12:00,J13,"Joint Committee on Children, Families and Persons with Disabilities","A-2, 24 Beacon Street, Boston",Completed,3,2884
190,2018-02-06 13:00,J13,"Joint Committee on Children, Families and Persons with Disabilities","A-2, 24 Beacon Street, Boston",Completed,0,2875
190,2018-02-06 13:00,J18,"Joint Committee on Mental Health, Substance Use and Recovery","B-1, 24 Beacon Street, Boston",Completed,0,2892
190,2018-02-06 13:00,J50,Joint Committee on Marijuana Policy,"B-2, 24 Beacon Street, Boston",Completed,1,2887
190,2018-02-06 13:00,J50,Joint Committee on Marijuana Policy,"B-2, 24 Beacon Street, Boston",Completed,27,2888
190,2018-02-13 10:00,J39,Joint Committee on Ways and Means,"Seven Hills Foundation, 81 Hope Avenue, Worcester",Completed,0,2898
190,2018-02-13 11:00,J21,"Joint Committee on Environment, Natural Resources and Agriculture","A-2, 24 Beacon Street, Boston",Completed,2,2909
190,2018-02-13 12:00,J17,Joint Committee on Consumer Protection and Professional Licensure,"B-2, 24 Beacon Street, Boston",Completed,3,2902
190,2018-02-13 13:00,S32,"Senate Committee on Bonding, Capital Expenditures and State Assets","A-1, 24 Beacon Street, Boston",Completed,1,2886
190,2018-02-13 13:30,J13,"Joint Committee on Children, Families and Persons with Disabilities","B-2, 24 Beacon Street, Boston",Completed,0,2913
190,2018-02-14 11:00,J12,Joint Committee on Economic Development and Emerging Technologies,"B-2, 24 Beacon Street, Boston",Completed,1,2908
190,2018-02-14 15:30,J26,Joint Committee on Revenue,"B-1, 24 Beacon Street, Boston",Completed,1,2912
190,2018-02-20 13:00,J16,Joint Committee on Public Health,"A-2, 24 Beacon Street, Boston",Completed,1,2914
190,2018-02-21 11:00,J23,Joint Committee on Public Service,"A-1, 24 Beacon Street, Boston",Completed,5,2915
190,2018-02-26 10:00,J39,Joint Committee on Ways and Means,"UMass Amherst, Old Chapel, Amherst",Completed,0,2899
190,2018-02-26 15:00,J28,Joint Committee on Housing,"B-2, 24 Beacon Street, Boston",Completed,2,2917
190,2018-02-27 12:00,J43,Joint Committee on Labor and Workforce Development,"B-1, 24 Beacon Street, Boston",Canceled,1,2916
190,2018-02-28 14:00,J43,Joint Committee on Labor and Workforce Development,"A-1, 24 Beacon Street, Boston",Completed,1,2919
190,2018-02-28 14:00,J43,Joint Committee on Labor and Workforce Development,"A-1, 24 Beacon Street, Boston",Completed,1,2920
190,2018-03-01 14:00,TI0,House Committee on Technology and Intergovernmental Affairs,"B-2, 24 Beacon Street, Boston",Completed,0,2922
190,2018-03-02 10:00,J39,Joint Committee on Ways and Means,"Auditorium in Media Arts Center of Roxbury Community College, 1234 Columbus Ave., Boston",Completed,0,2901
190,2018-03-05 12:30,J17,Joint Committee on Consumer Protection and Professional Licensure,"B-2, 24 Beacon Street, Boston",Completed,4,2924
190,2018-03-07 11:00,J27,Joint Committee on Transportation,"A-2, 24 Beacon Street, Boston",Canceled,1,2923
190,2018-03-12 10:00,J39,Joint Committee on Ways and Means,"Berkshire Community College, 1350 West Street, Pittsfield",Completed,0,2905
190,2018-03-12 13:00,J19,Joint Committee on the Judiciary,"A-2, 24 Beacon Street, Boston",Completed,4,2935
190,2018-03-13 10:00,J39,Joint Committee on Ways and Means,"Everett High School Library, 100 Elm Street, Everett",Canceled,0,2903
190,2018-03-13 12:30,J24,Joint Committee on Health Care Financing,"Office of the Health Policy Commission, 50 Milk Street, Boston",Canceled,0,2918
190,2018-03-13 13:00,J37,"Joint Committee on Telecommunications, Utilities and Energy","B-2, 24 Beacon Street, Boston",Canceled,3,2925
190,2018-03-13 14:00,J25,Joint Committee on State Administration and Regulatory Oversight,"A-1, 24 Beacon Street, Boston",Canceled,5,2926
190,2018-03-14 11:00,J27,Joint Committee on Transportation,"A-2, 24 Beacon Street, Boston",Canceled,1,2927
190,2018-03-14 14:00,J25,Joint Committee on State Administration and Regulatory Oversight,"B-2, 24 Beacon Street, Boston",Completed,5,2938
190,2018-03-15 10:45,J18,"Joint Committee on Mental Health, Substance Use and Recovery","B-2, 24 Beacon Street, Boston",Completed,0,2937
190,2018-03-16 10:00,J39,Joint Committee on Ways and Means,"Gardner Auditorium, 24 Beacon Street, Boston",Completed,0,2904
190,2018-03-19 10:00,J39,Joint Committee on Ways and Means,"Wiggin Auditorium, Peabody City Hall, Peabody",Completed,0,2900
190,2018-03-20 10:00,J39,Joint Committee on Ways and Means,"Everett High School Library, 100 Elm Street, Everett",Completed,0,2945
190,2018-03-20 11:00,J23,Joint Committee on Public Service,"B-1, 24 Beacon Street, Boston",Completed,2,2943
190,2018-03-21 10:00,TI0,House Committee on Technology and Intergovernmental Affairs,"B-1, 24 Beacon Street, Boston",Completed,0,2940
190,2018-03-22 13:00,H32,"House Committee on Bonding, Capital Expenditures and State Assets","B-1, 24 Beacon Street, Boston",Completed,1,2944
190,2018-03-26 14:00,J26,Joint Committee on Revenue,"B-2, 24 Beacon Street, Boston",Completed,2,2936
190,2018-03-27 13:00,J12,Joint Committee on Economic Development and Emerging Technologies,"B-1, 24 Beacon Street, Boston",Completed,1,2948
190,2018-03-28 12:00,J24,Joint Committee on Health Care Financing,"Office of the Health Policy Commission, 50 Milk Street, Boston",Completed,0,2939
190,2018-03-28 13:30,S63,Special Senate Committee on Net Neutrality and Consumer Protection,"A-1, 24 Beacon Street, Boston",Completed,0,2946
190,2018-04-03 10:00,J21,"Joint Committee on Environment, Natural Resources and Agriculture","A-1 & A-2, 24 Beacon Street, Boston",Completed,7,2952
190,2018-04-03 10:00,J28,Joint Committee on Housing,"B-2, 24 Beacon Street, Boston",Completed,1,2947
190,2018-04-03 13:00,J37,"Joint Committee on Telecommunications, Utilities and Energy","B-2, 24 Beacon Street, Boston",Completed,6,2951
190,2018-04-03 13:30,J14,Joint Committee on Education,"Room 437, 24 Beacon Street, Boston",Completed,1,2954
190,2018-04-03 14:00,J51,Joint Committee on Export Development,"B-1, 24 Beacon Street, Boston",Canceled,0,2950
190,2018-04-05 11:00,J17,Joint Committee on Consumer Protection and Professional Licensure,"B-1, 24 Beacon Street, Boston",Completed,6,2949
190,2018-04-05 11:30,J25,Joint Committee on State Administration and Regulatory Oversight,"B-2, 24 Beacon Street, Boston",Completed,2,2957
190,2018-04-10 11:00,J24,Joint Committee on Health Care Financing,"B-1, 24 Beacon Street, Boston",Completed,1,2960
190,2018-04-10 14:00,J19,Joint Committee on the Judiciary,"A-1, 24 Beacon Street, Boston",Completed,4,2958
190,2018-04-10 14:00,J19,Joint Committee on the Judiciary,"A-1, 24 Beacon Street, Boston",Canceled,4,2959
190,2018-04-19 11:00,J17,Joint Committee on Consumer Protection and Professional Licensure,"B-1, 24 Beacon Street, Boston",Completed,1,2962
190,2018-04-23 10:00,J18,"Joint Committee on Mental Health, Substance Use and Recovery","B-1, 24 Beacon Street, Boston",Completed,4,2964
190,2018-04-24 11:00,J25,Joint Committee on State Administration and Regulatory Oversight,"B-1, 24 Beacon Street, Boston",Completed,4,2966
190,2018-04-30 13:00,J16,Joint Committee on Public Health,"Gardner Auditorium, 24 Beacon Street, Boston",Completed,2,2970
190,2018-05-02 10:30,J23,Joint Committee on Public Service,"B-1, 24 Beacon Street, Boston",Completed,5,2961
190,2018-05-02 12:00,J24,Joint Committee on Health Care Financing,"A-2, 24 Beacon Street, Boston",Completed,1,2972
190,2018-05-02 14:00,J37,"Joint Committee on Telecommunications, Utilities and Energy","B-2, 24 Beacon Street, Boston",Completed,1,2963
190,2018-05-03 10:30,J18,"Joint Committee on Mental Health, Substance Use and Recovery","B-1, 24 Beacon Street, Boston",Completed,0,2973
190,2018-05-08 10:00,J28,Joint Committee on Housing,"B-2, 24 Beacon Street, Boston",Completed,1,2971
190,2018-05-08 11:00,H32,"House Committee on Bonding, Capital Expenditures and State Assets","B-1, 24 Beacon Street, Boston",Completed,1,2977
190,2018-05-08 11:00,J17,Joint Committee on Consumer Protection and Professional Licensure,"A-2, 24 Beacon Street, Boston",Completed,3,2975
190,2018-05-08 13:00,J37,"Joint Committee on Telecommunications, Utilities and Energy","B-2, 24 Beacon Street, Boston",Completed,0,2979
190,2018-05-09 10:00,TI0,House Committee on Technology and Intergovernmental Affairs,"B-1, 24 Beacon Street, Boston",Completed,0,2976
190,2018-05-14 13:00,J19,Joint Committee on the Judiciary,"B-1, 24 Beacon Street, Boston",Completed,2,2980
190,2018-05-15 10:00,J14,Joint Committee on Education,"B-1, 24 Beacon Street, Boston",Completed,3,2982
190,2018-05-15 13:00,H32,"House Committee on Bonding, Capital Expenditures and State Assets","A-1, 24 Beacon Street, Boston",Completed,1,2981
190,2018-05-16 12:00,S48,Senate Committee on Post Audit and Oversight,"Gardner Auditorium, 24 Beacon Street, Boston",Completed,0,2967
190,2018-05-21 10:30,J27,Joint Committee on Transportation,"A-1, 24 Beacon Street, Boston",Completed,3,2985
190,2018-05-23 11:00,J23,Joint Committee on Public Service,"B-1, 24 Beacon Street, Boston",Completed,3,2986
190,2018-05-30 10:00,J18,"Joint Committee on Mental Health, Substance Use and Recovery","B-1, 24 Beacon Street, Boston",Completed,2,2988
190,2018-05-30 10:30,J17,Joint Committee on Consumer Protection and Professional Licensure,"A-2, 24 Beacon Street, Boston",Completed,1,2987
190,2018-05-30 13:00,J15,Joint Committee on Election Laws,"B-1, 24 Beacon Street, Boston",Completed,2,2989
190,2018-05-31 11:00,TI0,House Committee on Technology and Intergovernmental Affairs,"B-1, 24 Beacon Street, Boston",Completed,0,2984
190,2018-05-31 13:00,J15,Joint Committee on Election Laws,"B-1, 24 Beacon Street, Boston",Canceled,2,2990
190,2018-06-06 15:00,J50,Joint Committee on Marijuana Policy,"B-2, 24 Beacon Street, Boston",Completed,1,2992
190,2018-06-12 13:00,J13,"Joint Committee on Children, Families and Persons with Disabilities","B-1, 24 Beacon Street, Boston",Completed,2,2997
190,2018-06-12 14:00,J19,Joint Committee on the Judiciary,"A-1, 24 Beacon Street, Boston",Completed,1,2999
190,2018-06-13 11:00,J23,Joint Committee on Public Service,"A-1, 24 Beacon Street, Boston",Completed,5,2998
190,2018-06-13 11:00,J25,Joint Committee on State Administration and Regulatory Oversight,"B-2, 24 Beacon Street, Boston",Completed,6,2991
190,2018-06-13 11:00,J44,Joint Committee on Elder Affairs,"B-1, 24 Beacon Street, Boston",Completed,1,3001
190,2018-06-18 11:00,J43,Joint Committee on Labor and Workforce Development,"B-1, 24 Beacon Street, Boston",Completed,1,3003
190,2018-06-19 11:00,J51,Joint Committee on Export Development,"B-1, 24 Beacon Street, Boston",Completed,0,2995
190,2018-06-19 13:00,H32,"House Committee on Bonding, Capital Expenditures and State Assets","B-1, 24 Beacon Street, Boston",Completed,1,3004
190,2018-06-20 10:00,J26,Joint Committee on Revenue,"B-2, 24 Beacon Street, Boston",Completed,4,3005
190,2018-06-26 10:00,J28,Joint Committee on Housing,"B-2, 24 Beacon Street, Boston",Completed,2,3002
190,2018-06-26 10:00,S32,"Senate Committee on Bonding, Capital Expenditures and State Assets","222, 24 Beacon Street, Boston",Completed,1,3006
190,2018-06-26 13:00,J19,Joint Committee on the Judiciary,"A-1, 24 Beacon Street, Boston",Completed,1,3007
190,2018-06-28 10:45,S48,Senate Committee on Post Audit and Oversight,"B2, 24 Beacon Street, Boston",Completed,0,3009
190,2018-06-28 11:00,TI0,House Committee on Technology and Intergovernmental Affairs,"B-1, 24 Beacon Street, Boston",Completed,0,2996
190,2018-07-10 10:00,J17,Joint Committee on Consumer Protection and Professional Licensure,"B-1, 24 Beacon Street, Boston",Completed,3,3011
190,2018-07-10 10:00,J28,Joint Committee on Housing,"B-2, 24 Beacon Street, Boston",Completed,2,3010
190,2018-07-10 11:00,J23,Joint Committee on Public Service,"437, 24 Beacon Street, Boston",Completed,8,3012
190,2018-07-11 11:00,J21,"Joint Committee on Environment, Natural Resources and Agriculture","B-1, 24 Beacon Street, Boston",Canceled,0,3014
190,2018-07-11 11:00,J21,"Joint Committee on Environment, Natural Resources and Agriculture","437, 24 Beacon Street, Boston",Completed,3,3016
190,2018-07-11 13:00,J25,Joint Committee on State Administration and Regulatory Oversight,"B-1, 24 Beacon Street, Boston",Completed,6,3017
190,2018-07-17 10:00,J26,Joint Committee on Revenue,"B-2, 24 Beacon Street, Boston",Completed,5,3015
190,2018-07-17 10:00,S32,"Senate Committee on Bonding, Capital Expenditures and State Assets","B1, 24 Beacon Street, Boston",Completed,1,3018
190,2018-07-23 10:00,J14,Joint Committee on Education,"A1, 24 Beacon Street, Boston",Completed,1,3020
190,2018-07-26 10:00,J26,Joint Committee on Revenue,"B-2, 24 Beacon Street, Boston",Completed,3,3021
190,2018-07-30 10:30,J23,Joint Committee on Public Service,"B-2, 24 Beacon Street, Boston",Completed,5,3019
190,2018-08-07 11:00,J17,Joint Committee on Consumer Protection and Professional Licensure,"B-1, 24 Beacon Street, Boston",Completed,3,3022
190,2018-08-14 14:00,J19,Joint Committee on the Judiciary,"A-1, 24 Beacon Street, Boston",Completed,1,3023
190,2018-09-06 11:00,J17,Joint Committee on Consumer Protection and Professional Licensure,"B-1, 24 Beacon Street, Boston",Completed,3,3025
190,2018-09-12 11:00,J25,Joint Committee on State Administration and Regulatory Oversight,"B-1, 24 Beacon Street, Boston",Completed,0,3026
190,2018-09-12 13:30,J26,Joint Committee on Revenue,"B-2, 24 Beacon Street, Boston",Completed,1,3032
190,2018-09-18 13:00,J24,Joint Committee on Health Care Financing,"A-1, 24 Beacon Street, Boston",Completed,0,3030
190,2018-09-26 10:00,J27,Joint Committee on Transportation,"A-1, 24 Beacon Street, Boston",Completed,2,3033
190,2018-10-01 13:00,J19,Joint Committee on the Judiciary,"A-1, 24 Beacon Street, Boston",Completed,1,3034
190,2018-10-09 13:00,J23,Joint Committee on Public Service,"A-1, 24 Beacon Street, Boston",Completed,2,3035
190,2018-10-23 13:00,J14,Joint Committee on Education,"A-1, 24 Beacon Street, Boston",Completed,1,3037
190,2018-10-30 10:00,J17,Joint Committee on Consumer Protection and Professional Licensure,"B-1, 24 Beacon Street, Boston",Completed,2,3042
190,2018-10-30 10:00,J23,Joint Committee on Public Service,"A-1, 24 Beacon Street, Boston",Completed,3,3041
190,2018-10-30 11:00,J13,"Joint Committee on Children, Families and Persons with Disabilities","A-2, 24 Beacon Street, Boston",Completed,0,3036
190,2018-11-19 12:00,J23,Joint Committee on Public Service,"A-1, 24 Beacon Street, Boston",Completed,1,3043
190,2018-11-28 11:00,J17,Joint Committee on Consumer Protection and Professional Licensure,"B-2, 24 Beacon Street, Boston",Completed,2,3044
190,2018-11-28 11:00,J26,Joint Committee on Revenue,"A-1, 24 Beacon Street, Boston",Completed,2,3049
190,2018-12-04 13:00,J37,"Joint Committee on Telecommunications, Utilities and Energy","A-1, 24 Beacon Street, Boston",Completed,1,3046
190,2018-12-05 10:00,J28,Joint Committee on Housing,"A-2, 24 Beacon Street, Boston",Completed,1,3050
190,2018-12-05 10:00,J39,Joint Committee on Ways and Means,"Gardner Auditorium, 24 Beacon Street, Boston",Completed,0,3051
190,2018-12-11 11:00,J37,"Joint Committee on Telecommunications, Utilities and Energy","Gardner Auditorium, 24 Beacon Street, Boston",Completed,0,3047
190,2018-12-11 13:00,J23,Joint Committee on Public Service,"A-2, 24 Beacon Street, Boston",Completed,4,3052
190,2018-12-18 11:00,S51,Senate Committee on Global Warming and Climate Change,"428, 24 Beacon Street, Boston",Completed,0,3054
190,2018-12-18 15:00,J15,Joint Committee on Election Laws,"A-1, 24 Beacon Street, Boston",Completed,1,3058
190,2018-12-20 14:00,J17,Joint Committee on Consumer Protection and Professional Licensure,"A-1, 24 Beacon Street, Boston",Completed,1,3059
190,2018-12-26 11:00,J23,Joint Committee on Public Service,"A-1, 24 Beacon Street, Boston",Completed,4,3060
190,2018-12-28 10:00,J43,Joint Committee on Labor and Workforce Development,"A-1, 24 Beacon Street, Boston",Completed,1,3061
191,2019-03-05 10:00,J27,Joint Committee on Transportation,"A-1, 24 Beacon Street, Boston",Completed,1,3076
191,2019-03-05 11:00,J39,Joint Committee on Ways and Means,"Gardner Auditorium, 24 Beacon Street, Boston",Completed,0,3066
191,2019-03-05 11:30,J13,"Joint Committee on Children, Families and Persons with Disabilities","A-2, 24 Beacon Street, Boston",Completed,5,3074
191,2019-03-05 14:45,J13,"Joint Committee on Children, Families and Persons with Disabilities","A-2, 24 Beacon Street, Boston",Canceled,5,3075
191,2019-03-05 15:00,J13,"Joint Committee on Children, Families and Persons with Disabilities","A-2, 24 Beacon Street, Boston",Completed,4,3077
191,2019-03-11 11:00,J39,Joint Committee on Ways and Means,"Needham Town Hall, Powers Hall (2nd Floor), Needham",Completed,0,3067
191,2019-03-13 12:00,J24,Joint Committee on Health Care Financing,"Gardner Auditorium, 24 Beacon Street, Boston",Completed,0,3079
191,2019-03-15 10:00,J39,Joint Committee on Ways and Means,"Hanover Theatre Conservatory and Event Center, McDonough Room, Worcester",Completed,0,3068
191,2019-03-18 11:00,J39,Joint Committee on Ways and Means,"Bristol Community College, Building G, Fall River",Completed,0,3069
191,2019-03-19 11:00,J39,Joint Committee on Ways and Means,"Springfield Technical Community College, Scibelli Hall, Top of Our City Conference Center 7th Floor, Springfield",Completed,0,3070
191,2019-03-22 10:00,J14,Joint Committee on Education,"Gardner Auditorium, 24 Beacon Street, Boston",Completed,17,3080
191,2019-03-26 10:00,J13,"Joint Committee on Children, Families and Persons with Disabilities","A-2, 24 Beacon Street, Boston",Completed,8,3083
191,2019-03-26 10:00,J39,Joint Committee on Ways and Means,"Arlington Town Hall, 730 Massachusetts Avenue, Arlington",Completed,0,3071
191,2019-03-26 11:00,J11,Joint Committee on Financial Services,"A-1, 24 Beacon Street, Boston",Completed,0,3082
191,2019-03-26 13:00,J43,Joint Committee on Labor and Workforce Development,"A-1, 24 Beacon Street, Boston",Completed,18,3086
191,2019-03-28 10:00,J27,Joint Committee on Transportation,"A-2, 24 Beacon Street, Boston",Completed,40,3089
191,2019-03-29 11:00,J39,Joint Committee on Ways and Means,"Roxbury Community College, 24 Beacon Street, Boston",Completed,0,3072
191,2019-04-01 13:00,J25,Joint Committee on State Administration and Regulatory Oversight,"A-1, 24 Beacon Street, Boston",Completed,33,3088
191,2019-04-02 10:00,J28,Joint Committee on Housing,"A-2, 24 Beacon Street, Boston",Completed,0,3096
191,2019-04-02 11:00,J39,Joint Committee on Ways and Means,"Gardner Auditorium, 24 Beacon Street, Boston",Completed,0,3073
191,2019-04-02 13:00,J19,Joint Committee on the Judiciary,"A-1, 24 Beacon Street, Boston",Completed,9,3095
191,2019-04-02 13:00,J21,"Joint Committee on Environment, Natural Resources and Agriculture","A-2, 24 Beacon Street, Boston",Completed,24,3094
191,2019-04-08 13:00,J44,Joint Committee on Elder Affairs,"A-1, 24 Beacon Street, Boston",Completed,15,3102
191,2019-04-09 10:30,J29,Joint Committee on Higher Education,"A-1, 24 Beacon Street, Boston",Completed,8,3085
191,2019-04-09 11:00,J10,Joint Committee on Municipalities and Regional Government,"Gardner Auditorium, 24 Beacon Street, Boston",Completed,7,3100
191,2019-04-09 11:00,J23,Joint Committee on Public Service,"A-2, 24 Beacon Street, Boston",Completed,12,3087
191,2019-04-09 13:00,J14,Joint Committee on Education,"A-1, 24 Beacon Street, Boston",Completed,15,3101
191,2019-04-09 13:00,J43,Joint Committee on Labor and Workforce Development,"A-2, 24 Beacon Street, Boston",Completed,27,3098
191,2019-04-10 13:00,J15,Joint Committee on Election Laws,"A-1, 24 Beacon Street, Boston",Completed,9,3091
191,2019-04-11 11:00,J26,Joint Committee on Revenue,"Gardner Auditorium, 24 Beacon Street, Boston",Completed,2,3090
191,2019-04-11 13:00,J24,Joint Committee on Health Care Financing,"A-1, 24 Beacon Street, Boston",Completed,24,3097
191,2019-04-23 10:00,J21,"Joint Committee on Environment, Natural Resources and Agriculture","222, 24 Beacon Street, Boston",Completed,34,3108
191,2019-04-23 10:00,S51,Senate Committee on Global Warming and Climate Change,"428, 24 Beacon Street, Boston",Completed,0,3112
191,2019-04-29 13:00,J17,Joint Committee on Consumer Protection and Professional Licensure,"A-2, 24 Beacon Street, Boston",Completed,31,3107
191,2019-04-30 10:00,J13,"Joint Committee on Children, Families and Persons with Disabilities","A-2, 24 Beacon Street, Boston",Completed,13,3104
191,2019-04-30 10:00,J29,Joint Committee on Higher Education,"A-1, 24 Beacon Street, Boston",Completed,12,3105
191,2019-04-30 11:00,J28,Joint Committee on Housing,"B-2, 24 Beacon Street, Boston",Completed,27,3103
191,2019-04-30 13:00,J19,Joint Committee on the Judiciary,"A-1, 24 Beacon Street, Boston",Completed,64,3117
191,2019-04-30 13:00,J43,Joint Committee on Labor and Workforce Development,"A-2, 24 Beacon Street, Boston",Completed,24,3099
191,2019-05-01 10:00,H32,"House Committee on Bonding, Capital Expenditures and State Assets","A-1, 24 Beacon Street, Boston",Completed,1,3110
191,2019-05-01 13:00,J23,Joint Committee on Public Service,"A-2, 24 Beacon Street, Boston",Completed,25,3109
191,2019-05-02 11:00,J11,Joint Committee on Financial Services,"A1, 24 Beacon Street, Boston",Completed,17,3111
191,2019-05-02 11:00,J50,Joint Committee on Cannabis Policy,"A-2, 24 Beacon Street, Boston",Canceled,4,3119
191,2019-05-02 11:00,J50,Joint Committee on Cannabis Policy,"A-2, 24 Beacon Street, Boston",Completed,4,3121
191,2019-05-07 10:30,J11,Joint Committee on Financial Services,"A-2, 24 Beacon Street, Boston",Completed,17,3129
191,2019-05-07 10:30,J24,Joint Committee on Health Care Financing,"Gardner Auditorium, 24 Beacon Street, Boston",Completed,30,3118
191,2019-05-07 11:00,J10,Joint Committee on Municipalities and Regional Government,"B-1, 24 Beacon Street, Boston",Completed,14,3122
191,2019-05-07 13:00,J16,Joint Committee on Public Health,"B-1, 24 Beacon Street, Boston",Completed,29,3115
191,2019-05-07 13:00,J21,"Joint Committee on Environment, Natural Resources and Agriculture","A-2, 24 Beacon Street, Boston",Completed,25,3127
191,2019-05-07 13:00,J25,Joint Committee on State Administration and Regulatory Oversight,"437, 24 Beacon Street, Boston",Completed,47,3123
191,2019-05-07 13:00,J26,Joint Committee on Revenue,"B-2, 24 Beacon Street, Boston",Completed,41,3130
191,2019-05-07 13:00,J44,Joint Committee on Elder Affairs,"A-1, 24 Beacon Street, Boston",Completed,16,3128
191,2019-05-13 10:30,J29,Joint Committee on Higher Education,"A-1, 24 Beacon Street, Boston",Completed,10,3131
191,2019-05-13 13:00,J17,Joint Committee on Consumer Protection and Professional Licensure,"A-2, 24 Beacon Street, Boston",Completed,26,3132
191,2019-05-14 10:00,J27,Joint Committee on Transportation,"B-2, 24 Beacon Street, Boston",Completed,25,3140
191,2019-05-14 10:00,J28,Joint Committee on Housing,"Gardner Auditorium, 24 Beacon Street, Boston",Completed,28,3113
191,2019-05-14 10:30,J24,Joint Committee on Health Care Financing,"A-1, 24 Beacon Street, Boston",Completed,15,3136
191,2019-05-14 13:00,J19,Joint Committee on the Judiciary,"A-2, 24 Beacon Street, Boston",Completed,66,3139
191,2019-05-14 13:00,J21,"Joint Committee on Environment, Natural Resources and Agriculture","B-2, 24 Beacon Street, Boston",Completed,20,3138
191,2019-05-14 13:00,J43,Joint Committee on Labor and Workforce Development,"B-1, 24 Beacon Street, Boston",Completed,6,3135
191,2019-05-15 11:00,S32,"Senate Committee on Bonding, Capital Expenditures and State Assets","222, 24 Beacon Street, Boston",Completed,0,3141
191,2019-05-15 13:00,J15,Joint Committee on Election Laws,"A-1, 24 Beacon Street, Boston",Canceled,29,3124
191,2019-05-15 13:00,J15,Joint Committee on Election Laws,"A-1, 24 Beacon Street, Boston",Completed,30,3134
191,2019-05-16 13:00,J31,Joint Committee on Veterans and Federal Affairs,"A-1, 24 Beacon Street, Boston",Completed,28,3143
191,2019-05-28 10:00,J12,Joint Committee on Economic Development and Emerging Technologies,"Gardner Auditorium, 24 Beacon Street, Boston",Completed,9,3125
191,2019-05-28 10:00,J13,"Joint Committee on Children, Families and Persons with Disabilities","B-1, 24 Beacon Street, Boston",Completed,14,3144
191,2019-05-28 10:30,J24,Joint Committee on Health Care Financing,"A-1, 24 Beacon Street, Boston",Completed,25,3149
191,2019-05-28 13:00,J16,Joint Committee on Public Health,"A-2, 24 Beacon Street, Boston",Completed,27,3146
191,2019-05-28 13:00,J44,Joint Committee on Elder Affairs,"A-1, 24 Beacon Street, Boston",Completed,0,3154
191,2019-05-29 10:00,J12,Joint Committee on Economic Development and Emerging Technologies,"B-1, 24 Beacon Street, Boston",Completed,9,3126
191,2019-05-29 11:00,J23,Joint Committee on Public Service,"B-2, 24 Beacon Street, Boston",Completed,40,3147
191,2019-05-30 13:00,J11,Joint Committee on Financial Services,"A-2, 24 Beacon Street, Boston",Completed,15,3150
191,2019-05-30 13:00,J37,"Joint Committee on Telecommunications, Utilities and Energy","A-1, 24 Beacon Street, Boston",Canceled,0,3156
191,2019-05-30 13:00,J37,"Joint Committee on Telecommunications, Utilities and Energy","A-1, 24 Beacon Street, Boston",Completed,23,3160
191,2019-05-31 10:00,J14,Joint Committee on Education,"Gardner Auditorium, 24 Beacon Street, Boston",Completed,25,3151
191,2019-06-03 10:00,J14,Joint Committee on Education,"A-1, 24 Beacon Street, Boston",Completed,30,3153
191,2019-06-04 11:00,J10,Joint Committee on Municipalities and Regional Government,"A-1, 24 Beacon Street, Boston",Completed,14,3161
191,2019-06-04 13:00,J21,"Joint Committee on Environment, Natural Resources and Agriculture","A-2, 24 Beacon Street, Boston",Completed,11,3152
191,2019-06-04 13:00,J43,Joint Committee on Labor and Workforce Development,"B-1, 24 Beacon Street, Boston",Completed,12,3157
191,2019-06-06 10:30,H32,"House Committee on Bonding, Capital Expenditures and State Assets","A-1, 24 Beacon Street, Boston",Completed,0,3159
191,2019-06-06 11:00,J11,Joint Committee on Financial Services,"222, 24 Beacon Street, Boston",Completed,17,3162
191,2019-06-10 13:00,J17,Joint Committee on Consumer Protection and Professional Licensure,"A-2, 24 Beacon Street, Boston",Completed,36,3165
191,2019-06-10 13:00,J25,Joint Committee on State Administration and Regulatory Oversight,"B-1, 24 Beacon Street, Boston",Completed,49,3148
191,2019-06-11 10:00,J13,"Joint Committee on Children, Families and Persons with Disabilities","B-1, 24 Beacon Street, Boston",Completed,15,3145
191,2019-06-11 10:30,J24,Joint Committee on Health Care Financing,"Gardner Auditorium, 24 Beacon Street, Boston",Completed,13,3166
191,2019-06-11 10:30,J29,Joint Committee on Higher Education,"A-1, 24 Beacon Street, Boston",Completed,27,3155
191,2019-06-11 13:00,J16,Joint Committee on Public Health,"A-2, 24 Beacon Street, Boston",Completed,34,3163
191,2019-06-11 13:00,J26,Joint Committee on Revenue,"B-2, 24 Beacon Street, Boston",Completed,45,3170
191,2019-06-11 13:00,J31,Joint Committee on Veterans and Federal Affairs,"A-1, 24 Beacon Street, Boston",Completed,18,3158
191,2019-06-17 10:00,J14,Joint Committee on Education,"A-1, 24 Beacon Street, Boston",Completed,17,3169
191,2019-06-17 12:30,J18,"Joint Committee on Mental Health, Substance Use and Recovery","Athol Public Library, 568 Main St., Athol",Completed,0,3183
191,2019-06-17 13:00,J19,Joint Committee on the Judiciary,"Gardner Auditorium, 24 Beacon Street, Boston",Completed,62,3171
191,2019-06-18 11:00,J47,Joint Committee on Community Development and Small Businesses,"B-1, 24 Beacon Street, Boston",Completed,13,3173
191,2019-06-18 13:00,J26,Joint Committee on Revenue,"B-2, 24 Beacon Street, Boston",Completed,49,3185
191,2019-06-18 13:00,J37,"Joint Committee on Telecommunications, Utilities and Energy","A-1, 24 Beacon Street, Boston",Completed,22,3178
191,2019-06-18 13:00,J43,Joint Committee on Labor and Workforce Development,"B-1, 24 Beacon Street, Boston",Completed,44,3174
191,2019-06-19 11:00,J27,Joint Committee on Transportation,"B-1, 24 Beacon Street, Boston",Completed,18,3180
191,2019-06-20 13:00,H32,"House Committee on Bonding, Capital Expenditures and State Assets","B-1, 24 Beacon Street, Boston",Completed,0,3181
191,2019-06-20 13:00,J15,Joint Committee on Election Laws,"A-1, 24 Beacon Street, Boston",Completed,33,3179
191,2019-06-24 10:00,J14,Joint Committee on Education,"A-1, 24 Beacon Street, Boston",Completed,23,3176
191,2019-06-24 11:00,J18,"Joint Committee on Mental Health, Substance Use and Recovery","Mattapan Community Health Center, 1575 Blue Hill Ave., Boston",Completed,0,3193
191,2019-06-24 13:00,J17,Joint Committee on Consumer Protection and Professional Licensure,"A-2, 24 Beacon Street, Boston",Completed,37,3189
191,2019-06-25 10:00,J13,"Joint Committee on Children, Families and Persons with Disabilities","B-1, 24 Beacon Street, Boston",Completed,14,3172
191,2019-06-25 10:00,J14,Joint Committee on Education,"A-1, 24 Beacon Street, Boston",Completed,38,3186
191,2019-06-25 10:30,J10,Joint Committee on Municipalities and Regional Government,"222, 24 Beacon Street, Boston",Completed,19,3192
191,2019-06-25 11:00,J16,Joint Committee on Public Health,"Gardner Auditorium, 24 Beacon Street, Boston",Completed,2,3167
191,2019-06-25 11:00,J30,"Joint Committee on Tourism, Arts and Cultural Development","B-2, 24 Beacon Street, Boston",Completed,12,3195
191,2019-06-25 12:30,J21,"Joint Committee on Environment, Natural Resources and Agriculture","Division of Fisheries and Wildlife, 1 Rabbit Hill Rd., Westborough",Completed,40,3190
191,2019-06-25 13:00,J23,Joint Committee on Public Service,"A-2, 24 Beacon Street, Boston",Completed,40,3168
191,2019-06-25 13:00,J37,"Joint Committee on Telecommunications, Utilities and Energy","B-2, 24 Beacon Street, Boston",Completed,28,3196
191,2019-06-25 13:00,J43,Joint Committee on Labor and Workforce Development,"B-1, 24 Beacon Street, Boston",Completed,20,3187
191,2019-06-27 11:00,TI0,House Committee on Technology and Intergovernmental Affairs,"A-2, 24 Beacon Street, Boston",Completed,0,3197
191,2019-07-01 13:00,J17,Joint Committee on Consumer Protection and Professional Licensure,"A-2, 24 Beacon Street, Boston",Completed,31,3198
191,2019-07-01 18:00,J18,"Joint Committee on Mental Health, Substance Use and Recovery","Boston Elder Services, 2315 Washington St., Boston",Completed,0,3203
191,2019-07-02 10:00,J14,Joint Committee on Education,"B-2, 24 Beacon Street, Boston",Completed,29,3188
191,2019-07-08 11:00,H32,"House Committee on Bonding, Capital Expenditures and State Assets","B-2, 24 Beacon Street, Boston",Completed,1,3208
191,2019-07-08 13:00,J17,Joint Committee on Consumer Protection and Professional Licensure,"A-2, 24 Beacon Street, Boston",Completed,29,3201
191,2019-07-09 09:00,J37,"Joint Committee on Telecommunications, Utilities and Energy","B-2, 24 Beacon Street, Boston",Completed,25,3212
191,2019-07-09 10:00,J14,Joint Committee on Education,"A-2, 24 Beacon Street, Boston",Completed,26,3206
191,2019-07-09 11:00,J11,Joint Committee on Financial Services,"Gardner Auditorium, 24 Beacon Street, Boston",Completed,23,3200
191,2019-07-09 13:00,J23,Joint Committee on Public Service,"B-2, 24 Beacon Street, Boston",Completed,47,3209
191,2019-07-09 13:00,J24,Joint Committee on Health Care Financing,"A-1, 24 Beacon Street, Boston",Completed,17,3207
191,2019-07-09 13:00,J43,Joint Committee on Labor and Workforce Development,"B-1, 24 Beacon Street, Boston",Completed,34,3202
191,2019-07-10 14:00,J26,Joint Committee on Revenue,"B-2, 24 Beacon Street, Boston",Completed,43,3216
191,2019-07-10 14:00,J47,Joint Committee on Community Development and Small Businesses,"B-1, 24 Beacon Street, Boston",Completed,13,3191
191,2019-07-11 09:00,J22,Joint Committee on Public Safety and Homeland Security,"B-1, 24 Beacon Street, Boston",Completed,37,3213
191,2019-07-11 10:00,J18,"Joint Committee on Mental Health, Substance Use and Recovery","A-1, 24 Beacon Street, Boston",Completed,19,3218
191,2019-07-11 11:00,H46,House Committee on Post Audit and Oversight,"A-2, 24 Beacon Street, Boston",Completed,0,3205
191,2019-07-15 13:00,J17,Joint Committee on Consumer Protection and Professional Licensure,"A-2, 24 Beacon Street, Boston",Completed,38,3217
191,2019-07-15 13:30,J12,Joint Committee on Economic Development and Emerging Technologies,"B-2, 24 Beacon Street, Boston",Completed,14,3221
191,2019-07-16 10:00,J13,"Joint Committee on Children, Families and Persons with Disabilities","B-1, 24 Beacon Street, Boston",Completed,15,3182
191,2019-07-16 10:30,J24,Joint Committee on Health Care Financing,"A-1, 24 Beacon Street, Boston",Completed,31,3219
191,2019-07-16 11:00,J10,Joint Committee on Municipalities and Regional Government,"Gardner Auditorium, 24 Beacon Street, Boston",Completed,14,3204
191,2019-07-16 13:00,J14,Joint Committee on Education,"222, 24 Beacon Street, Boston",Completed,31,3215
191,2019-07-16 13:00,J16,Joint Committee on Public Health,"A-2, 24 Beacon Street, Boston",Completed,25,3214
191,2019-07-16 13:00,J19,Joint Committee on the Judiciary,"A-1, 24 Beacon Street, Boston",Completed,66,3220
191,2019-07-16 13:00,J21,"Joint Committee on Environment, Natural Resources and Agriculture","B-2, 24 Beacon Street, Boston",Completed,30,3222
191,2019-07-18 09:00,J22,Joint Committee on Public Safety and Homeland Security,"B-1, 24 Beacon Street, Boston",Completed,23,3228
191,2019-07-18 11:00,TI0,House Committee on Technology and Intergovernmental Affairs,"B-2, 24 Beacon Street, Boston",Completed,0,3229
191,2019-07-22 10:00,J27,Joint Committee on Transportation,"Gardner Auditorium, 24 Beacon Street, Boston",Completed,0,3237
191,2019-07-22 13:00,J17,Joint Committee on Consumer Protection and Professional Licensure,"A-2, 24 Beacon Street, Boston",Completed,23,3225
191,2019-07-23 10:00,J13,"Joint Committee on Children, Families and Persons with Disabilities","B-1, 24 Beacon Street, Boston",Completed,12,3184
191,2019-07-23 10:00,J14,Joint Committee on Education,"Gardner Auditorium, 24 Beacon Street, Boston",Completed,25,3223
191,2019-07-23 10:00,J18,"Joint Committee on Mental Health, Substance Use and Recovery","222, 24 Beacon Street, Boston",Completed,11,3233
191,2019-07-23 10:30,H32,"House Committee on Bonding, Capital Expenditures and State Assets","A-2, 24 Beacon Street, Boston",Completed,0,3210
191,2019-07-23 10:30,J11,Joint Committee on Financial Services,"B-2, 24 Beacon Street, Boston",Completed,21,3226
191,2019-07-23 10:30,J29,Joint Committee on Higher Education,"A-1, 24 Beacon Street, Boston",Completed,36,3199
191,2019-07-23 13:00,J19,Joint Committee on the Judiciary,"A-1 & A-2, 24 Beacon Street, Boston",Completed,59,3230
191,2019-07-23 13:00,J26,Joint Committee on Revenue,"B-2, 24 Beacon Street, Boston",Completed,97,3234
191,2019-07-23 13:00,J37,"Joint Committee on Telecommunications, Utilities and Energy","B-1, 24 Beacon Street, Boston",Completed,18,3231
191,2019-07-24 13:00,J18,"Joint Committee on Mental Health, Substance Use and Recovery","Gardner Auditorium, 24 Beacon Street, Boston",Completed,0,3235
191,2019-07-25 10:00,J23,Joint Committee on Public Service,"B-2, 24 Beacon Street, Boston",Completed,40,3232
191,2019-07-25 11:00,H32,"House Committee on Bonding, Capital Expenditures and State Assets","A-2, 24 Beacon Street, Boston",Completed,0,3211
191,2019-07-26 13:00,J25,Joint Committee on State Administration and Regulatory Oversight,"A-1, 24 Beacon Street, Boston",Completed,52,3227
191,2019-07-29 10:00,J18,"Joint Committee on Mental Health, Substance Use and Recovery","B-1, 24 Beacon Street, Boston",Completed,13,3242
191,2019-07-29 10:00,J50,Joint Committee on Cannabis Policy,"A-2, 24 Beacon Street, Boston",Completed,7,3241
191,2019-07-30 10:00,J28,Joint Committee on Housing,"B-2, 24 Beacon Street, Boston",Completed,23,3236
191,2019-07-30 11:00,J10,Joint Committee on Municipalities and Regional Government,"B-1, 24 Beacon Street, Boston",Completed,20,3238
191,2019-07-30 12:00,J27,Joint Committee on Transportation,"Gardner Auditorium, 24 Beacon Street, Boston",Completed,0,3243
191,2019-08-28 10:00,J22,Joint Committee on Public Safety and Homeland Security,"A-2, 24 Beacon Street, Boston",Completed,68,3247
191,2019-09-04 10:00,J18,"Joint Committee on Mental Health, Substance Use and Recovery","A-2, 24 Beacon Street, Boston",Completed,30,3257
191,2019-09-04 10:00,J27,Joint Committee on Transportation,"Gardner Auditorium, 24 Beacon Street, Boston",Completed,2,3261
191,2019-09-04 11:00,J14,Joint Committee on Education,"A-1, 24 Beacon Street, Boston",Completed,42,3250
191,2019-09-06 10:00,J28,Joint Committee on Housing,"B-2, 24 Beacon Street, Boston",Completed,1,3266
191,2019-09-10 10:00,J13,"Joint Committee on Children, Families and Persons with Disabilities","B-1, 24 Beacon Street, Boston",Completed,13,3253
191,2019-09-10 10:00,J21,"Joint Committee on Environment, Natural Resources and Agriculture","A-2, 24 Beacon Street, Boston",Completed,21,3258
191,2019-09-10 10:30,J25,Joint Committee on State Administration and Regulatory Oversight,"Gardner Auditorium, 24 Beacon Street, Boston",Completed,13,3248
191,2019-09-10 11:00,J10,Joint Committee on Municipalities and Regional Government,"B-2, 24 Beacon Street, Boston",Completed,20,3262
191,2019-09-10 13:00,J16,Joint Committee on Public Health,"B-1, 24 Beacon Street, Boston",Completed,34,3252
191,2019-09-10 13:00,J19,Joint Committee on the Judiciary,"A-1 & A-2, 24 Beacon Street, Boston",Completed,30,3264
191,2019-09-10 13:00,J26,Joint Committee on Revenue,"B-2, 24 Beacon Street, Boston",Completed,76,3269
191,2019-09-10 13:00,J31,Joint Committee on Veterans and Federal Affairs,"428, 24 Beacon Street, Boston",Completed,25,3245
191,2019-09-11 13:00,J11,Joint Committee on Financial Services,"B-1, 24 Beacon Street, Boston",Completed,18,3256
191,2019-09-12 13:00,J22,Joint Committee on Public Safety and Homeland Security,"A-2, 24 Beacon Street, Boston",Completed,21,3270
191,2019-09-17 10:00,J12,Joint Committee on Economic Development and Emerging Technologies,"The Gloucester House, 63 Rogers St, Gloucester",Completed,5,3244
191,2019-09-17 11:00,J27,Joint Committee on Transportation,"B-1, 24 Beacon Street, Boston",Completed,14,3273
191,2019-09-17 13:00,J19,Joint Committee on the Judiciary,"A-1, 24 Beacon Street, Boston",Completed,69,3272
191,2019-09-17 13:00,J44,Joint Committee on Elder Affairs,"A-2, 24 Beacon Street, Boston",Completed,22,3274
191,2019-09-17 13:00,J51,Joint Committee on Export Development,"B-2, 24 Beacon Street, Boston",Completed,0,3268
191,2019-09-19 10:00,J18,"Joint Committee on Mental Health, Substance Use and Recovery","B-1, 24 Beacon Street, Boston",Completed,7,3284
191,2019-09-23 11:00,J11,Joint Committee on Financial Services,"Gardner Auditorium, 24 Beacon Street, Boston",Completed,30,3281
191,2019-09-23 13:00,J17,Joint Committee on Consumer Protection and Professional Licensure,"A-2, 24 Beacon Street, Boston",Completed,14,3278
191,2019-09-23 13:30,S51,Senate Committee on Global Warming and Climate Change,"428, 24 Beacon Street, Boston",Completed,0,3290
191,2019-09-24 10:00,J12,Joint Committee on Economic Development and Emerging Technologies,"Springfield Technical Community College, 1 Armory Square, Springfield",Completed,15,3285
191,2019-09-24 10:00,J13,"Joint Committee on Children, Families and Persons with Disabilities","B-1, 24 Beacon Street, Boston",Completed,10,3254
191,2019-09-24 10:00,J22,Joint Committee on Public Safety and Homeland Security,"A-2, 24 Beacon Street, Boston",Completed,26,3286
191,2019-09-24 11:00,J10,Joint Committee on Municipalities and Regional Government,"A-1, 24 Beacon Street, Boston",Completed,25,3288
191,2019-09-24 11:00,J31,Joint Committee on Veterans and Federal Affairs,"Gardner Auditorium, 24 Beacon Street, Boston",Completed,17,3246
191,2019-09-24 13:00,J16,Joint Committee on Public Health,"A-2, 24 Beacon Street, Boston",Completed,42,3271
191,2019-09-24 13:00,J19,Joint Committee on the Judiciary,"A-1, 24 Beacon Street, Boston",Completed,62,3289
191,2019-09-24 13:00,J21,"Joint Committee on Environment, Natural Resources and Agriculture","B-1, 24 Beacon Street, Boston",Completed,23,3280
191,2019-09-24 13:00,J26,Joint Committee on Revenue,"B-2, 24 Beacon Street, Boston",Completed,87,3294
191,2019-09-24 13:00,J37,"Joint Committee on Telecommunications, Utilities and Energy","437, 24 Beacon Street, Boston",Completed,28,3292
191,2019-09-25 11:00,J47,Joint Committee on Community Development and Small Businesses,"B-1, 24 Beacon Street, Boston",Completed,14,3255
191,2019-09-26 10:00,J18,"Joint Committee on Mental Health, Substance Use and Recovery","B-1, 24 Beacon Street, Boston",Completed,20,3295
191,2019-09-26 11:00,H32,"House Committee on Bonding, Capital Expenditures and State Assets","B-2, 24 Beacon Street, Boston",Completed,1,3279
191,2019-09-26 11:00,J23,Joint Committee on Public Service,"A-1, 24 Beacon Street, Boston",Completed,40,3275
191,2019-09-26 13:00,J11,Joint Committee on Financial Services,"A-1, 24 Beacon Street, Boston",Completed,24,3282
191,2019-10-01 10:00,J18,"Joint Committee on Mental Health, Substance Use and Recovery","Gardner Auditorium, 24 Beacon Street, Boston",Completed,2,3297
191,2019-10-01 10:00,J23,Joint Committee on Public Service,"B-2, 24 Beacon Street, Boston",Completed,65,3296
191,2019-10-01 10:00,J50,Joint Committee on Cannabis Policy,"A-2, 24 Beacon Street, Boston",Completed,13,3305
191,2019-10-01 13:00,J11,Joint Committee on Financial Services,"A-2, 24 Beacon Street, Boston",Completed,30,3293
191,2019-10-01 13:00,J25,Joint Committee on State Administration and Regulatory Oversight,"B-1, 24 Beacon Street, Boston",Completed,41,3276
191,2019-10-02 13:00,J15,Joint Committee on Election Laws,"A-2, 24 Beacon Street, Boston",Completed,47,3303
191,2019-10-04 13:00,S51,Senate Committee on Global Warming and Climate Change,"A-2, 24 Beacon Street, Boston",Completed,0,3309
191,2019-10-07 11:00,J14,Joint Committee on Education,"A-1, 24 Beacon Street, Boston",Completed,21,3302
191,2019-10-07 13:00,J17,Joint Committee on Consumer Protection and Professional Licensure,"Gardner Auditorium, 24 Beacon Street, Boston",Completed,34,3287
191,2019-10-07 13:00,J30,"Joint Committee on Tourism, Arts and Cultural Development","B-2, 24 Beacon Street, Boston",Completed,7,3306
191,2019-10-07 15:00,J13,"Joint Committee on Children, Families and Persons with Disabilities","A-2, 24 Beacon Street, Boston",Completed,1,3298
191,2019-10-08 10:00,J27,Joint Committee on Transportation,"B-1, 24 Beacon Street, Boston",Completed,1,3260
191,2019-10-08 11:00,J11,Joint Committee on Financial Services,"Gardner Auditorium, 24 Beacon Street, Boston",Completed,22,3307
191,2019-10-08 11:00,J19,Joint Committee on the Judiciary,"A-1, 24 Beacon Street, Boston",Completed,60,3314
191,2019-10-08 12:00,J24,Joint Committee on Health Care Financing,"428, 24 Beacon Street, Boston",Completed,7,3310
191,2019-10-08 13:00,J16,Joint Committee on Public Health,"B-2, 24 Beacon Street, Boston",Completed,25,3301
191,2019-10-15 10:00,J27,Joint Committee on Transportation,"B-1, 24 Beacon Street, Boston",Completed,63,3325
191,2019-10-15 10:30,J25,Joint Committee on State Administration and Regulatory Oversight,"Gardner Auditorium, 24 Beacon Street, Boston",Completed,1,3277
191,2019-10-15 11:00,J10,Joint Committee on Municipalities and Regional Government,"A-1, 24 Beacon Street, Boston",Completed,22,3321
191,2019-10-15 13:00,J21,"Joint Committee on Environment, Natural Resources and Agriculture","A-2, 24 Beacon Street, Boston",Completed,29,3319
191,2019-10-15 13:00,J31,Joint Committee on Veterans and Federal Affairs,"B-2, 24 Beacon Street, Boston",Completed,1,3320
191,2019-10-15 13:00,J37,"Joint Committee on Telecommunications, Utilities and Energy","A-1, 24 Beacon Street, Boston",Completed,31,3323
191,2019-10-16 13:00,J15,Joint Committee on Election Laws,"A-1, 24 Beacon Street, Boston",Completed,18,3322
191,2019-10-21 11:00,J31,Joint Committee on Veterans and Federal Affairs,"B-2, 24 Beacon Street, Boston",Completed,1,3335
191,2019-10-21 13:00,J17,Joint Committee on Consumer Protection and Professional Licensure,"Gardner Auditorium, 24 Beacon Street, Boston",Completed,3,3299
191,2019-10-21 13:00,J23,Joint Committee on Public Service,"A-1, 24 Beacon Street, Boston",Completed,64,3315
191,2019-10-22 10:00,J22,Joint Committee on Public Safety and Homeland Security,"A-1, 24 Beacon Street, Boston",Completed,24,3334
191,2019-10-22 10:30,J13,"Joint Committee on Children, Families and Persons with Disabilities","B-1, 24 Beacon Street, Boston",Completed,0,3312
191,2019-10-22 11:00,J30,"Joint Committee on Tourism, Arts and Cultural Development","B-2, 24 Beacon Street, Boston",Completed,15,3332
191,2019-10-22 11:00,J50,Joint Committee on Cannabis Policy,"Leicester Public Library, Leicester",Completed,12,3339
191,2019-10-22 13:00,J12,Joint Committee on Economic Development and Emerging Technologies,"437, 24 Beacon Street, Boston",Completed,15,3304
191,2019-10-22 13:00,J16,Joint Committee on Public Health,"B-1, 24 Beacon Street, Boston",Completed,32,3324
191,2019-10-22 13:00,J19,Joint Committee on the Judiciary,"A-1 & A-2, 24 Beacon Street, Boston",Completed,69,3333
191,2019-10-22 13:00,J26,Joint Committee on Revenue,"B-2, 24 Beacon Street, Boston",Completed,72,3336
191,2019-10-23 13:00,J11,Joint Committee on Financial Services,"B-1, 24 Beacon Street, Boston",Completed,30,3330
191,2019-10-24 10:00,J47,Joint Committee on Community Development and Small Businesses,"B-1, 24 Beacon Street, Boston",Completed,9,3308
191,2019-10-28 11:00,J17,Joint Committee on Consumer Protection and Professional Licensure,"Gardner Auditorium, 24 Beacon Street, Boston",Completed,1,3300
191,2019-10-29 10:00,J13,"Joint Committee on Children, Families and Persons with Disabilities","B-1, 24 Beacon Street, Boston",Completed,14,3283
191,2019-10-29 10:00,J28,Joint Committee on Housing,"B-2, 24 Beacon Street, Boston",Completed,10,3318
191,2019-10-29 11:00,J10,Joint Committee on Municipalities and Regional Government,"A-1, 24 Beacon Street, Boston",Completed,20,3340
191,2019-10-29 13:00,J11,Joint Committee on Financial Services,"B-2, 24 Beacon Street, Boston",Completed,22,3341
191,2019-10-29 13:00,J16,Joint Committee on Public Health,"222, 24 Beacon Street, Boston",Completed,32,3338
191,2019-10-29 13:00,J21,"Joint Committee on Environment, Natural Resources and Agriculture","A-2, 24 Beacon Street, Boston",Completed,28,3337
191,2019-10-29 13:00,J44,Joint Committee on Elder Affairs,"A-1, 24 Beacon Street, Boston",Completed,22,3342
191,2019-10-31 13:00,J25,Joint Committee on State Administration and Regulatory Oversight,"A-2, 24 Beacon Street, Boston",Completed,43,3344
191,2019-11-05 10:00,J50,Joint Committee on Cannabis Policy,"A-2, 24 Beacon Street, Boston",Completed,11,3358
191,2019-11-05 13:00,J11,Joint Committee on Financial Services,"B-1, 24 Beacon Street, Boston",Completed,54,3349
191,2019-11-05 13:00,J19,Joint Committee on the Judiciary,"A-1, 24 Beacon Street, Boston",Completed,34,3351
191,2019-11-05 14:00,J12,Joint Committee on Economic Development and Emerging Technologies,"428, 24 Beacon Street, Boston",Completed,18,3313
191,2019-11-06 10:00,J27,Joint Committee on Transportation,"B-2, 24 Beacon Street, Boston",Completed,56,3355
191,2019-11-06 13:00,J15,Joint Committee on Election Laws,"A-1, 24 Beacon Street, Boston",Completed,20,3350
191,2019-11-12 10:00,J23,Joint Committee on Public Service,"B-2, 24 Beacon Street, Boston",Completed,48,3316
191,2019-11-12 11:30,H32,"House Committee on Bonding, Capital Expenditures and State Assets","B-1, 24 Beacon Street, Boston",Completed,0,3359
191,2019-11-12 13:00,J19,Joint Committee on the Judiciary,"A-1 & A-2, 24 Beacon Street, Boston",Completed,72,3361
191,2019-11-12 13:00,J21,"Joint Committee on Environment, Natural Resources and Agriculture","B-1, 24 Beacon Street, Boston",Completed,16,3354
191,2019-11-12 13:00,J26,Joint Committee on Revenue,"B-2, 24 Beacon Street, Boston",Completed,2,3363
191,2019-11-12 13:00,J37,"Joint Committee on Telecommunications, Utilities and Energy","Gardner Auditorium, 24 Beacon Street, Boston",Completed,31,3362
191,2019-11-13 14:00,J22,Joint Committee on Public Safety and Homeland Security,"A-2, 24 Beacon Street, Boston",Completed,36,3352
191,2019-11-14 13:00,J11,Joint Committee on Financial Services,"A-1, 24 Beacon Street, Boston",Completed,22,3364
191,2019-11-18 11:00,J11,Joint Committee on Financial Services,"A-2, 24 Beacon Street, Boston",Completed,21,3367
191,2019-11-18 11:00,J23,Joint Committee on Public Service,"Gardner Auditorium, 24 Beacon Street, Boston",Completed,15,3317
191,2019-11-19 10:00,J13,"Joint Committee on Children, Families and Persons with Disabilities","B-1, 24 Beacon Street, Boston",Completed,20,3346
191,2019-11-19 10:30,J25,Joint Committee on State Administration and Regulatory Oversight,"Gardner Auditorium, 24 Beacon Street, Boston",Completed,17,3345
191,2019-11-19 12:00,J16,Joint Committee on Public Health,"A-1 & A-2, 24 Beacon Street, Boston",Completed,43,3347
191,2019-11-21 11:00,J10,Joint Committee on Municipalities and Regional Government,"A-1, 24 Beacon Street, Boston",Completed,4,3366
191,2019-12-02 10:00,J22,Joint Committee on Public Safety and Homeland Security,"Gardner Auditorium, 24 Beacon Street, Boston",Canceled,6,3353
191,2019-12-03 12:00,J28,Joint Committee on Housing,"B-2, 24 Beacon Street, Boston",Completed,32,3369
191,2019-12-03 13:00,J16,Joint Committee on Public Health,"Gardner Auditorium, 24 Beacon Street, Boston",Completed,3,3371
191,2019-12-03 13:00,J19,Joint Committee on the Judiciary,"A-1, 24 Beacon Street, Boston",Completed,53,3373
191,2019-12-04 10:00,J39,Joint Committee on Ways and Means,"Gardner Auditorium, 24 Beacon Street, Boston",Completed,0,3375
191,2019-12-05 13:00,J27,Joint Committee on Transportation,"A-1, 24 Beacon Street, Boston",Completed,50,3372
191,2019-12-10 13:00,J16,Joint Committee on Public Health,"A-2, 24 Beacon Street, Boston",Completed,51,3374
191,2019-12-11 11:00,J21,"Joint Committee on Environment, Natural Resources and Agriculture","A-2, 24 Beacon Street, Boston",Completed,1,3379
191,2019-12-11 11:00,J44,Joint Committee on Elder Affairs,"A-1, 24 Beacon Street, Boston",Completed,0,3376
191,2019-12-17 10:00,J22,Joint Committee on Public Safety and Homeland Security,"A-1, 24 Beacon Street, Boston",Completed,25,3357
191,2019-12-17 11:00,J50,Joint Committee on Cannabis Policy,"A-2, 24 Beacon Street, Boston",Completed,12,3382
191,2019-12-17 11:30,J28,Joint Committee on Housing,"B-2, 24 Beacon Street, Boston",Completed,1,3370
191,2019-12-19 13:00,S51,Senate Committee on Global Warming and Climate Change,"428, 24 Beacon Street, Boston",Completed,0,3383
191,2019-12-23 13:00,J17,Joint Committee on Consumer Protection and Professional Licensure,"A-2, 24 Beacon Street, Boston",Completed,7,3380
191,2020-01-02 10:00,J27,Joint Committee on Transportation,"A-1, 24 Beacon Street, Boston",Completed,66,3386
191,2020-01-13 10:30,J13,"Joint Committee on Children, Families and Persons with Disabilities","B-1, 24 Beacon Street, Boston",Completed,4,3385
191,2020-01-13 13:00,J17,Joint Committee on Consumer Protection and Professional Licensure,"Gardner Auditorium, 24 Beacon Street, Boston",Completed,17,3388
191,2020-01-14 10:30,J28,Joint Committee on Housing,"A-1 & A-2, 24 Beacon Street, Boston",Completed,25,3377
191,2020-01-14 13:00,J37,"Joint Committee on Telecommunications, Utilities and Energy","B-2, 24 Beacon Street, Boston",Completed,12,3390
191,2020-01-15 13:00,J11,Joint Committee on Financial Services,"A-1, 24 Beacon Street, Boston",Completed,1,3389
191,2020-01-17 10:00,J27,Joint Committee on Transportation,"A-1, 24 Beacon Street, Boston",Completed,66,3393
191,2020-01-21 12:30,S51,Senate Committee on Global Warming and Climate Change,"222, 24 Beacon Street, Boston",Completed,0,3401
191,2020-01-21 14:00,J31,Joint Committee on Veterans and Federal Affairs,"B-2, 24 Beacon Street, Boston",Completed,1,3398
191,2020-01-22 11:00,J37,"Joint Committee on Telecommunications, Utilities and Energy","B-2, 24 Beacon Street, Boston",Completed,26,3400
191,2020-01-22 13:00,J15,Joint Committee on Election Laws,"A-2, 24 Beacon Street, Boston",Completed,10,3399
191,2020-01-22 14:00,J16,Joint Committee on Public Health,"A-1, 24 Beacon Street, Boston",Completed,1,3395
191,2020-01-24 11:00,J22,Joint Committee on Public Safety and Homeland Security,"Gardner Auditorium, 24 Beacon Street, Boston",Completed,6,3381
191,2020-01-27 11:00,J14,Joint Committee on Education,"A-1, 24 Beacon Street, Boston",Completed,4,3396
191,2020-01-27 13:00,J17,Joint Committee on Consumer Protection and Professional Licensure,"Gardner Auditorium, 24 Beacon Street, Boston",Completed,10,3405
191,2020-01-27 13:00,J25,Joint Committee on State Administration and Regulatory Oversight,"A-1, 24 Beacon Street, Boston",Completed,6,3394
191,2020-01-27 13:00,J43,Joint Committee on Labor and Workforce Development,"B-1, 24 Beacon Street, Boston",Completed,6,3403
191,2020-01-28 10:30,J19,Joint Committee on the Judiciary,"B-1, 24 Beacon Street, Boston",Completed,5,3404
191,2020-01-28 11:00,H32,"House Committee on Bonding, Capital Expenditures and State Assets","B-2, 24 Beacon Street, Boston",Completed,0,3409
191,2020-01-28 11:00,J24,Joint Committee on Health Care Financing,"A-1 & A-2, 24 Beacon Street, Boston",Completed,1,3402
191,2020-01-28 13:00,J17,Joint Committee on Consumer Protection and Professional Licensure,"222, 24 Beacon Street, Boston",Completed,0,3411
191,2020-01-28 13:00,J26,Joint Committee on Revenue,"B-2, 24 Beacon Street, Boston",Completed,8,3410
191,2020-01-28 13:00,J44,Joint Committee on Elder Affairs,"B-1, 24 Beacon Street, Boston",Completed,2,3406
191,2020-01-28 13:00,J50,Joint Committee on Cannabis Policy,"437, 24 Beacon Street, Boston",Completed,2,3397
191,2020-01-29 15:00,J23,Joint Committee on Public Service,"A-1, 24 Beacon Street, Boston",Completed,10,3407
191,2020-02-03 13:00,J22,Joint Committee on Public Safety and Homeland Security,"A-1, 24 Beacon Street, Boston",Completed,4,3415
191,2020-02-04 11:00,J29,Joint Committee on Higher Education,"A-2, 24 Beacon Street, Boston",Completed,1,3414
191,2020-02-04 13:00,J44,Joint Committee on Elder Affairs,"A-1, 24 Beacon Street, Boston",Completed,0,3416
191,2020-02-05 13:00,S51,Senate Committee on Global Warming and Climate Change,"A-1, 24 Beacon Street, Boston",Completed,0,3417
191,2020-02-06 11:00,H32,"House Committee on Bonding, Capital Expenditures and State Assets","A-1, 24 Beacon Street, Boston",Completed,1,3420
191,2020-02-10 13:00,J17,Joint Committee on Consumer Protection and Professional Licensure,"Gardner Auditorium, 24 Beacon Street, Boston",Completed,3,3421
191,2020-02-11 11:00,H32,"House Committee on Bonding, Capital Expenditures and State Assets","A-1, 24 Beacon Street, Boston",Completed,0,3424
191,2020-02-11 11:00,J39,Joint Committee on Ways and Means,"Gardner Auditorium, 24 Beacon Street, Boston",Completed,0,3413
191,2020-02-12 11:00,J31,Joint Committee on Veterans and Federal Affairs,"B-1, 24 Beacon Street, Boston",Completed,3,3419
191,2020-02-13 14:00,J19,Joint Committee on the Judiciary,"A-1, 24 Beacon Street, Boston",Completed,2,3425
191,2020-02-19 13:00,J17,Joint Committee on Consumer Protection and Professional Licensure,"B-1, 24 Beacon Street, Boston",Completed,2,3433
191,2020-02-24 11:00,J39,Joint Committee on Ways and Means,"Roxbury Community College, 24 Beacon Street, Boston",Completed,0,3429
191,2020-02-25 13:00,H32,"House Committee on Bonding, Capital Expenditures and State Assets","A-1, 24 Beacon Street, Boston",Completed,1,3443
191,2020-02-25 13:00,S32,"Senate Committee on Bonding, Capital Expenditures and State Assets","A-2, 24 Beacon Street, Boston",Completed,2,3418
191,2020-02-25 15:00,J13,"Joint Committee on Children, Families and Persons with Disabilities","B-1, 24 Beacon Street, Boston",Completed,2,3428
191,2020-02-26 11:00,J11,Joint Committee on Financial Services,"B-2, 24 Beacon Street, Boston",Completed,1,3441
191,2020-02-26 11:30,J22,Joint Committee on Public Safety and Homeland Security,"Gardner Auditorium, 24 Beacon Street, Boston",Completed,1,3442
191,2020-02-26 13:00,J16,Joint Committee on Public Health,"B-2, 24 Beacon Street, Boston",Completed,1,3426
191,2020-02-27 13:00,H32,"House Committee on Bonding, Capital Expenditures and State Assets","A-1, 24 Beacon Street, Boston",Completed,0,3444
191,2020-02-28 10:30,J39,Joint Committee on Ways and Means,"Duxbury Senior Center, 10 Mayflower Streeet, Duxbury",Completed,0,3434
191,2020-03-02 11:00,J39,Joint Committee on Ways and Means,"Berkshire Community College, Connector Space, Pittsfield",Completed,0,3435
191,2020-03-03 01:00,J26,Joint Committee on Revenue,"B-2, 24 Beacon Street, Boston",Canceled,4,3450
191,2020-03-03 13:00,J26,Joint Committee on Revenue,"B-2, 24 Beacon Street, Boston",Completed,3,3451
191,2020-03-04 11:15,J23,Joint Committee on Public Service,"A-1, 24 Beacon Street, Boston",Completed,3,3449
191,2020-03-04 13:00,J16,Joint Committee on Public Health,"A-1, 24 Beacon Street, Boston",Completed,0,3454
191,2020-03-06 10:00,J39,Joint Committee on Ways and Means,"Malden Senior Center Auditorium, 7 Washington St, Malden",Completed,0,3436
191,2020-03-09 10:30,J28,Joint Committee on Housing,"B-2, 24 Beacon Street, Boston",Completed,1,3445
191,2020-03-09 11:00,J39,Joint Committee on Ways and Means,"Powers Hall/Needham Town Hall, 1471 Highland Ave, Needham",Completed,0,3437
191,2020-03-10 11:00,J24,Joint Committee on Health Care Financing,"A-2, 24 Beacon Street, Boston",Completed,3,3447
191,2020-03-11 12:00,J24,Joint Committee on Health Care Financing,"Gardner Auditorium, 24 Beacon Street, Boston",Canceled,0,3446
191,2020-03-11 12:00,J24,Joint Committee on Health Care Financing,"Health Policy Commission, 50 Milk Street, 8th Floor, Boston",Completed,0,3463
191,2020-03-11 13:00,J31,Joint Committee on Veterans and Federal Affairs,"B-2, 24 Beacon Street, Boston",Completed,2,3453
191,2020-03-13 11:00,RE0,House Committee on Redistricting,"A-1 & A-2, 24 Beacon Street, Boston",Canceled,0,3412
191,2020-03-16 11:00,J39,Joint Committee on Ways and Means,"East Brookfield Elementary School, 410 E. Main Street, East Brookfield",Canceled,0,3438
191,2020-03-18 13:00,J47,Joint Committee on Community Development and Small Businesses,"B-2, 24 Beacon Street, Boston",Canceled,1,3456
191,2020-03-19 12:01,J10,Joint Committee on Municipalities and Regional Government,"Written Testimony Only, 24 Beacon Street, Boston",Completed,1,3465
191,2020-03-24 11:00,J39,Joint Committee on Ways and Means,"Gardner Auditorium, 24 Beacon Street, Boston",Canceled,0,3430
191,2020-04-06 17:00,J22,Joint Committee on Public Safety and Homeland Security,"State House, Beacon Street, Boston",Completed,2,3466
191,2020-04-10 17:00,J19,Joint Committee on the Judiciary,"Massachusetts State House, 24 Beacon Street, Boston",Completed,1,3469
191,2020-04-13 09:00,J11,Joint Committee on Financial Services,"Massachusetts State House, 24 Beacon Street, Boston",Completed,1,3471
191,2020-04-13 13:30,J13,"Joint Committee on Children, Families and Persons with Disabilities","Virtual Hearing, 24 Beacon Street, Boston",Completed,1,3470
191,2020-04-16 13:30,J44,Joint Committee on Elder Affairs,"The hearing will occur over Zoom, 24 Beacon Street, Boston",Completed,1,3472
191,2020-04-16 15:59,J10,Joint Committee on Municipalities and Regional Government,"Written Testimony Only, 24 Beacon Street, Boston",Completed,3,3473
191,2020-04-21 09:00,J23,Joint Committee on Public Service,"Electronic Hearing, Boston",Completed,8,3475
191,2020-04-24 16:00,J17,Joint Committee on Consumer Protection and Professional Licensure,"Written Testimony Only, 24 Beacon Street, Boston",Completed,1,3474
191,2020-04-29 09:00,J28,Joint Committee on Housing,"Written Testimony Only, 24 Beacon Street, Boston",Completed,1,3478
191,2020-05-01 09:00,J43,Joint Committee on Labor and Workforce Development,"State House, 24 Beacon Street, Boston",Completed,0,3477
191,2020-05-05 09:00,J19,Joint Committee on the Judiciary,"Written Testimony Only, 24 Beacon Street, Boston",Completed,6,3479
191,2020-05-05 11:00,J47,Joint Committee on Community Development and Small Businesses,"Virtual Hearing, 24 Beacon Street, Boston",Completed,2,3476
191,2020-05-06 12:00,S32,"Senate Committee on Bonding, Capital Expenditures and State Assets","Written Testimony Only, 24 Beacon Street, Boston",Completed,1,3482
191,2020-05-11 09:00,J16,Joint Committee on Public Health,"Written testimony by email only, 24 Beacon Street, Boston",Completed,2,3481
191,2020-05-13 09:00,J28,Joint Committee on Housing,"Written Testimony Only, 24 Beacon Street, Boston",Completed,1,3484
191,2020-05-13 11:00,J14,Joint Committee on Education,"Virtual Hearing, 24 Beacon Street, Boston",Completed,0,3480
191,2020-05-13 11:00,J17,Joint Committee on Consumer Protection and Professional Licensure,"Virtual Hearing, 24 Beacon Street, Boston",Completed,1,3483
191,2020-05-14 13:00,J15,Joint Committee on Election Laws,"Virtual Hearing, 24 Beacon Street, Boston",Completed,3,3486
191,2020-05-15 13:00,J43,Joint Committee on Labor and Workforce Development,"State House, 24 Beacon Street, Boston",Completed,0,3485
191,2020-05-15 13:00,J44,Joint Committee on Elder Affairs,"The hearing will occur over Zoom, 24 Beacon Street, Boston",Completed,1,3487
191,2020-05-19 09:00,J26,Joint Committee on Revenue,"Virtual Hearing, 24 Beacon Street, Boston",Canceled,2,3488
191,2020-05-19 09:00,J26,Joint Committee on Revenue,"Virtual Hearing, 24 Beacon Street, Boston",Completed,6,3490
191,2020-05-21 09:00,J11,Joint Committee on Financial Services,"Written Testimony Only, 24 Beacon Street, Boston",Completed,0,3494
191,2020-05-21 09:00,J23,Joint Committee on Public Service,"Electronic Hearing, Boston",Completed,3,3491
191,2020-05-21 09:00,J28,Joint Committee on Housing,"Written Testimony Only, 24 Beacon Street, Boston",Completed,2,3489
191,2020-05-21 12:00,J10,Joint Committee on Municipalities and Regional Government,"Written Testimony Only, 24 Beacon Street, Boston",Completed,1,3495
191,2020-05-21 13:59,J10,Joint Committee on Municipalities and Regional Government,"Written Testimony Only, 24 Beacon Street, Boston",Canceled,1,3493
191,2020-05-22 10:00,J43,Joint Committee on Labor and Workforce Development,"Virtual Hearing, 24 Beacon Street, Boston",Completed,4,3492
191,2020-05-27 11:00,J17,Joint Committee on Consumer Protection and Professional Licensure,"Virtual Hearing, 24 Beacon Street, Boston",Completed,2,3496
191,2020-05-29 10:00,J43,Joint Committee on Labor and Workforce Development,"Virtual Hearing, 24 Beacon Street, Boston",Completed,2,3498
191,2020-06-01 09:00,J37,"Joint Committee on Telecommunications, Utilities and Energy","Written Testimony Only, 24 Beacon Street, Boston",Completed,3,3499
191,2020-06-02 10:00,J24,Joint Committee on Health Care Financing,"Written Testimony Only, 24 Beacon Street, Boston",Completed,1,3502
191,2020-06-04 09:00,J23,Joint Committee on Public Service,"Electronic Hearing, Boston",Completed,1,3500
191,2020-06-04 09:00,S32,"Senate Committee on Bonding, Capital Expenditures and State Assets","Written Testimony Only, 24 Beacon Street, Boston",Completed,1,3506
191,2020-06-05 09:00,J19,Joint Committee on the Judiciary,"Written Testimony Only, 24 Beacon Street, Boston",Completed,2,3504
191,2020-06-05 09:00,J31,Joint Committee on Veterans and Federal Affairs,"Written Testimony Only, 24 Beacon Street, Boston",Completed,1,3505
191,2020-06-05 09:00,J43,Joint Committee on Labor and Workforce Development,"Virtual Hearing, 24 Beacon Street, Boston",Completed,8,3503
191,2020-06-05 15:00,J13,"Joint Committee on Children, Families and Persons with Disabilities","Virtual Hearing, 24 Beacon Street, Boston",Canceled,1,3501
191,2020-06-10 09:00,J29,Joint Committee on Higher Education,"Written Testimony Only, 24 Beacon Street, Boston",Completed,3,3510
191,2020-06-11 09:00,J26,Joint Committee on Revenue,"Virtual Hearing, 24 Beacon Street, Boston",Completed,5,3512
191,2020-06-12 09:00,J30,"Joint Committee on Tourism, Arts and Cultural Development","Written Testimony Only, 24 Beacon Street, Boston",Completed,1,3515
191,2020-06-12 10:00,J43,Joint Committee on Labor and Workforce Development,"Accepting Written Testimony, 24 Beacon Street, Boston",Completed,4,3511
191,2020-06-12 13:30,J17,Joint Committee on Consumer Protection and Professional Licensure,"Virtual Hearing, 24 Beacon Street, Boston",Completed,2,3509
191,2020-06-15 09:00,J23,Joint Committee on Public Service,"Electronic Hearing, Boston",Completed,2,3514
191,2020-06-15 14:00,J44,Joint Committee on Elder Affairs,"Virtual Hearing, 24 Beacon Street, Boston",Completed,1,3516
191,2020-06-18 15:30,J13,"Joint Committee on Children, Families and Persons with Disabilities","Virtual Hearing, 24 Beacon Street, Boston",Completed,1,3513
191,2020-06-19 09:00,J14,Joint Committee on Education,"Written Testimony Only, Boston",Completed,2,3517
191,2020-06-22 09:00,J23,Joint Committee on Public Service,"Electronic Hearing, Boston",Completed,2,3519
191,2020-06-25 13:00,J25,Joint Committee on State Administration and Regulatory Oversight,"Virtual Hearing, 24 Beacon Street, Boston",Completed,4,3518
191,2020-06-26 11:00,J12,Joint Committee on Economic Development and Emerging Technologies,"Virtual Hearing, 24 Beacon Street, Boston",Completed,1,3521
191,2020-07-01 10:00,J14,Joint Committee on Education,"Virtual Hearing, 24 Beacon Street, Boston",Completed,0,3523
191,2020-07-01 13:00,S51,Senate Committee on Global Warming and Climate Change,"Virtual Hearing, 24 Beacon Street, Boston",Completed,0,3525
191,2020-07-02 09:00,J16,Joint Committee on Public Health,"Written Testimony Only, 24 Beacon Street, Boston",Completed,1,3522
191,2020-07-07 10:00,J14,Joint Committee on Education,"Virtual Hearing, 24 Beacon Street, Boston",Completed,0,3524
191,2020-07-10 09:00,J28,Joint Committee on Housing,"Written Testimony Only, 24 Beacon Street, Boston",Completed,1,3527
191,2020-07-14 13:00,J31,Joint Committee on Veterans and Federal Affairs,"Virtual Hearing, 24 Beacon Street, Boston",Completed,1,3530
191,2020-07-14 16:00,J26,Joint Committee on Revenue,"Virtual Hearing, 24 Beacon Street, Boston",Completed,1,3531
191,2020-07-17 10:59,H34,House Committee on Ways and Means,"Written Testimony Only, 24 Beacon Street, Boston",Completed,0,3536
191,2020-07-17 12:00,H32,"House Committee on Bonding, Capital Expenditures and State Assets","Written Testimony Only, 24 Beacon Street, Boston",Completed,1,3535
191,2020-07-17 13:00,J22,Joint Committee on Public Safety and Homeland Security,"Virtual Hearing, 24 Beacon Street, Boston",Canceled,0,3532
191,2020-07-20 09:00,J23,Joint Committee on Public Service,"Electronic Hearing, Boston",Completed,3,3533
191,2020-07-20 12:00,J25,Joint Committee on State Administration and Regulatory Oversight,"Written Testimony Only, 24 Beacon Street, Boston",Completed,2,3534
191,2020-07-28 09:00,J28,Joint Committee on Housing,"Written Testimony Only, 24 Beacon Street, Boston",Completed,2,3538
191,2020-08-03 09:00,J11,Joint Committee on Financial Services,"Written Testimony Only, 24 Beacon Street, Boston",Completed,2,3541
191,2020-08-03 09:00,J23,Joint Committee on Public Service,"Electronic Hearing, Boston",Completed,3,3540
191,2020-08-04 09:00,J28,Joint Committee on Housing,"Written Testimony Only, 24 Beacon Street, Boston",Completed,1,3543
191,2020-08-07 10:00,J43,Joint Committee on Labor and Workforce Development,"Accepting Written Testimony, 24 Beacon Street, Boston",Completed,4,3542
191,2020-08-10 00:00,J14,Joint Committee on Education,"Written Testimony Only, 24 Beacon Street, Boston",Completed,2,3545
191,2020-08-10 13:00,J17,Joint Committee on Consumer Protection and Professional Licensure,"Virtual Hearing, 24 Beacon Street, Boston",Completed,2,3544
191,2020-08-12 16:00,J25,Joint Committee on State Administration and Regulatory Oversight,"Written Testimony Only, 24 Beacon Street, Boston",Completed,3,3546
191,2020-08-19 09:00,J14,Joint Committee on Education,"Written Testimony Only, 24 Beacon Street, Boston",Completed,1,3548
191,2020-08-20 09:00,J31,Joint Committee on Veterans and Federal Affairs,"Written Testimony Only, 24 Beacon Street, Boston",Completed,1,3547
191,2020-08-31 09:00,J23,Joint Committee on Public Service,"Electronic Hearing, Boston",Completed,2,3554
191,2020-09-03 09:00,J19,Joint Committee on the Judiciary,"Written Testimony Only, 24 Beacon Street, Boston",Completed,1,3558
191,2020-09-09 09:00,J28,Joint Committee on Housing,"Written Testimony Only, 24 Beacon Street, Boston",Completed,1,3555
191,2020-09-15 15:00,J25,Joint Committee on State Administration and Regulatory Oversight,"Written Testimony Only, 24 Beacon Street, Boston",Completed,1,3565
191,2020-09-18 13:00,J17,Joint Committee on Consumer Protection and Professional Licensure,"Virtual Hearing, 24 Beacon Street, Boston",Completed,4,3568
191,2020-10-05 09:00,J23,Joint Committee on Public Service,"Electronic Hearing, Boston",Completed,3,3575
191,2020-10-06 11:00,J29,Joint Committee on Higher Education,"Virtual Hearing, 24 Beacon Street, Boston",Completed,0,3573
191,2020-10-07 10:00,J39,Joint Committee on Ways and Means,"A-2, 24 Beacon Street, Boston",Completed,0,3579
191,2020-10-07 13:00,J25,Joint Committee on State Administration and Regulatory Oversight,"Written Testimony Only, 24 Beacon Street, Boston",Completed,1,3576
191,2020-10-07 16:30,J26,Joint Committee on Revenue,"Virtual Hearing, 24 Beacon Street, Boston",Completed,2,3578
191,2020-10-08 09:00,J16,Joint Committee on Public Health,"Written Testimony Only, 24 Beacon Street, Boston",Completed,3,3577
191,2020-10-13 13:00,J44,Joint Committee on Elder Affairs,"Virtual Hearing, 24 Beacon Street, Boston",Completed,0,3580
191,2020-10-21 12:00,J39,Joint Committee on Ways and Means,"Virtual Hearing, 24 Beacon Street, Boston",Completed,0,3586
191,2020-10-21 14:30,J43,Joint Committee on Labor and Workforce Development,"Accepting Written Testimony, 24 Beacon Street, Boston",Completed,2,3588
191,2020-10-22 10:00,J31,Joint Committee on Veterans and Federal Affairs,"Virtual Hearing, 24 Beacon Street, Boston",Completed,0,3584
191,2020-10-26 09:00,J23,Joint Committee on Public Service,"Electronic Hearing, Boston",Completed,3,3591
191,2020-10-27 10:00,J14,Joint Committee on Education,"A-2, 24 Beacon Street, Boston",Completed,0,3589
191,2020-10-29 11:00,J17,Joint Committee on Consumer Protection and Professional Licensure,"Virtual Hearing, 24 Beacon Street, Boston",Completed,0,3593
191,2020-10-30 09:00,J19,Joint Committee on the Judiciary,"Written Testimony Only, 24 Beacon Street, Boston",Completed,6,3594
191,2020-10-30 13:00,J17,Joint Committee on Consumer Protection and Professional Licensure,"Virtual Hearing, 24 Beacon Street, Boston",Completed,2,3590
191,2020-11-05 11:30,J26,Joint Committee on Revenue,"Virtual Hearing, 24 Beacon Street, Boston",Completed,2,3599
191,2020-11-06 11:00,J16,Joint Committee on Public Health,"Virtual Hearing, 24 Beacon Street, Boston",Completed,2,3598
191,2020-11-17 09:00,J11,Joint Committee on Financial Services,"Written Testimony Only, 24 Beacon Street, Boston",Completed,1,3605
191,2020-11-20 09:00,J23,Joint Committee on Public Service,"Electronic Hearing, Boston",Completed,1,3608
191,2020-11-20 13:00,J17,Joint Committee on Consumer Protection and Professional Licensure,"Virtual Hearing, 24 Beacon Street, Boston",Completed,8,3606
191,2020-11-30 15:00,J25,Joint Committee on State Administration and Regulatory Oversight,"Written Testimony Only, 24 Beacon Street, Boston",Completed,1,3610
191,2020-12-01 09:00,J15,Joint Committee on Election Laws,"Written Testimony Only, 24 Beacon Street, Boston",Completed,1,3611
191,2020-12-04 09:00,J23,Joint Committee on Public Service,"Electronic Hearing, Boston",Completed,3,3612
191,2020-12-09 11:00,J25,Joint Committee on State Administration and Regulatory Oversight,"Written Testimony Only, 24 Beacon Street, Boston",Completed,2,3615
191,2020-12-09 11:30,J26,Joint Committee on Revenue,"Virtual Hearing, 24 Beacon Street, Boston",Completed,2,3616
191,2020-12-10 15:00,J17,Joint Committee on Consumer Protection and Professional Licensure,"Virtual Hearing, 24 Beacon Street, Boston",Completed,1,3614
191,2020-12-21 09:00,J23,Joint Committee on Public Service,"Electronic Hearing, Boston",Completed,3,3619
191,2020-12-24 14:00,J25,Joint Committee on State Administration and Regulatory Oversight,"Written Testimony Only, 24 Beacon Street, Boston",Completed,1,3620
191,2020-12-28 09:00,J43,Joint Committee on Labor and Workforce Development,"Accepting Written Testimony, 24 Beacon Street, Boston",Completed,1,3623
191,2020-12-31 09:00,J23,Joint Committee on Public Service,"Electronic Hearing, Boston",Completed,1,3622
191,2020-12-31 10:00,S51,Senate Committee on Global Warming and Climate Change,"Virtual Hearing, 24 Beacon Street, Boston",Completed,0,3621
192,2021-03-08 00:00,S30,Senate Committee on Ways and Means,"Written Testimony Only, 24 Beacon Street, Boston",Completed,3,3640
192,2021-03-09 10:00,J39,Joint Committee on Ways and Means,"A-2, 24 Beacon Street, Boston",Completed,0,3641
192,2021-03-09 11:00,J27,Joint Committee on Transportation,"Virtual Hearing, 24 Beacon Street, Boston",Completed,1,3639
192,2021-03-15 00:01,S30,Senate Committee on Ways and Means,"Written Testimony Only, 24 Beacon Street, Boston",Completed,0,3643
192,2021-03-16 10:30,J25,Joint Committee on State Administration and Regulatory Oversight,"Virtual Hearing, 24 Beacon Street, Boston",Completed,1,3642
192,2021-03-16 13:00,J39,Joint Committee on Ways and Means,"Virtual Hearing, 24 Beacon Street, Boston",Completed,0,3637
192,2021-03-22 11:00,J39,Joint Committee on Ways and Means,"Virtual Hearing, 24 Beacon Street, Boston",Completed,0,3647
192,2021-03-23 11:00,J35,Joint Committee on Covid-19 and Emergency Preparedness and Management,"Virtual Hearing, 24 Beacon Street, Boston",Completed,0,3646
192,2021-03-25 12:00,J24,Joint Committee on Health Care Financing,"Health Policy Commission, 50 Milk Street, Boston",Completed,0,3648
192,2021-03-26 10:00,J39,Joint Committee on Ways and Means,"Virtual Hearing, 24 Beacon Street, Boston",Completed,0,3651
192,2021-03-30 13:00,J39,Joint Committee on Ways and Means,"Virtual Hearing, 24 Beacon Street, Boston",Completed,0,3652
192,2021-03-30 14:30,H54,House Committee on Federal Stimulus and Census Oversight,"Virtual Hearing, 24 Beacon Street, Boston",Completed,0,3656
192,2021-04-05 11:00,J32,"Joint Committee on Bonding, Capital Expenditures and State Assets","Virtual Hearing, 24 Beacon Street, Boston",Completed,1,3657
192,2021-04-06 10:00,J19,Joint Committee on the Judiciary,"Virtual Hearing, 24 Beacon Street, Boston",Completed,10,3658
192,2021-04-06 13:00,J39,Joint Committee on Ways and Means,"Virtual Hearing, 24 Beacon Street, Boston",Completed,0,3660
192,2021-04-06 13:00,S64,Senate Committee on Reimagining Massachusetts Post-Pandemic Resiliency,"Virtual Hearing, 24 Beacon Street, Boston",Completed,0,3659
192,2021-04-08 11:00,H54,House Committee on Federal Stimulus and Census Oversight,"Virtual Hearing, 24 Beacon Street, Boston",Completed,0,3665
192,2021-04-09 10:00,J30,"Joint Committee on Tourism, Arts and Cultural Development","Virtual Hearing, 24 Beacon Street, Boston",Completed,0,3649
192,2021-04-13 10:00,J35,Joint Committee on Covid-19 and Emergency Preparedness and Management,"Virtual Hearing, 24 Beacon Street, Boston",Completed,0,3666
192,2021-04-13 10:30,J43,Joint Committee on Labor and Workforce Development,"Virtual Hearing, 24 Beacon Street, Boston",Completed,1,3663
192,2021-04-14 11:00,SJ41,Special Joint Committee on Redistricting ,"Virtual Hearing, 24 Beacon Street, Boston",Completed,0,3670
192,2021-04-20 09:00,J23,Joint Committee on Public Service,"Written Testimony Only, 24 Beacon Street, Boston",Completed,4,3675
192,2021-04-21 13:00,S64,Senate Committee on Reimagining Massachusetts Post-Pandemic Resiliency,"Virtual Hearing, 24 Beacon Street, Boston",Completed,0,3677
192,2021-04-26 10:30,J19,Joint Committee on the Judiciary,"Virtual Hearing, 24 Beacon Street, Boston",Completed,1,3679
192,2021-04-26 14:00,J26,Joint Committee on Revenue,"Written Testimony Only, 24 Beacon Street, Boston",Completed,4,3680
192,2021-04-27 10:30,J24,Joint Committee on Health Care Financing,"Virtual Hearing, 24 Beacon Street, Boston",Completed,1,3681
192,2021-04-28 10:30,J10,Joint Committee on Municipalities and Regional Government,"Written Testimony Only, 24 Beacon Street, Boston",Completed,1,3691
192,2021-05-03 13:00,J16,Joint Committee on Public Health,"Virtual Hearing, 24 Beacon Street, Boston",Completed,47,3685
192,2021-05-04 10:00,J13,"Joint Committee on Children, Families and Persons with Disabilities","Virtual Hearing, 24 Beacon Street, Boston",Completed,0,3668
192,2021-05-04 13:00,J18,"Joint Committee on Mental Health, Substance Use and Recovery","Virtual Hearing, 24 Beacon Street, Boston",Completed,0,3689
192,2021-05-04 13:00,J21,"Joint Committee on Environment, Natural Resources and Agriculture","Virtual Hearing, 24 Beacon Street, Boston",Completed,19,3688
192,2021-05-04 17:00,SJ41,Special Joint Committee on Redistricting ,"Virtual Hearing, 24 Beacon Street, Boston",Completed,0,3682
192,2021-05-05 13:00,S64,Senate Committee on Reimagining Massachusetts Post-Pandemic Resiliency,"Virtual Hearing, 24 Beacon Street, Boston",Completed,0,3704
192,2021-05-10 10:00,J16,Joint Committee on Public Health,"Virtual Hearing, 24 Beacon Street, Boston",Completed,14,3692
192,2021-05-11 10:00,S51,Senate Committee on Global Warming and Climate Change,"Virtual Hearing, 24 Beacon Street, Boston",Completed,0,3716
192,2021-05-11 10:30,J43,Joint Committee on Labor and Workforce Development,"Virtual Hearing, 24 Beacon Street, Boston",Completed,21,3710
192,2021-05-11 11:00,J50,Joint Committee on Cannabis Policy,"Virtual Hearing, 24 Beacon Street, Boston",Completed,9,3713
192,2021-05-11 13:00,S30,Senate Committee on Ways and Means,"Virtual Hearing, 24 Beacon Street, Boston",Completed,0,3714
192,2021-05-12 10:00,J37,"Joint Committee on Telecommunications, Utilities and Energy","Virtual Hearing, 24 Beacon Street, Boston",Completed,0,3712
192,2021-05-17 12:00,J10,Joint Committee on Municipalities and Regional Government,"Written Testimony Only, 24 Beacon Street, Boston",Completed,8,3728
192,2021-05-17 12:00,J11,Joint Committee on Financial Services,"Virtual Hearing, 24 Beacon Street, Boston",Completed,0,3705
192,2021-05-18 10:00,J29,Joint Committee on Higher Education,"Virtual Hearing, 24 Beacon Street, Boston",Completed,28,3720
192,2021-05-18 10:30,J43,Joint Committee on Labor and Workforce Development,"Virtual Hearing, 24 Beacon Street, Boston",Completed,21,3718
192,2021-05-18 13:00,J21,"Joint Committee on Environment, Natural Resources and Agriculture","Virtual Hearing, 24 Beacon Street, Boston",Completed,19,3693
192,2021-05-19 10:00,J19,Joint Committee on the Judiciary,"Virtual Hearing, 24 Beacon Street, Boston",Completed,19,3722
192,2021-05-19 10:00,J23,Joint Committee on Public Service,"Virtual Hearing, 24 Beacon Street, Boston",Completed,17,3719
192,2021-05-19 13:00,J15,Joint Committee on Election Laws,"Virtual Hearing, 24 Beacon Street, Boston",Completed,27,3725
192,2021-05-20 10:00,J12,Joint Committee on Economic Development and Emerging Technologies,"Virtual Hearing, 24 Beacon Street, Boston",Completed,0,3735
192,2021-05-20 12:00,J14,Joint Committee on Education,"Virtual Hearing, 24 Beacon Street, Boston",Completed,45,3730
192,2021-05-20 13:00,J17,Joint Committee on Consumer Protection and Professional Licensure,"Virtual Hearing, 24 Beacon Street, Boston",Completed,14,3721
192,2021-05-21 11:00,H54,House Committee on Federal Stimulus and Census Oversight,"Virtual Hearing, 24 Beacon Street, Boston",Completed,0,3738
192,2021-05-24 17:30,SJ41,Special Joint Committee on Redistricting ,"Virtual Hearing, 24 Beacon Street, Boston",Completed,0,3707
192,2021-06-01 00:00,S30,Senate Committee on Ways and Means,"Written Testimony Only, 24 Beacon Street, Boston",Completed,0,3750
192,2021-06-01 11:00,J50,Joint Committee on Cannabis Policy,"Virtual Hearing, 24 Beacon Street, Boston",Completed,4,3731
192,2021-06-02 10:30,J25,Joint Committee on State Administration and Regulatory Oversight,"Virtual Hearing, 24 Beacon Street, Boston",Completed,10,3748
192,2021-06-02 13:00,J23,Joint Committee on Public Service,"Virtual Hearing, 24 Beacon Street, Boston",Completed,48,3741
192,2021-06-02 13:00,J27,Joint Committee on Transportation,"Virtual Hearing, 24 Beacon Street, Boston",Completed,12,3751
192,2021-06-03 11:00,J28,Joint Committee on Housing,"Virtual Hearing, 24 Beacon Street, Boston",Completed,0,3723
192,2021-06-03 13:00,J32,"Joint Committee on Bonding, Capital Expenditures and State Assets","Written Testimony Only, 24 Beacon Street, Boston",Completed,0,3761
192,2021-06-04 13:00,J35,Joint Committee on Covid-19 and Emergency Preparedness and Management,"Virtual Hearing, 24 Beacon Street, Boston",Completed,0,3733
192,2021-06-07 10:00,J15,Joint Committee on Election Laws,"Virtual Hearing, 24 Beacon Street, Boston",Completed,1,3764
192,2021-06-07 10:00,J16,Joint Committee on Public Health,"Virtual Hearing, 24 Beacon Street, Boston",Completed,44,3740
192,2021-06-07 11:00,J17,Joint Committee on Consumer Protection and Professional Licensure,"Virtual Hearing, 24 Beacon Street, Boston",Completed,8,3749
192,2021-06-08 10:00,J29,Joint Committee on Higher Education,"Virtual Hearing, 24 Beacon Street, Boston",Completed,24,3760
192,2021-06-08 10:30,J43,Joint Committee on Labor and Workforce Development,"Virtual Hearing, 24 Beacon Street, Boston",Completed,6,3746
192,2021-06-08 11:00,J10,Joint Committee on Municipalities and Regional Government,"Virtual Hearing, 24 Beacon Street, Boston",Completed,21,3765
192,2021-06-08 12:00,SJ41,Special Joint Committee on Redistricting ,"Virtual Hearing, 24 Beacon Street, Boston",Completed,0,3743
192,2021-06-08 13:00,J21,"Joint Committee on Environment, Natural Resources and Agriculture","Virtual Hearing, 24 Beacon Street, Boston",Completed,22,3694
192,2021-06-09 10:00,J22,Joint Committee on Public Safety and Homeland Security,"Virtual Hearing, 24 Beacon Street, Boston",Completed,29,3734
192,2021-06-09 10:00,J23,Joint Committee on Public Service,"Virtual Hearing, 24 Beacon Street, Boston",Completed,42,3756
192,2021-06-09 10:00,J25,Joint Committee on State Administration and Regulatory Oversight,"Virtual Hearing, 24 Beacon Street, Boston",Completed,33,3762
192,2021-06-11 10:00,J14,Joint Committee on Education,"Virtual Hearing, 24 Beacon Street, Boston",Completed,59,3769
192,2021-06-11 11:00,J35,Joint Committee on Covid-19 and Emergency Preparedness and Management,"Virtual Hearing, 24 Beacon Street, Boston",Completed,0,3732
192,2021-06-14 10:00,J34,"Joint Committee on Racial Equity, Civil Rights, and Inclusion","Virtual Hearing, 24 Beacon Street, Boston",Completed,0,3778
192,2021-06-14 13:00,J17,Joint Committee on Consumer Protection and Professional Licensure,"Virtual Hearing, 24 Beacon Street, Boston",Completed,22,3771
192,2021-06-14 13:00,J44,Joint Committee on Elder Affairs,"Virtual Hearing, 24 Beacon Street, Boston",Completed,13,3770
192,2021-06-15 10:00,J13,"Joint Committee on Children, Families and Persons with Disabilities","Virtual Hearing, 24 Beacon Street, Boston",Completed,21,3767
192,2021-06-15 10:00,J19,Joint Committee on the Judiciary,"Virtual Hearing, 24 Beacon Street, Boston",Completed,58,3776
192,2021-06-15 11:00,J50,Joint Committee on Cannabis Policy,"Virtual Hearing, 24 Beacon Street, Boston",Completed,6,3777
192,2021-06-16 13:00,J18,"Joint Committee on Mental Health, Substance Use and Recovery","Virtual Hearing, 24 Beacon Street, Boston",Completed,14,3774
192,2021-06-17 10:00,J12,Joint Committee on Economic Development and Emerging Technologies,"Virtual Hearing, 24 Beacon Street, Boston",Completed,19,3783
192,2021-06-21 13:00,J17,Joint Committee on Consumer Protection and Professional Licensure,"Virtual Hearing, 24 Beacon Street, Boston",Completed,19,3789
192,2021-06-21 13:00,J18,"Joint Committee on Mental Health, Substance Use and Recovery","Virtual Hearing, 24 Beacon Street, Boston",Completed,16,3790
192,2021-06-21 18:00,SJ41,Special Joint Committee on Redistricting ,"Virtual Hearing, 24 Beacon Street, Boston",Completed,0,3745
192,2021-06-22 10:00,J16,Joint Committee on Public Health,"Virtual Hearing, 24 Beacon Street, Boston",Completed,29,3780
192,2021-06-22 10:00,J37,"Joint Committee on Telecommunications, Utilities and Energy","Virtual Hearing, 24 Beacon Street, Boston",Completed,19,3795
192,2021-06-22 10:30,J43,Joint Committee on Labor and Workforce Development,"Virtual Hearing, 24 Beacon Street, Boston",Completed,30,3779
192,2021-06-22 11:00,J10,Joint Committee on Municipalities and Regional Government,"Virtual Hearing, 24 Beacon Street, Boston",Completed,27,3788
192,2021-06-22 13:00,J21,"Joint Committee on Environment, Natural Resources and Agriculture","Virtual Hearing, 24 Beacon Street, Boston",Completed,43,3695
192,2021-06-23 10:00,J15,Joint Committee on Election Laws,"Virtual Hearing, 24 Beacon Street, Boston",Completed,37,3803
192,2021-06-23 11:00,J47,Joint Committee on Community Development and Small Businesses,"Virtual Hearing, 24 Beacon Street, Boston",Completed,14,3781
192,2021-06-23 13:00,J23,Joint Committee on Public Service,"Virtual Hearing, 24 Beacon Street, Boston",Completed,27,3794
192,2021-06-23 14:00,J27,Joint Committee on Transportation,"Virtual Hearing, 24 Beacon Street, Boston",Completed,2,3752
192,2021-06-24 14:00,J27,Joint Committee on Transportation,"Virtual Hearing, 24 Beacon Street, Boston",Completed,14,3775
192,2021-06-28 13:00,J17,Joint Committee on Consumer Protection and Professional Licensure,"Virtual Hearing, 24 Beacon Street, Boston",Completed,8,3806
192,2021-06-28 13:00,J18,"Joint Committee on Mental Health, Substance Use and Recovery","Virtual Hearing, 24 Beacon Street, Boston",Completed,25,3792
192,2021-06-29 11:00,J24,Joint Committee on Health Care Financing,"Virtual Hearing, 24 Beacon Street, Boston",Completed,37,3796
192,2021-06-29 11:00,J50,Joint Committee on Cannabis Policy,"Virtual Hearing, 24 Beacon Street, Boston",Completed,8,3791
192,2021-06-30 10:00,J35,Joint Committee on Covid-19 and Emergency Preparedness and Management,"Virtual Hearing, 24 Beacon Street, Boston",Completed,34,3802
192,2021-06-30 13:00,J44,Joint Committee on Elder Affairs,"Virtual Hearing, 24 Beacon Street, Boston",Completed,18,3809
192,2021-07-01 10:00,J11,Joint Committee on Financial Services,"Virtual Hearing, 24 Beacon Street, Boston",Completed,17,3812
192,2021-07-06 12:00,J14,Joint Committee on Education,"Virtual Hearing, 24 Beacon Street, Boston",Completed,50,3811
192,2021-07-06 13:00,J31,Joint Committee on Veterans and Federal Affairs,"Virtual Hearing, 24 Beacon Street, Boston",Completed,5,3820
192,2021-07-06 18:00,SJ41,Special Joint Committee on Redistricting ,"Virtual Hearing, 24 Beacon Street, Boston",Completed,0,3784
192,2021-07-07 09:30,J13,"Joint Committee on Children, Families and Persons with Disabilities","Virtual Hearing, 24 Beacon Street, Boston",Completed,10,3810
192,2021-07-07 11:00,J35,Joint Committee on Covid-19 and Emergency Preparedness and Management,"Virtual Hearing, 24 Beacon Street, Boston",Completed,0,3828
192,2021-07-08 13:00,J17,Joint Committee on Consumer Protection and Professional Licensure,"Virtual Hearing, 24 Beacon Street, Boston",Completed,17,3821
192,2021-07-08 18:00,SJ41,Special Joint Committee on Redistricting ,"Virtual Hearing, 24 Beacon Street, Boston",Completed,0,3744
192,2021-07-12 10:00,J16,Joint Committee on Public Health,"Virtual Hearing, 24 Beacon Street, Boston",Completed,13,3819
192,2021-07-12 10:00,SJ41,Special Joint Committee on Redistricting ,"Virtual Hearing, 24 Beacon Street, Boston",Completed,0,3808
192,2021-07-12 13:00,J17,Joint Committee on Consumer Protection and Professional Licensure,"Virtual Hearing, 24 Beacon Street, Boston",Canceled,27,3836
192,2021-07-12 13:00,J17,Joint Committee on Consumer Protection and Professional Licensure,"Virtual Hearing, 24 Beacon Street, Boston",Completed,28,3837
192,2021-07-12 13:00,J44,Joint Committee on Elder Affairs,"Virtual Hearing, 24 Beacon Street, Boston",Completed,18,3832
192,2021-07-12 13:00,S64,Senate Committee on Reimagining Massachusetts Post-Pandemic Resiliency,"Virtual Hearing, 24 Beacon Street, Boston",Completed,0,3835
192,2021-07-12 15:00,J32,"Joint Committee on Bonding, Capital Expenditures and State Assets","Written Testimony Only, 24 Beacon Street, Boston",Completed,1,3849
192,2021-07-13 10:00,J29,Joint Committee on Higher Education,"Virtual Hearing, 24 Beacon Street, Boston",Completed,33,3830
192,2021-07-13 10:30,J43,Joint Committee on Labor and Workforce Development,"Virtual Hearing, 24 Beacon Street, Boston",Completed,48,3827
192,2021-07-13 11:00,J24,Joint Committee on Health Care Financing,"Virtual Hearing, 24 Beacon Street, Boston",Completed,21,3825
192,2021-07-14 09:00,J35,Joint Committee on Covid-19 and Emergency Preparedness and Management,"Virtual Hearing, 24 Beacon Street, Boston",Completed,0,3839
192,2021-07-14 10:00,J22,Joint Committee on Public Safety and Homeland Security,"Virtual Hearing, 24 Beacon Street, Boston",Completed,35,3829
192,2021-07-14 10:30,J25,Joint Committee on State Administration and Regulatory Oversight,"Virtual Hearing, 24 Beacon Street, Boston",Completed,25,3826
192,2021-07-16 10:00,J35,Joint Committee on Covid-19 and Emergency Preparedness and Management,"Virtual Hearing, 24 Beacon Street, Boston",Canceled,0,3844
192,2021-07-19 12:00,SJ41,Special Joint Committee on Redistricting ,"Virtual Hearing, 24 Beacon Street, Boston",Completed,0,3747
192,2021-07-19 13:00,J17,Joint Committee on Consumer Protection and Professional Licensure,"Virtual Hearing, 24 Beacon Street, Boston",Completed,20,3856
192,2021-07-19 13:00,J18,"Joint Committee on Mental Health, Substance Use and Recovery","Virtual Hearing, 24 Beacon Street, Boston",Completed,19,3847
192,2021-07-20 09:00,J28,Joint Committee on Housing,"Written Testimony Only, 24 Beacon Street, Boston",Completed,2,3872
192,2021-07-20 10:30,J25,Joint Committee on State Administration and Regulatory Oversight,"Virtual Hearing, 24 Beacon Street, Boston",Completed,26,3841
192,2021-07-20 11:00,J24,Joint Committee on Health Care Financing,"Virtual Hearing, 24 Beacon Street, Boston",Completed,22,3831
192,2021-07-20 11:00,J39,Joint Committee on Ways and Means,"A-2, 24 Beacon Street, Boston",Completed,0,3866
192,2021-07-20 11:00,S64,Senate Committee on Reimagining Massachusetts Post-Pandemic Resiliency,"Virtual Hearing, 24 Beacon Street, Boston",Completed,0,3865
192,2021-07-20 16:00,SJ41,Special Joint Committee on Redistricting ,"Virtual Hearing, 24 Beacon Street, Boston",Completed,0,3857
192,2021-07-20 18:00,SJ41,Special Joint Committee on Redistricting ,"Virtual Hearing, 24 Beacon Street, Boston",Completed,0,3858
192,2021-07-21 10:00,J22,Joint Committee on Public Safety and Homeland Security,"Virtual Hearing, 24 Beacon Street, Boston",Completed,35,3848
192,2021-07-21 13:00,J23,Joint Committee on Public Service,"Virtual Hearing, 24 Beacon Street, Boston",Completed,33,3758
192,2021-07-21 13:00,J35,Joint Committee on Covid-19 and Emergency Preparedness and Management,"Virtual Hearing, 24 Beacon Street, Boston",Completed,0,3845
192,2021-07-22 14:00,J27,Joint Committee on Transportation,"Virtual Hearing, 24 Beacon Street, Boston",Completed,22,3875
192,2021-07-22 15:00,J26,Joint Committee on Revenue,"Written Testimony Only, 24 Beacon Street, Boston",Completed,41,3883
192,2021-07-23 10:00,J35,Joint Committee on Covid-19 and Emergency Preparedness and Management,"Virtual Hearing, 24 Beacon Street, Boston",Completed,0,3846
192,2021-07-23 10:00,J37,"Joint Committee on Telecommunications, Utilities and Energy","Virtual Hearing, 24 Beacon Street, Boston",Completed,27,3877
192,2021-07-23 12:00,SJ41,Special Joint Committee on Redistricting ,"Virtual Hearing, 24 Beacon Street, Boston",Completed,0,3859
192,2021-07-26 10:00,S51,Senate Committee on Global Warming and Climate Change,"Virtual Hearing, 24 Beacon Street, Boston",Completed,0,3886
192,2021-07-26 11:00,J16,Joint Committee on Public Health,"Museum of Science, Boston",Completed,0,3890
192,2021-07-26 13:00,J17,Joint Committee on Consumer Protection and Professional Licensure,"Virtual Hearing, 24 Beacon Street, Boston",Completed,24,3885
192,2021-07-26 14:00,SJ41,Special Joint Committee on Redistricting ,"Virtual Hearing, 24 Beacon Street, Boston",Completed,0,3860
192,2021-07-26 17:00,SJ41,Special Joint Committee on Redistricting ,"Virtual Hearing, 24 Beacon Street, Boston",Completed,0,3861
192,2021-07-27 10:00,J19,Joint Committee on the Judiciary,"Virtual Hearing, 24 Beacon Street, Boston",Completed,62,3888
192,2021-07-27 10:30,J43,Joint Committee on Labor and Workforce Development,"Virtual Hearing, 24 Beacon Street, Boston",Completed,28,3874
192,2021-07-27 11:00,J10,Joint Committee on Municipalities and Regional Government,"Virtual Hearing, 24 Beacon Street, Boston",Completed,48,3873
192,2021-07-27 11:00,J11,Joint Committee on Financial Services,"Virtual Hearing, 24 Beacon Street, Boston",Completed,24,3871
192,2021-07-27 11:00,J39,Joint Committee on Ways and Means,"Virtual Hearing, 24 Beacon Street, Boston",Completed,0,3867
192,2021-07-27 12:00,SJ41,Special Joint Committee on Redistricting ,"Virtual Hearing, 24 Beacon Street, Boston",Completed,0,3862
192,2021-07-27 14:00,SJ41,Special Joint Committee on Redistricting ,"Virtual Hearing, 24 Beacon Street, Boston",Completed,0,3863
192,2021-07-27 16:00,SJ41,Special Joint Committee on Redistricting ,"Virtual Hearing, 24 Beacon Street, Boston",Completed,0,3864
192,2021-07-28 09:30,J23,Joint Committee on Public Service,"Virtual Hearing, 24 Beacon Street, Boston",Completed,32,3884
192,2021-07-28 10:00,J37,"Joint Committee on Telecommunications, Utilities and Energy","Virtual Hearing, 24 Beacon Street, Boston",Completed,26,3891
192,2021-07-28 11:00,J28,Joint Committee on Housing,"Virtual Hearing, 24 Beacon Street, Boston",Completed,19,3881
192,2021-07-28 14:00,J27,Joint Committee on Transportation,"Virtual Hearing, 24 Beacon Street, Boston",Completed,20,3876
192,2021-07-29 16:00,J16,Joint Committee on Public Health,"Zoom/YouTube, Boston",Canceled,0,3895
192,2021-07-29 17:00,SJ41,Special Joint Committee on Redistricting ,"Virtual Hearing, 24 Beacon Street, Boston",Completed,0,3855
192,2021-07-30 10:00,J37,"Joint Committee on Telecommunications, Utilities and Energy","Virtual Hearing, 24 Beacon Street, Boston",Completed,1,3894
192,2021-08-02 12:00,J32,"Joint Committee on Bonding, Capital Expenditures and State Assets","Written Testimony Only, 24 Beacon Street, Boston",Completed,1,3899
192,2021-08-02 13:00,J17,Joint Committee on Consumer Protection and Professional Licensure,"Virtual Hearing, 24 Beacon Street, Boston",Completed,26,3897
192,2021-08-03 10:00,J19,Joint Committee on the Judiciary,"Virtual Hearing, 24 Beacon Street, Boston",Completed,50,3898
192,2021-08-12 13:00,J28,Joint Committee on Housing,"Virtual Hearing, 24 Beacon Street, Boston",Completed,2,3903
192,2021-08-30 13:00,J17,Joint Committee on Consumer Protection and Professional Licensure,"Virtual Hearing, 24 Beacon Street, Boston",Completed,27,3910
192,2021-09-01 10:00,J13,"Joint Committee on Children, Families and Persons with Disabilities","Virtual Hearing, 24 Beacon Street, Boston",Completed,12,3908
192,2021-09-01 13:00,J23,Joint Committee on Public Service,"Virtual Hearing, 24 Beacon Street, Boston",Completed,35,3911
192,2021-09-07 11:00,J31,Joint Committee on Veterans and Federal Affairs,"A-2, 24 Beacon Street, Boston",Canceled,12,3926
192,2021-09-07 11:00,J31,Joint Committee on Veterans and Federal Affairs,"Virtual Hearing, 24 Beacon Street, Boston",Completed,12,3927
192,2021-09-08 13:00,J33,"Joint Committee on Advanced Information Technology, the Internet and Cybersecurity","Virtual Hearing, 24 Beacon Street, Boston",Completed,0,3929
192,2021-09-09 11:30,J39,Joint Committee on Ways and Means,"Virtual Hearing, 24 Beacon Street, Boston",Completed,0,3928
192,2021-09-13 11:00,J14,Joint Committee on Education,"Virtual Hearing, 24 Beacon Street, Boston",Completed,44,3933
192,2021-09-13 13:00,J17,Joint Committee on Consumer Protection and Professional Licensure,"Virtual Hearing, 24 Beacon Street, Boston",Completed,23,3940
192,2021-09-13 13:30,J37,"Joint Committee on Telecommunications, Utilities and Energy","Virtual Hearing, 24 Beacon Street, Boston",Completed,16,3942
192,2021-09-14 10:30,J25,Joint Committee on State Administration and Regulatory Oversight,"Virtual Hearing, 24 Beacon Street, Boston",Completed,46,3921
192,2021-09-14 10:30,J43,Joint Committee on Labor and Workforce Development,"Virtual Hearing, 24 Beacon Street, Boston",Completed,8,3920
192,2021-09-14 11:00,J10,Joint Committee on Municipalities and Regional Government,"Virtual Hearing, 24 Beacon Street, Boston",Completed,38,3932
192,2021-09-14 11:00,J24,Joint Committee on Health Care Financing,"Virtual Hearing, 24 Beacon Street, Boston",Completed,25,3915
192,2021-09-14 13:00,J12,Joint Committee on Economic Development and Emerging Technologies,"Virtual Hearing, 24 Beacon Street, Boston",Completed,11,3952
192,2021-09-14 13:30,J25,Joint Committee on State Administration and Regulatory Oversight,"Virtual Hearing, 24 Beacon Street, Boston",Completed,5,3958
192,2021-09-15 10:00,J11,Joint Committee on Financial Services,"Virtual Hearing, 24 Beacon Street, Boston",Completed,25,3914
192,2021-09-15 10:00,J13,"Joint Committee on Children, Families and Persons with Disabilities","Virtual Hearing, 24 Beacon Street, Boston",Completed,17,3916
192,2021-09-15 10:00,J19,Joint Committee on the Judiciary,"Virtual Hearing, 24 Beacon Street, Boston",Completed,48,3953
192,2021-09-15 11:00,J28,Joint Committee on Housing,"Virtual Hearing, 24 Beacon Street, Boston",Completed,21,3931
192,2021-09-15 12:00,J15,Joint Committee on Election Laws,"Virtual Hearing, 24 Beacon Street, Boston",Completed,40,3957
192,2021-09-20 11:00,J14,Joint Committee on Education,"Virtual Hearing, 24 Beacon Street, Boston",Completed,25,3963
192,2021-09-20 13:00,J17,Joint Committee on Consumer Protection and Professional Licensure,"Virtual Hearing, 24 Beacon Street, Boston",Completed,22,3965
192,2021-09-21 10:00,J11,Joint Committee on Financial Services,"Virtual Hearing, 24 Beacon Street, Boston",Completed,24,3966
192,2021-09-21 10:00,J23,Joint Committee on Public Service,"Virtual Hearing, 24 Beacon Street, Boston",Completed,40,3964
192,2021-09-21 11:00,J39,Joint Committee on Ways and Means,"Virtual Hearing, 24 Beacon Street, Boston",Completed,0,3930
192,2021-09-21 13:00,J44,Joint Committee on Elder Affairs,"Virtual Hearing, 24 Beacon Street, Boston",Completed,8,3954
192,2021-09-22 10:30,J25,Joint Committee on State Administration and Regulatory Oversight,"Virtual Hearing, 24 Beacon Street, Boston",Completed,36,3949
192,2021-09-22 12:00,J28,Joint Committee on Housing,"Written Testimony Only, 24 Beacon Street, Boston",Canceled,0,3982
192,2021-09-22 12:00,J28,Joint Committee on Housing,"Written Testimony Only, 24 Beacon Street, Boston",Completed,1,3983
192,2021-09-22 14:00,J21,"Joint Committee on Environment, Natural Resources and Agriculture","Virtual Hearing, 24 Beacon Street, Boston",Completed,26,3956
192,2021-09-23 11:00,J19,Joint Committee on the Judiciary,"Virtual Hearing, 24 Beacon Street, Boston",Completed,52,3975
192,2021-09-24 11:00,J31,Joint Committee on Veterans and Federal Affairs,"Virtual Hearing, 24 Beacon Street, Boston",Completed,47,3959
192,2021-09-27 09:00,J18,"Joint Committee on Mental Health, Substance Use and Recovery","Virtual Hearing, 24 Beacon Street, Boston",Completed,5,3887
192,2021-09-27 13:00,J17,Joint Committee on Consumer Protection and Professional Licensure,"Virtual Hearing, 24 Beacon Street, Boston",Completed,4,3985
192,2021-09-27 13:00,J44,Joint Committee on Elder Affairs,"Virtual Hearing, 24 Beacon Street, Boston",Completed,16,3973
192,2021-09-28 10:00,J23,Joint Committee on Public Service,"Virtual Hearing, 24 Beacon Street, Boston",Completed,51,3972
192,2021-09-28 10:30,J25,Joint Committee on State Administration and Regulatory Oversight,"Virtual Hearing, 24 Beacon Street, Boston",Completed,7,3974
192,2021-09-28 10:30,J43,Joint Committee on Labor and Workforce Development,"Virtual Hearing, 24 Beacon Street, Boston",Completed,13,3967
192,2021-09-28 11:00,J24,Joint Committee on Health Care Financing,"Virtual Hearing, 24 Beacon Street, Boston",Completed,25,3962
192,2021-09-28 11:00,J30,"Joint Committee on Tourism, Arts and Cultural Development","Virtual Hearing, 24 Beacon Street, Boston",Completed,3,3984
192,2021-09-28 12:00,J10,Joint Committee on Municipalities and Regional Government,"Virtual Hearing, 24 Beacon Street, Boston",Completed,40,3986
192,2021-09-29 09:00,J37,"Joint Committee on Telecommunications, Utilities and Energy","Virtual Hearing, 24 Beacon Street, Boston",Completed,19,3988
192,2021-09-29 10:00,J13,"Joint Committee on Children, Families and Persons with Disabilities","Virtual Hearing, 24 Beacon Street, Boston",Completed,20,3970
192,2021-09-29 11:00,J31,Joint Committee on Veterans and Federal Affairs,"Virtual Hearing, 24 Beacon Street, Boston",Completed,0,3993
192,2021-10-01 09:00,J16,Joint Committee on Public Health,"Virtual Hearing, 24 Beacon Street, Boston",Completed,2,3976
192,2021-10-01 09:00,J16,Joint Committee on Public Health,"Microsoft Teams, Boston",Canceled,0,4006
192,2021-10-01 11:00,J39,Joint Committee on Ways and Means,"Virtual Hearing, 24 Beacon Street, Boston",Completed,0,3978
192,2021-10-04 10:00,S51,Senate Committee on Global Warming and Climate Change,"Virtual Hearing, 24 Beacon Street, Boston",Completed,0,4001
192,2021-10-04 12:00,J17,Joint Committee on Consumer Protection and Professional Licensure,"Virtual Hearing, 24 Beacon Street, Boston",Completed,16,3996
192,2021-10-04 13:00,J18,"Joint Committee on Mental Health, Substance Use and Recovery","Virtual Hearing, 24 Beacon Street, Boston",Completed,21,3945
192,2021-10-05 10:00,J19,Joint Committee on the Judiciary,"Virtual Hearing, 24 Beacon Street, Boston",Completed,53,4000
192,2021-10-05 11:00,J12,Joint Committee on Economic Development and Emerging Technologies,"Virtual Hearing, 24 Beacon Street, Boston",Completed,21,3999
192,2021-10-05 11:00,J39,Joint Committee on Ways and Means,"Virtual Hearing, 24 Beacon Street, Boston",Completed,0,3994
192,2021-10-06 10:00,J15,Joint Committee on Election Laws,"Virtual Hearing, 24 Beacon Street, Boston",Completed,9,4008
192,2021-10-06 11:00,J11,Joint Committee on Financial Services,"Virtual Hearing, 24 Beacon Street, Boston",Completed,4,3991
192,2021-10-07 09:00,J16,Joint Committee on Public Health,"Virtual Hearing, 24 Beacon Street, Boston",Completed,32,4009
192,2021-10-07 10:00,J29,Joint Committee on Higher Education,"Virtual Hearing, 24 Beacon Street, Boston",Completed,8,3955
192,2021-10-07 10:00,J30,"Joint Committee on Tourism, Arts and Cultural Development","Virtual Hearing, 24 Beacon Street, Boston",Completed,16,4002
192,2021-10-12 10:00,J19,Joint Committee on the Judiciary,"Virtual Hearing, 24 Beacon Street, Boston",Completed,58,4018
192,2021-10-12 11:00,J11,Joint Committee on Financial Services,"Virtual Hearing, 24 Beacon Street, Boston",Completed,42,3998
192,2021-10-12 11:00,J28,Joint Committee on Housing,"Virtual Hearing, 24 Beacon Street, Boston",Completed,35,4003
192,2021-10-12 13:00,SJ41,Special Joint Committee on Redistricting ,"Virtual Hearing, 24 Beacon Street, Boston",Completed,0,4024
192,2021-10-13 11:00,J22,Joint Committee on Public Safety and Homeland Security,"Virtual Hearing, 24 Beacon Street, Boston",Completed,20,3969
192,2021-10-13 13:00,J33,"Joint Committee on Advanced Information Technology, the Internet and Cybersecurity","Virtual Hearing, 24 Beacon Street, Boston",Completed,40,4007
192,2021-10-13 14:00,J21,"Joint Committee on Environment, Natural Resources and Agriculture","Virtual Hearing, 24 Beacon Street, Boston",Completed,28,3997
192,2021-10-14 10:00,J27,Joint Committee on Transportation,"Virtual Hearing, 24 Beacon Street, Boston",Completed,29,4020
192,2021-10-15 10:00,J13,"Joint Committee on Children, Families and Persons with Disabilities","Virtual Hearing, 24 Beacon Street, Boston",Completed,17,4022
192,2021-10-15 10:00,J16,Joint Committee on Public Health,"Virtual Hearing, 24 Beacon Street, Boston",Completed,67,4016
192,2021-10-15 13:00,SJ41,Special Joint Committee on Redistricting ,"Virtual Hearing, 24 Beacon Street, Boston",Completed,0,4028
192,2021-10-18 10:00,J26,Joint Committee on Revenue,"Virtual Hearing, 24 Beacon Street, Boston",Completed,38,4029
192,2021-10-18 11:00,J14,Joint Committee on Education,"Virtual Hearing, 24 Beacon Street, Boston",Completed,38,4023
192,2021-10-19 10:00,J23,Joint Committee on Public Service,"Virtual Hearing, 24 Beacon Street, Boston",Completed,50,4014
192,2021-10-19 10:30,J25,Joint Committee on State Administration and Regulatory Oversight,"Virtual Hearing, 24 Beacon Street, Boston",Completed,43,4019
192,2021-10-19 10:30,J43,Joint Committee on Labor and Workforce Development,"Virtual Hearing, 24 Beacon Street, Boston",Completed,34,4017
192,2021-10-19 11:00,J10,Joint Committee on Municipalities and Regional Government,"Virtual Hearing, 24 Beacon Street, Boston",Completed,42,4021
192,2021-10-19 11:00,J24,Joint Committee on Health Care Financing,"Virtual Hearing, 24 Beacon Street, Boston",Completed,17,4011
192,2021-10-20 11:00,J11,Joint Committee on Financial Services,"Virtual Hearing, 24 Beacon Street, Boston",Completed,60,4025
192,2021-10-20 13:00,J15,Joint Committee on Election Laws,"Virtual Hearing, 24 Beacon Street, Boston",Completed,56,4037
192,2021-10-21 10:00,J16,Joint Committee on Public Health,"Virtual Hearing, 24 Beacon Street, Boston",Completed,0,4052
192,2021-10-21 10:00,J22,Joint Committee on Public Safety and Homeland Security,"Virtual Hearing, 24 Beacon Street, Boston",Completed,43,3990
192,2021-10-22 10:00,J37,"Joint Committee on Telecommunications, Utilities and Energy","Virtual Hearing, 24 Beacon Street, Boston",Completed,24,4038
192,2021-10-25 13:00,J18,"Joint Committee on Mental Health, Substance Use and Recovery","Virtual Hearing, 24 Beacon Street, Boston",Completed,18,3950
192,2021-10-26 10:00,J23,Joint Committee on Public Service,"Virtual Hearing, 24 Beacon Street, Boston",Completed,64,4041
192,2021-10-26 10:00,J30,"Joint Committee on Tourism, Arts and Cultural Development","Virtual Hearing, 24 Beacon Street, Boston",Completed,8,4047
192,2021-10-26 10:30,J25,Joint Committee on State Administration and Regulatory Oversight,"Virtual Hearing, 24 Beacon Street, Boston",Completed,26,4035
192,2021-10-26 11:00,J11,Joint Committee on Financial Services,"Virtual Hearing, 24 Beacon Street, Boston",Completed,49,4034
192,2021-10-26 11:00,J24,Joint Committee on Health Care Financing,"Virtual Hearing, 24 Beacon Street, Boston",Completed,7,4036
192,2021-10-26 11:00,J28,Joint Committee on Housing,"Virtual Hearing, 24 Beacon Street, Boston",Completed,24,4045
192,2021-10-27 13:00,J33,"Joint Committee on Advanced Information Technology, the Internet and Cybersecurity","Virtual Hearing, 24 Beacon Street, Boston",Completed,22,4042
192,2021-10-27 14:00,J21,"Joint Committee on Environment, Natural Resources and Agriculture","Virtual Hearing, 24 Beacon Street, Boston",Completed,29,3701
192,2021-10-28 09:00,J16,Joint Committee on Public Health,"Virtual Hearing, 24 Beacon Street, Boston",Completed,24,4043
192,2021-10-28 10:00,J18,"Joint Committee on Mental Health, Substance Use and Recovery","Virtual Hearing, 24 Beacon Street, Boston",Completed,0,4055
192,2021-10-29 09:00,J16,Joint Committee on Public Health,"Virtual Hearing, 24 Beacon Street, Boston",Completed,35,4056
192,2021-10-29 10:00,J13,"Joint Committee on Children, Families and Persons with Disabilities","Virtual Hearing, 24 Beacon Street, Boston",Completed,16,4049
192,2021-10-29 10:00,J19,Joint Committee on the Judiciary,"Virtual Hearing, 24 Beacon Street, Boston",Completed,61,4057
192,2021-11-01 11:00,J22,Joint Committee on Public Safety and Homeland Security,"Virtual Hearing, 24 Beacon Street, Boston",Completed,39,4054
192,2021-11-01 13:00,J17,Joint Committee on Consumer Protection and Professional Licensure,"Virtual Hearing, 24 Beacon Street, Boston",Completed,0,4040
192,2021-11-02 11:00,J28,Joint Committee on Housing,"Virtual Hearing, 24 Beacon Street, Boston",Canceled,9,4061
192,2021-11-02 11:00,J28,Joint Committee on Housing,"Virtual Hearing, 24 Beacon Street, Boston",Completed,10,4062
192,2021-11-02 13:00,J37,"Joint Committee on Telecommunications, Utilities and Energy","Virtual Hearing, 24 Beacon Street, Boston",Completed,29,4065
192,2021-11-03 09:00,J16,Joint Committee on Public Health,"Virtual Hearing, 24 Beacon Street, Boston",Completed,27,4067
192,2021-11-03 14:00,J21,"Joint Committee on Environment, Natural Resources and Agriculture","Virtual Hearing, 24 Beacon Street, Boston",Completed,27,4063
192,2021-11-08 09:30,S51,Senate Committee on Global Warming and Climate Change,"Virtual Hearing, 24 Beacon Street, Boston",Completed,0,4081
192,2021-11-08 13:00,J17,Joint Committee on Consumer Protection and Professional Licensure,"Virtual Hearing, 24 Beacon Street, Boston",Completed,13,4074
192,2021-11-08 13:00,J18,"Joint Committee on Mental Health, Substance Use and Recovery","Virtual Hearing, 24 Beacon Street, Boston",Completed,14,3951
192,2021-11-09 10:00,J19,Joint Committee on the Judiciary,"Virtual Hearing, 24 Beacon Street, Boston",Completed,60,4082
192,2021-11-09 10:30,J43,Joint Committee on Labor and Workforce Development,"Virtual Hearing, 24 Beacon Street, Boston",Completed,23,4069
192,2021-11-09 11:00,J11,Joint Committee on Financial Services,"Virtual Hearing, 24 Beacon Street, Boston",Completed,42,4064
192,2021-11-09 11:00,J12,Joint Committee on Economic Development and Emerging Technologies,"Virtual Hearing, 24 Beacon Street, Boston",Completed,14,4080
192,2021-11-09 11:00,J24,Joint Committee on Health Care Financing,"Virtual Hearing, 24 Beacon Street, Boston",Completed,15,4070
192,2021-11-09 11:00,J28,Joint Committee on Housing,"Virtual Hearing, 24 Beacon Street, Boston",Completed,21,4077
192,2021-11-09 11:00,SJ41,Special Joint Committee on Redistricting ,"Virtual Hearing, 24 Beacon Street, Boston",Completed,0,4078
192,2021-11-10 09:00,J16,Joint Committee on Public Health,"Virtual Hearing, 24 Beacon Street, Boston",Completed,19,4075
192,2021-11-10 10:30,J25,Joint Committee on State Administration and Regulatory Oversight,"Virtual Hearing, 24 Beacon Street, Boston",Completed,53,4071
192,2021-11-12 09:00,J31,Joint Committee on Veterans and Federal Affairs,"Virtual Hearing, 24 Beacon Street, Boston",Canceled,0,4092
192,2021-11-12 09:00,J31,Joint Committee on Veterans and Federal Affairs,"Virtual Hearing, 24 Beacon Street, Boston",Canceled,1,4093
192,2021-11-15 09:00,J16,Joint Committee on Public Health,"Virtual Hearing, 24 Beacon Street, Boston",Completed,31,4076
192,2021-11-15 13:00,J13,"Joint Committee on Children, Families and Persons with Disabilities","Virtual Hearing, 24 Beacon Street, Boston",Completed,14,4079
192,2021-11-16 10:00,J19,Joint Committee on the Judiciary,"Virtual Hearing, 24 Beacon Street, Boston",Completed,34,4090
192,2021-11-16 10:00,J23,Joint Committee on Public Service,"Virtual Hearing, 24 Beacon Street, Boston",Completed,37,4073
192,2021-11-16 11:00,J22,Joint Committee on Public Safety and Homeland Security,"Virtual Hearing, 24 Beacon Street, Boston",Completed,55,4083
192,2021-11-17 14:00,J21,"Joint Committee on Environment, Natural Resources and Agriculture","Virtual Hearing, 24 Beacon Street, Boston",Completed,27,4088
192,2021-11-18 10:30,J25,Joint Committee on State Administration and Regulatory Oversight,"Virtual Hearing, 24 Beacon Street, Boston",Completed,1,4098
192,2021-11-19 11:00,J30,"Joint Committee on Tourism, Arts and Cultural Development","Virtual Hearing, 24 Beacon Street, Boston",Completed,3,4084
192,2021-11-19 11:00,J31,Joint Committee on Veterans and Federal Affairs,"A-2, 24 Beacon Street, Boston",Completed,2,4097
192,2021-11-22 10:00,J13,"Joint Committee on Children, Families and Persons with Disabilities","Virtual Hearing, 24 Beacon Street, Boston",Completed,10,4096
192,2021-11-22 13:00,J18,"Joint Committee on Mental Health, Substance Use and Recovery","Virtual Hearing, 24 Beacon Street, Boston",Completed,4,4046
192,2021-11-23 10:00,J19,Joint Committee on the Judiciary,"Virtual Hearing, 24 Beacon Street, Boston",Completed,63,4100
192,2021-11-23 11:00,J14,Joint Committee on Education,"Virtual Hearing, 24 Beacon Street, Boston",Completed,28,4095
192,2021-11-23 11:00,J47,Joint Committee on Community Development and Small Businesses,"Virtual Hearing, 24 Beacon Street, Boston",Completed,14,4085
192,2021-11-30 13:00,J27,Joint Committee on Transportation,"Virtual Hearing, 24 Beacon Street, Boston",Completed,10,4105
192,2021-11-30 13:00,J31,Joint Committee on Veterans and Federal Affairs,"Virtual Hearing, 24 Beacon Street, Boston",Completed,21,4107
192,2021-12-01 11:00,J22,Joint Committee on Public Safety and Homeland Security,"Virtual Hearing, 24 Beacon Street, Boston",Completed,4,4104
192,2021-12-01 13:00,J50,Joint Committee on Cannabis Policy,"Virtual Hearing, 24 Beacon Street, Boston",Completed,29,4102
192,2021-12-06 10:00,J13,"Joint Committee on Children, Families and Persons with Disabilities","Virtual Hearing, 24 Beacon Street, Boston",Completed,16,4110
192,2021-12-07 10:00,J19,Joint Committee on the Judiciary,"Virtual Hearing, 24 Beacon Street, Boston",Completed,75,4115
192,2021-12-07 13:00,J21,"Joint Committee on Environment, Natural Resources and Agriculture","Virtual Hearing, 24 Beacon Street, Boston",Completed,34,4112
192,2021-12-07 13:00,J37,"Joint Committee on Telecommunications, Utilities and Energy","Virtual Hearing, 24 Beacon Street, Boston",Completed,27,4118
192,2021-12-07 14:00,J47,Joint Committee on Community Development and Small Businesses,"Virtual Hearing, 24 Beacon Street, Boston",Completed,9,4116
192,2021-12-09 11:00,J11,Joint Committee on Financial Services,"Virtual Hearing, 24 Beacon Street, Boston",Completed,47,4111
192,2021-12-10 13:00,S48,Senate Committee on Post Audit and Oversight,"A-2, 24 Beacon Street, Boston",Completed,0,4114
192,2021-12-13 10:00,J26,Joint Committee on Revenue,"Written Testimony Only, 24 Beacon Street, Boston",Completed,102,4122
192,2021-12-13 12:00,J17,Joint Committee on Consumer Protection and Professional Licensure,"Virtual Hearing, 24 Beacon Street, Boston",Completed,4,4120
192,2021-12-13 15:00,J27,Joint Committee on Transportation,"Virtual Hearing, 24 Beacon Street, Boston",Completed,36,4121
192,2021-12-14 10:00,J19,Joint Committee on the Judiciary,"Virtual Hearing, 24 Beacon Street, Boston",Completed,61,4125
192,2021-12-14 13:00,J21,"Joint Committee on Environment, Natural Resources and Agriculture","Virtual Hearing, 24 Beacon Street, Boston",Completed,34,4126
192,2021-12-14 13:30,J37,"Joint Committee on Telecommunications, Utilities and Energy","Virtual Hearing, 24 Beacon Street, Boston",Completed,28,4130
192,2021-12-16 10:00,J35,Joint Committee on Covid-19 and Emergency Preparedness and Management,"Virtual Hearing, 24 Beacon Street, Boston",Completed,0,4127
192,2021-12-22 10:00,J26,Joint Committee on Revenue,"Virtual Hearing, 24 Beacon Street, Boston",Completed,143,4134
192,2021-12-28 10:00,J26,Joint Committee on Revenue,"Virtual Hearing, 24 Beacon Street, Boston",Completed,48,4135
192,2022-01-04 10:00,J23,Joint Committee on Public Service,"Virtual Hearing, 24 Beacon Street, Boston",Completed,12,4144
192,2022-01-04 10:00,J26,Joint Committee on Revenue,"Virtual Hearing, 24 Beacon Street, Boston",Completed,47,4136
192,2022-01-04 11:00,J14,Joint Committee on Education,"Virtual Hearing, 24 Beacon Street, Boston",Completed,21,4149
192,2022-01-04 13:00,J13,"Joint Committee on Children, Families and Persons with Disabilities","Virtual Hearing, 24 Beacon Street, Boston",Completed,13,4146
192,2022-01-04 13:00,J21,"Joint Committee on Environment, Natural Resources and Agriculture","Virtual Hearing, 24 Beacon Street, Boston",Completed,37,4147
192,2022-01-07 11:00,J31,Joint Committee on Veterans and Federal Affairs,"Virtual Hearing, 24 Beacon Street, Boston",Completed,27,4150
192,2022-01-10 11:00,J31,Joint Committee on Veterans and Federal Affairs,"Virtual Hearing, 24 Beacon Street, Boston",Completed,3,4152
192,2022-01-10 13:00,J17,Joint Committee on Consumer Protection and Professional Licensure,"Virtual Hearing, 24 Beacon Street, Boston",Canceled,12,4151
192,2022-01-10 13:00,J17,Joint Committee on Consumer Protection and Professional Licensure,"Virtual Hearing, 24 Beacon Street, Boston",Completed,13,4153
192,2022-01-10 14:00,J27,Joint Committee on Transportation,"Virtual Hearing, 24 Beacon Street, Boston",Completed,55,4157
192,2022-01-11 11:00,J28,Joint Committee on Housing,"Virtual Hearing, 24 Beacon Street, Boston",Completed,20,4155
192,2022-01-11 11:30,J37,"Joint Committee on Telecommunications, Utilities and Energy","Virtual Hearing, 24 Beacon Street, Boston",Completed,34,4158
192,2022-01-11 12:45,J35,Joint Committee on Covid-19 and Emergency Preparedness and Management,"Virtual Hearing, 24 Beacon Street, Boston",Completed,0,4160
192,2022-01-12 10:00,J26,Joint Committee on Revenue,"Virtual Hearing, 24 Beacon Street, Boston",Completed,52,4137
192,2022-01-18 11:00,J10,Joint Committee on Municipalities and Regional Government,"Virtual Hearing, 24 Beacon Street, Boston",Completed,15,4156
192,2022-01-18 13:00,J13,"Joint Committee on Children, Families and Persons with Disabilities","Virtual Hearing, 24 Beacon Street, Boston",Completed,14,4159
192,2022-01-18 14:00,J27,Joint Committee on Transportation,"Virtual Hearing, 24 Beacon Street, Boston",Completed,58,4161
192,2022-01-19 10:00,J37,"Joint Committee on Telecommunications, Utilities and Energy","Virtual Hearing, 24 Beacon Street, Boston",Completed,9,4169
192,2022-01-19 13:00,J15,Joint Committee on Election Laws,"Virtual Hearing, 24 Beacon Street, Boston",Completed,6,4171
192,2022-01-19 15:00,J27,Joint Committee on Transportation,"Virtual Hearing, 24 Beacon Street, Boston",Completed,62,4162
192,2022-01-21 12:00,J26,Joint Committee on Revenue,"Virtual Hearing, 24 Beacon Street, Boston",Completed,66,4138
192,2022-01-25 09:00,J23,Joint Committee on Public Service,"Written Testimony Only, 24 Beacon Street, Boston",Completed,2,4178
192,2022-01-25 10:00,J19,Joint Committee on the Judiciary,"Virtual Hearing, 24 Beacon Street, Boston",Completed,7,4175
192,2022-01-25 12:00,J26,Joint Committee on Revenue,"Virtual Hearing, 24 Beacon Street, Boston",Completed,52,4139
192,2022-01-25 15:00,J27,Joint Committee on Transportation,"Virtual Hearing, 24 Beacon Street, Boston",Completed,86,4177
192,2022-01-26 11:00,J22,Joint Committee on Public Safety and Homeland Security,"Virtual Hearing, 24 Beacon Street, Boston",Canceled,16,4154
192,2022-01-26 11:00,J22,Joint Committee on Public Safety and Homeland Security,"Virtual Hearing, 24 Beacon Street, Boston",Completed,17,4179
192,2022-01-27 10:00,J13,"Joint Committee on Children, Families and Persons with Disabilities","Virtual Hearing, 24 Beacon Street, Boston",Completed,1,4182
192,2022-01-27 12:00,J16,Joint Committee on Public Health,"Written Testimony Only, 24 Beacon Street, Boston",Completed,4,4187
192,2022-01-28 09:00,J12,Joint Committee on Economic Development and Emerging Technologies,"Written Testimony Only, 24 Beacon Street, Boston",Completed,1,4185
192,2022-01-28 13:00,J26,Joint Committee on Revenue,"Virtual Hearing, 24 Beacon Street, Boston",Completed,58,4164
192,2022-01-31 11:00,J25,Joint Committee on State Administration and Regulatory Oversight,"Virtual Hearing, 24 Beacon Street, Boston",Completed,5,4190
192,2022-01-31 13:00,J17,Joint Committee on Consumer Protection and Professional Licensure,"Virtual Hearing, 24 Beacon Street, Boston",Completed,3,4183
192,2022-02-03 09:00,J21,"Joint Committee on Environment, Natural Resources and Agriculture","Written Testimony Only, 24 Beacon Street, Boston",Completed,2,4195
192,2022-02-03 13:00,J43,Joint Committee on Labor and Workforce Development,"Virtual Hearing, 24 Beacon Street, Boston",Completed,0,4193
192,2022-02-07 13:00,J32,"Joint Committee on Bonding, Capital Expenditures and State Assets","Virtual Hearing, 24 Beacon Street, Boston",Completed,1,4191
192,2022-02-08 10:00,J39,Joint Committee on Ways and Means,"A-2, 24 Beacon Street, Boston",Completed,0,4173
192,2022-02-11 09:00,J23,Joint Committee on Public Service,"Written Testimony Only, 24 Beacon Street, Boston",Completed,8,4196
192,2022-02-15 10:00,J39,Joint Committee on Ways and Means,"Virtual Hearing, 24 Beacon Street, Boston",Completed,0,4204
192,2022-02-15 11:00,J19,Joint Committee on the Judiciary,"Virtual Hearing, 24 Beacon Street, Boston",Completed,5,4199
192,2022-02-15 12:00,S51,Senate Committee on Global Warming and Climate Change,"Virtual Hearing, 24 Beacon Street, Boston",Completed,0,4200
192,2022-02-17 10:00,J12,Joint Committee on Economic Development and Emerging Technologies,"Written Testimony Only, 24 Beacon Street, Boston",Completed,1,4207
192,2022-02-18 11:00,J25,Joint Committee on State Administration and Regulatory Oversight,"Virtual Hearing, 24 Beacon Street, Boston",Completed,3,4202
192,2022-02-18 12:00,J25,Joint Committee on State Administration and Regulatory Oversight,"Virtual Hearing, 24 Beacon Street, Boston",Completed,0,4203
192,2022-02-22 13:00,J26,Joint Committee on Revenue,"Virtual Hearing, 24 Beacon Street, Boston",Completed,2,4197
192,2022-02-23 11:00,J28,Joint Committee on Housing,"Written Testimony Only, 24 Beacon Street, Boston",Completed,1,4211
192,2022-03-01 11:00,J39,Joint Committee on Ways and Means,"Virtual Hearing, 24 Beacon Street, Boston",Completed,0,4213
192,2022-03-04 09:00,J23,Joint Committee on Public Service,"Written Testimony Only, 24 Beacon Street, Boston",Completed,2,4214
192,2022-03-04 10:00,J12,Joint Committee on Economic Development and Emerging Technologies,"Written Testimony Only, 24 Beacon Street, Boston",Completed,1,4218
192,2022-03-04 16:00,J37,"Joint Committee on Telecommunications, Utilities and Energy","Written Testimony Only, 24 Beacon Street, Boston",Completed,2,4215
192,2022-03-07 10:00,J39,Joint Committee on Ways and Means,"Virtual Hearing, 24 Beacon Street, Boston",Completed,0,4201
192,2022-03-08 10:00,J35,Joint Committee on Covid-19 and Emergency Preparedness and Management,"Written Testimony Only, 24 Beacon Street, Boston",Completed,1,4229
192,2022-03-08 14:00,J25,Joint Committee on State Administration and Regulatory Oversight,"Virtual Hearing, 24 Beacon Street, Boston",Completed,2,4224
192,2022-03-08 15:00,J25,Joint Committee on State Administration and Regulatory Oversight,"Virtual Hearing, 24 Beacon Street, Boston",Completed,0,4227
192,2022-03-09 12:00,J27,Joint Committee on Transportation,"Virtual Hearing, 24 Beacon Street, Boston",Completed,8,4223
192,2022-03-09 14:00,J22,Joint Committee on Public Safety and Homeland Security,"Virtual Hearing, 24 Beacon Street, Boston",Completed,2,4221
192,2022-03-11 10:00,J39,Joint Committee on Ways and Means,"Virtual Hearing, 24 Beacon Street, Boston",Completed,0,4222
192,2022-03-14 11:00,J10,Joint Committee on Municipalities and Regional Government,"Virtual Hearing, 24 Beacon Street, Boston",Completed,13,4198
192,2022-03-14 13:00,J17,Joint Committee on Consumer Protection and Professional Licensure,"Virtual Hearing, 24 Beacon Street, Boston",Completed,2,4228
192,2022-03-15 09:00,J11,Joint Committee on Financial Services,"Written Testimony Only, 24 Beacon Street, Boston",Completed,1,4226
192,2022-03-15 10:30,J25,Joint Committee on State Administration and Regulatory Oversight,"Virtual Hearing, 24 Beacon Street, Boston",Completed,1,4235
192,2022-03-15 10:35,J25,Joint Committee on State Administration and Regulatory Oversight,"Virtual Hearing, 24 Beacon Street, Boston",Completed,0,4236
192,2022-03-15 13:00,J39,Joint Committee on Ways and Means,"Virtual Hearing, 24 Beacon Street, Boston",Completed,0,4232
192,2022-03-16 12:00,J24,Joint Committee on Health Care Financing,"Virtual Hearing, 24 Beacon Street, Boston",Completed,0,4220
192,2022-03-18 16:00,J37,"Joint Committee on Telecommunications, Utilities and Energy","Written Testimony Only, 24 Beacon Street, Boston",Completed,2,4237
192,2022-03-21 09:00,J23,Joint Committee on Public Service,"Written Testimony Only, 24 Beacon Street, Boston",Completed,2,4238
192,2022-03-21 10:00,J39,Joint Committee on Ways and Means,"Virtual Hearing, 24 Beacon Street, Boston",Completed,0,4217
192,2022-03-21 12:00,J24,Joint Committee on Health Care Financing,"Virtual Hearing, 24 Beacon Street, Boston",Completed,2,4241
192,2022-03-22 13:00,J21,"Joint Committee on Environment, Natural Resources and Agriculture","Virtual Hearing, 24 Beacon Street, Boston",Completed,2,4234
192,2022-03-23 10:00,J12,Joint Committee on Economic Development and Emerging Technologies,"Written Testimony Only, 24 Beacon Street, Boston",Completed,1,4242
192,2022-03-24 20:30,J39,Joint Committee on Ways and Means,"Written Testimony Only, 24 Beacon Street, Boston",Completed,0,4250
192,2022-03-28 11:00,J32,"Joint Committee on Bonding, Capital Expenditures and State Assets","Written Testimony Only, 24 Beacon Street, Boston",Completed,1,4251
192,2022-03-29 10:00,J32,"Joint Committee on Bonding, Capital Expenditures and State Assets","Virtual Hearing, 24 Beacon Street, Boston",Completed,1,4240
192,2022-03-29 14:00,J19,Joint Committee on the Judiciary,"Virtual Hearing, 24 Beacon Street, Boston",Completed,1,4247
192,2022-03-30 13:00,J11,Joint Committee on Financial Services,"Virtual Hearing, 24 Beacon Street, Boston",Completed,2,4231
192,2022-03-30 16:00,J27,Joint Committee on Transportation,"Written Testimony Only, 24 Beacon Street, Boston",Completed,2,4245
192,2022-04-04 10:30,S51,Senate Committee on Global Warming and Climate Change,"Virtual Hearing, 24 Beacon Street, Boston",Completed,0,4249
192,2022-04-05 09:00,J23,Joint Committee on Public Service,"Written Testimony Only, 24 Beacon Street, Boston",Completed,2,4253
192,2022-04-05 13:00,J10,Joint Committee on Municipalities and Regional Government,"Virtual Hearing, 24 Beacon Street, Boston",Completed,12,4254
192,2022-04-11 09:00,J43,Joint Committee on Labor and Workforce Development,"Written Testimony Only, 24 Beacon Street, Boston",Completed,2,4261
192,2022-04-11 12:00,J24,Joint Committee on Health Care Financing,"Virtual Hearing, 24 Beacon Street, Boston",Completed,1,4257
192,2022-04-12 12:00,J16,Joint Committee on Public Health,"Written Testimony Only, 24 Beacon Street, Boston",Completed,1,4263
192,2022-04-12 13:00,J27,Joint Committee on Transportation,"Virtual Hearing, 24 Beacon Street, Boston",Completed,1,4258
192,2022-04-12 15:00,J19,Joint Committee on the Judiciary,"Virtual Hearing, 24 Beacon Street, Boston",Completed,2,4260
192,2022-04-13 09:00,J23,Joint Committee on Public Service,"Written Testimony Only, 24 Beacon Street, Boston",Completed,6,4259
192,2022-04-15 09:00,J26,Joint Committee on Revenue,"Written Testimony Only, 24 Beacon Street, Boston",Completed,5,4256
192,2022-04-19 16:00,J27,Joint Committee on Transportation,"Written Testimony Only, 24 Beacon Street, Boston",Completed,2,4268
192,2022-04-20 14:30,J10,Joint Committee on Municipalities and Regional Government,"Virtual Hearing, 24 Beacon Street, Boston",Completed,4,4266
192,2022-04-25 09:00,J17,Joint Committee on Consumer Protection and Professional Licensure,"Written Testimony Only, 24 Beacon Street, Boston",Completed,1,4270
192,2022-04-25 09:00,J23,Joint Committee on Public Service,"Written Testimony Only, 24 Beacon Street, Boston",Completed,2,4272
192,2022-04-27 12:00,J14,Joint Committee on Education,"Written Testimony Only, 24 Beacon Street, Boston",Completed,3,4273
192,2022-05-05 09:00,J23,Joint Committee on Public Service,"Written Testimony Only, 24 Beacon Street, Boston",Completed,2,4274
192,2022-05-06 09:00,J28,Joint Committee on Housing,"Written Testimony Only, 24 Beacon Street, Boston",Canceled,1,4275
192,2022-05-06 09:00,J28,Joint Committee on Housing,"Written Testimony Only, 24 Beacon Street, Boston",Completed,1,4277
192,2022-05-09 10:00,J12,Joint Committee on Economic Development and Emerging Technologies,"A-2, 24 Beacon Street, Boston",Completed,2,4278
192,2022-05-10 12:00,S30,Senate Committee on Ways and Means,"Virtual Hearing, 24 Beacon Street, Boston",Completed,0,4282
192,2022-05-13 16:00,J37,"Joint Committee on Telecommunications, Utilities and Energy","Written Testimony Only, 24 Beacon Street, Boston",Completed,2,4280
192,2022-05-16 09:00,J10,Joint Committee on Municipalities and Regional Government,"Written Testimony Only, 24 Beacon Street, Boston",Completed,5,4284
192,2022-05-17 14:00,J19,Joint Committee on the Judiciary,"Virtual Hearing, 24 Beacon Street, Boston",Completed,2,4283
192,2022-05-18 09:00,J23,Joint Committee on Public Service,"Written Testimony Only, 24 Beacon Street, Boston",Completed,5,4285
192,2022-05-20 09:00,J28,Joint Committee on Housing,"Written Testimony Only, 24 Beacon Street, Boston",Completed,2,4288
192,2022-05-25 16:00,J27,Joint Committee on Transportation,"Written Testimony Only, 24 Beacon Street, Boston",Completed,3,4291
192,2022-05-25 16:45,J18,"Joint Committee on Mental Health, Substance Use and Recovery","Written Testimony Only, 24 Beacon Street, Boston",Completed,2,4290
192,2022-05-31 09:00,J23,Joint Committee on Public Service,"Written Testimony Only, 24 Beacon Street, Boston",Completed,1,4295
192,2022-05-31 13:00,J17,Joint Committee on Consumer Protection and Professional Licensure,"Virtual Hearing, 24 Beacon Street, Boston",Canceled,3,4289
192,2022-05-31 13:00,J17,Joint Committee on Consumer Protection and Professional Licensure,"Virtual Hearing, 24 Beacon Street, Boston",Completed,4,4297
192,2022-06-01 13:00,J32,"Joint Committee on Bonding, Capital Expenditures and State Assets","A-2, 24 Beacon Street, Boston",Completed,1,4292
192,2022-06-07 13:00,J26,Joint Committee on Revenue,"A-2, 24 Beacon Street, Boston",Completed,4,4298
192,2022-06-07 13:30,J13,"Joint Committee on Children, Families and Persons with Disabilities","Virtual Hearing, 24 Beacon Street, Boston",Completed,1,4296
192,2022-06-07 15:00,J25,Joint Committee on State Administration and Regulatory Oversight,"Virtual Hearing, 24 Beacon Street, Boston",Completed,2,4299
192,2022-06-09 09:00,J10,Joint Committee on Municipalities and Regional Government,"Written Testimony Only, 24 Beacon Street, Boston",Completed,3,4302
192,2022-06-13 09:00,J28,Joint Committee on Housing,"Written Testimony Only, 24 Beacon Street, Boston",Completed,1,4303
192,2022-06-14 09:00,J23,Joint Committee on Public Service,"Written Testimony Only, 24 Beacon Street, Boston",Completed,4,4305
192,2022-06-20 13:00,J17,Joint Committee on Consumer Protection and Professional Licensure,"Written Testimony Only, 24 Beacon Street, Boston",Completed,2,4307
192,2022-06-21 09:00,J23,Joint Committee on Public Service,"Written Testimony Only, 24 Beacon Street, Boston",Completed,2,4308
192,2022-06-23 12:30,H46,House Committee on Post Audit and Oversight,"House Post Audit and Oversight Committee, 24 Beacon Street, Boston",Canceled,0,4313
192,2022-06-24 09:00,J10,Joint Committee on Municipalities and Regional Government,"Written Testimony Only, 24 Beacon Street, Boston",Completed,5,4314
192,2022-06-24 11:00,J32,"Joint Committee on Bonding, Capital Expenditures and State Assets","Virtual Hearing, 24 Beacon Street, Boston",Completed,1,4309
192,2022-06-24 16:00,J37,"Joint Committee on Telecommunications, Utilities and Energy","Written Testimony Only, 24 Beacon Street, Boston",Completed,1,4312
192,2022-06-27 09:00,J23,Joint Committee on Public Service,"Written Testimony Only, 24 Beacon Street, Boston",Completed,2,4315
192,2022-07-01 10:30,J25,Joint Committee on State Administration and Regulatory Oversight,"Virtual Hearing, 24 Beacon Street, Boston",Completed,1,4318
192,2022-07-05 09:00,J17,Joint Committee on Consumer Protection and Professional Licensure,"Written Testimony Only, 24 Beacon Street, Boston",Completed,3,4316
192,2022-07-05 09:00,J23,Joint Committee on Public Service,"Written Testimony Only, 24 Beacon Street, Boston",Completed,5,4319
192,2022-07-08 09:00,J28,Joint Committee on Housing,"Written Testimony Only, 24 Beacon Street, Boston",Completed,2,4320
192,2022-07-08 13:00,J10,Joint Committee on Municipalities and Regional Government,"Written Testimony Only, 24 Beacon Street, Boston",Completed,10,4321
192,2022-07-11 13:00,J25,Joint Committee on State Administration and Regulatory Oversight,"Virtual Hearing, 24 Beacon Street, Boston",Completed,1,4324
192,2022-07-15 14:00,J13,"Joint Committee on Children, Families and Persons with Disabilities","Virtual Hearing, 24 Beacon Street, Boston",Completed,1,4326
192,2022-07-18 09:00,J17,Joint Committee on Consumer Protection and Professional Licensure,"Written Testimony Only, 24 Beacon Street, Boston",Completed,6,4329
192,2022-07-18 09:00,J23,Joint Committee on Public Service,"Written Testimony Only, 24 Beacon Street, Boston",Completed,2,4330
192,2022-07-18 09:00,J43,Joint Committee on Labor and Workforce Development,"Written Testimony Only, 24 Beacon Street, Boston",Completed,1,4328
192,2022-07-18 10:00,J27,Joint Committee on Transportation,"Virtual Hearing, 24 Beacon Street, Boston",Completed,0,4331
192,2022-07-20 09:00,J10,Joint Committee on Municipalities and Regional Government,"Written Testimony Only, 24 Beacon Street, Boston",Completed,9,4332
192,2022-07-20 10:00,J35,Joint Committee on Covid-19 and Emergency Preparedness and Management,"Written Testimony Only, 24 Beacon Street, Boston",Completed,1,4336
192,2022-07-20 13:30,J25,Joint Committee on State Administration and Regulatory Oversight,"Virtual Hearing, 24 Beacon Street, Boston",Completed,6,4335
192,2022-07-21 12:30,H46,House Committee on Post Audit and Oversight,"Room 146, 24 Beacon Street, Boston",Completed,0,4334
192,2022-07-21 13:00,J21,"Joint Committee on Environment, Natural Resources and Agriculture","Written Testimony Only, 24 Beacon Street, Boston",Completed,1,4337
192,2022-07-25 09:00,J23,Joint Committee on Public Service,"Written Testimony Only, 24 Beacon Street, Boston",Completed,7,4339
192,2022-07-25 09:00,J26,Joint Committee on Revenue,"Written Testimony Only, 24 Beacon Street, Boston",Completed,2,4338
192,2022-07-27 13:30,J25,Joint Committee on State Administration and Regulatory Oversight,"Virtual Hearing, 24 Beacon Street, Boston",Completed,4,4341
192,2022-07-28 17:30,J25,Joint Committee on State Administration and Regulatory Oversight,"Written Testimony Only, 24 Beacon Street, Boston",Completed,2,4342
192,2022-08-05 09:00,J10,Joint Committee on Municipalities and Regional Government,"Written Testimony Only, 24 Beacon Street, Boston",Completed,11,4343
192,2022-08-05 09:00,J23,Joint Committee on Public Service,"Written Testimony Only, 24 Beacon Street, Boston",Completed,2,4346
192,2022-08-05 09:00,J28,Joint Committee on Housing,"Written Testimony Only, 24 Beacon Street, Boston",Completed,5,4345
192,2022-08-08 09:00,J17,Joint Committee on Consumer Protection and Professional Licensure,"Written Testimony Only, 24 Beacon Street, Boston",Completed,2,4344
192,2022-08-15 09:00,J23,Joint Committee on Public Service,"Written Testimony Only, 24 Beacon Street, Boston",Completed,3,4347
192,2022-08-19 09:00,J10,Joint Committee on Municipalities and Regional Government,"Written Testimony Only, 24 Beacon Street, Boston",Completed,4,4349
192,2022-08-19 09:00,J23,Joint Committee on Public Service,"Written Testimony Only, 24 Beacon Street, Boston",Completed,2,4351
192,2022-08-22 13:00,J17,Joint Committee on Consumer Protection and Professional Licensure,"Virtual Hearing, 24 Beacon Street, Boston",Completed,1,4350
192,2022-08-23 10:00,J21,"Joint Committee on Environment, Natural Resources and Agriculture","Written Testimony Only, 24 Beacon Street, Boston",Completed,2,4352
192,2022-08-24 09:00,J26,Joint Committee on Revenue,"Written Testimony Only, 24 Beacon Street, Boston",Completed,2,4353
192,2022-09-12 09:00,J23,Joint Committee on Public Service,"Written Testimony Only, 24 Beacon Street, Boston",Completed,3,4357
192,2022-09-14 10:00,J27,Joint Committee on Transportation,"Virtual Hearing, 24 Beacon Street, Boston",Completed,0,4356
192,2022-09-16 09:00,J10,Joint Committee on Municipalities and Regional Government,"Written Testimony Only, 24 Beacon Street, Boston",Completed,4,4361
192,2022-09-16 13:00,J17,Joint Committee on Consumer Protection and Professional Licensure,"Written Testimony Only, 24 Beacon Street, Boston",Completed,2,4362
192,2022-09-19 09:00,J23,Joint Committee on Public Service,"Written Testimony Only, 24 Beacon Street, Boston",Completed,2,4366
192,2022-09-21 10:00,J43,Joint Committee on Labor and Workforce Development,"Virtual Hearing, 24 Beacon Street, Boston",Completed,1,4354
192,2022-09-23 09:00,J25,Joint Committee on State Administration and Regulatory Oversight,"Written Testimony Only, 24 Beacon Street, Boston",Completed,1,4368
192,2022-10-03 13:00,J17,Joint Committee on Consumer Protection and Professional Licensure,"Written Testimony Only, 24 Beacon Street, Boston",Completed,1,4369
192,2022-10-04 09:00,J23,Joint Committee on Public Service,"Written Testimony Only, 24 Beacon Street, Boston",Completed,5,4371
192,2022-10-06 09:00,J26,Joint Committee on Revenue,"Written Testimony Only, 24 Beacon Street, Boston",Completed,2,4370
192,2022-10-06 10:30,J37,"Joint Committee on Telecommunications, Utilities and Energy","A-2, 24 Beacon Street, Boston",Completed,0,4373
192,2022-10-07 09:00,J10,Joint Committee on Municipalities and Regional Government,"Written Testimony Only, 24 Beacon Street, Boston",Completed,6,4372
192,2022-10-14 16:00,J37,"Joint Committee on Telecommunications, Utilities and Energy","Written Testimony Only, 24 Beacon Street, Boston",Completed,1,4376
192,2022-10-17 09:00,J23,Joint Committee on Public Service,"Written Testimony Only, 24 Beacon Street, Boston",Completed,2,4380
192,2022-10-19 10:00,S51,Senate Committee on Global Warming and Climate Change,"Virtual Hearing, 24 Beacon Street, Boston",Completed,0,4375
192,2022-10-21 13:00,J25,Joint Committee on State Administration and Regulatory Oversight,"Written Testimony Only, 24 Beacon Street, Boston",Completed,1,4387
192,2022-10-25 10:00,J27,Joint Committee on Transportation,"Virtual Hearing, 24 Beacon Street, Boston",Completed,0,4382
192,2022-10-28 09:00,J10,Joint Committee on Municipalities and Regional Government,"Written Testimony Only, 24 Beacon Street, Boston",Completed,2,4386
192,2022-11-07 09:00,J23,Joint Committee on Public Service,"Written Testimony Only, 24 Beacon Street, Boston",Completed,3,4392
192,2022-11-09 09:00,J26,Joint Committee on Revenue,"Written Testimony Only, 24 Beacon Street, Boston",Completed,1,4390
192,2022-11-14 13:00,J17,Joint Committee on Consumer Protection and Professional Licensure,"Written Testimony Only, 24 Beacon Street, Boston",Completed,2,4396
192,2022-11-15 13:00,J35,Joint Committee on Covid-19 and Emergency Preparedness and Management,"Virtual Hearing, 24 Beacon Street, Boston",Completed,0,4397
192,2022-11-18 09:00,J10,Joint Committee on Municipalities and Regional Government,"Written Testimony Only, 24 Beacon Street, Boston",Completed,2,4399
192,2022-11-18 17:00,J25,Joint Committee on State Administration and Regulatory Oversight,"Written Testimony Only, 24 Beacon Street, Boston",Completed,1,4408
192,2022-11-21 09:00,J23,Joint Committee on Public Service,"Written Testimony Only, 24 Beacon Street, Boston",Completed,3,4407
192,2022-11-22 10:00,J14,Joint Committee on Education,"A-2, 24 Beacon Street, Boston",Completed,0,4404
192,2022-11-28 13:00,J17,Joint Committee on Consumer Protection and Professional Licensure,"Written Testimony Only, 24 Beacon Street, Boston",Completed,2,4405
192,2022-12-01 09:00,J23,Joint Committee on Public Service,"Written Testimony Only, 24 Beacon Street, Boston",Completed,4,4412
192,2022-12-05 09:00,J10,Joint Committee on Municipalities and Regional Government,"Written Testimony Only, 24 Beacon Street, Boston",Completed,2,4413
192,2022-12-05 09:00,J23,Joint Committee on Public Service,"Written Testimony Only, 24 Beacon Street, Boston",Completed,2,4419
192,2022-12-06 09:00,J26,Joint Committee on Revenue,"Written Testimony Only, 24 Beacon Street, Boston",Completed,2,4414
192,2022-12-08 09:00,J21,"Joint Committee on Environment, Natural Resources and Agriculture","Written Testimony Only, 24 Beacon Street, Boston",Completed,1,4422
192,2022-12-09 09:00,J23,Joint Committee on Public Service,"Written Testimony Only, 24 Beacon Street, Boston",Completed,2,4421
192,2022-12-14 09:00,J10,Joint Committee on Municipalities and Regional Government,"Written Testimony Only, 24 Beacon Street, Boston",Completed,2,4426
192,2022-12-19 13:30,J25,Joint Committee on State Administration and Regulatory Oversight,"Written Testimony Only, 24 Beacon Street, Boston",Completed,0,4433
192,2022-12-19 16:00,J37,"Joint Committee on Telecommunications, Utilities and Energy","Written Testimony Only, 24 Beacon Street, Boston",Completed,1,4430
192,2022-12-20 10:00,J19,Joint Committee on the Judiciary,"Gardner Auditorium, 24 Beacon Street, Boston",Completed,0,4427
192,2022-12-21 10:00,J19,Joint Committee on the Judiciary,"Gardner Auditorium, 24 Beacon Street, Boston",Completed,0,4428
193,2023-03-07 11:00,J39,Joint Committee on Ways and Means,"Gardner Auditorium, 24 Beacon Street, Boston",Completed,0,4458
193,2023-03-07 14:00,J27,Joint Committee on Transportation,"A-2, 24 Beacon Street, Boston",Completed,1,4456
193,2023-03-13 11:00,J39,Joint Committee on Ways and Means,"UMass Amherst Student Union Ballroom, 41 Campus Center Way, Amherst",Completed,0,4457
193,2023-03-15 12:00,J24,Joint Committee on Health Care Financing,"Gardner Auditorium, 24 Beacon Street, Boston",Completed,0,4453
193,2023-03-21 09:00,J23,Joint Committee on Public Service,"Written Testimony Only, 24 Beacon Street, Boston",Completed,3,4464
193,2023-03-21 11:00,J39,Joint Committee on Ways and Means,"Fitchburg Legislative Building, 700 Main Street, Fitchburg",Completed,0,4463
193,2023-03-21 12:00,J32,"Joint Committee on Bonding, Capital Expenditures and State Assets","Written Testimony Only, 24 Beacon Street, Boston",Completed,1,4472
193,2023-03-27 11:00,J25,Joint Committee on State Administration and Regulatory Oversight,"Gardner Auditorium, 24 Beacon Street, Boston",Completed,1,4471
193,2023-03-27 11:00,J39,Joint Committee on Ways and Means,"UMass Dartmouth, 333 Faunce Corner Rd, Dartmouth",Completed,0,4467
193,2023-03-28 10:00,J33,"Joint Committee on Advanced Information Technology, the Internet and Cybersecurity","A-2, 24 Beacon Street, Boston",Completed,0,4478
193,2023-03-28 11:00,J26,Joint Committee on Revenue,"A-1, 24 Beacon Street, Boston",Completed,51,4462
193,2023-03-28 11:00,J39,Joint Committee on Ways and Means,"Robbins Memorial Town Hall, 730 Massachusetts Ave, Arlington",Completed,0,4470
193,2023-03-28 13:00,J19,Joint Committee on the Judiciary,"A-2, 24 Beacon Street, Boston",Completed,11,4473
193,2023-03-29 14:30,J12,Joint Committee on Economic Development and Emerging Technologies,"A-2, 24 Beacon Street, Boston",Completed,0,4477
193,2023-03-31 11:00,J39,Joint Committee on Ways and Means,"Cruiseport Gloucester, 6 Rowe Sg, Gloucester",Completed,0,4468
193,2023-04-04 10:00,J11,Joint Committee on Financial Services,"A-2, 24 Beacon Street, Boston",Completed,0,4476
193,2023-04-04 10:00,J23,Joint Committee on Public Service,"A-1, 24 Beacon Street, Boston",Completed,38,4483
193,2023-04-04 11:00,J39,Joint Committee on Ways and Means,"Springfield Technical Community College, 1 Armory Sq, Springfield",Completed,0,4469
193,2023-04-04 13:00,J19,Joint Committee on the Judiciary,"A-2, 24 Beacon Street, Boston",Completed,16,4482
193,2023-04-06 10:00,J15,Joint Committee on Election Laws,"A-1, 24 Beacon Street, Boston",Completed,5,4487
193,2023-04-10 09:30,J44,Joint Committee on Elder Affairs,"A-1, 24 Beacon Street, Boston",Completed,6,4479
193,2023-04-10 11:00,J26,Joint Committee on Revenue,"A-2, 24 Beacon Street, Boston",Completed,5,4497
193,2023-04-10 11:00,J39,Joint Committee on Ways and Means,"Gardner Auditorium, 24 Beacon Street, Boston",Completed,0,4496
193,2023-04-10 13:00,J21,Joint Committee on Environment and Natural Resources,"A-1, 24 Beacon Street, Boston",Completed,16,4486
193,2023-04-11 09:00,J32,"Joint Committee on Bonding, Capital Expenditures and State Assets","Written Testimony Only, 24 Beacon Street, Boston",Completed,1,4503
193,2023-04-11 11:00,J10,Joint Committee on Municipalities and Regional Government,"A-1, 24 Beacon Street, Boston",Completed,20,4481
193,2023-04-11 11:00,S51,Senate Committee on Global Warming and Climate Change,"Virtual Hearing, 24 Beacon Street, Boston",Completed,0,4488
193,2023-04-11 13:00,J23,Joint Committee on Public Service,"A-2, 24 Beacon Street, Boston",Completed,42,4495
193,2023-04-11 13:00,J43,Joint Committee on Labor and Workforce Development,"A-1, 24 Beacon Street, Boston",Completed,1,4484
193,2023-04-12 16:00,J28,Joint Committee on Housing,"A-2, 24 Beacon Street, Boston",Completed,1,4502
193,2023-04-14 13:00,J17,Joint Committee on Consumer Protection and Professional Licensure,"Written Testimony Only, 24 Beacon Street, Boston",Completed,11,4501
193,2023-04-18 10:00,J23,Joint Committee on Public Service,"A-2, 24 Beacon Street, Boston",Completed,52,4504
193,2023-04-20 13:00,J17,Joint Committee on Consumer Protection and Professional Licensure,"A-1, 24 Beacon Street, Boston",Completed,18,4507
193,2023-04-26 13:00,J21,Joint Committee on Environment and Natural Resources,"A-2, 24 Beacon Street, Boston",Completed,34,4513
193,2023-05-01 11:00,J38,Joint Committee on Agriculture,"Gardner Auditorium, 24 Beacon Street, Boston",Completed,9,4498
193,2023-05-02 10:00,J11,Joint Committee on Financial Services,"Gardner Auditorium, 24 Beacon Street, Boston",Completed,29,4510
193,2023-05-02 13:00,J14,Joint Committee on Education,"A-2, 24 Beacon Street, Boston",Completed,14,4480
193,2023-05-02 13:00,J23,Joint Committee on Public Service,"A-1, 24 Beacon Street, Boston",Completed,36,4514
193,2023-05-04 09:00,J16,Joint Committee on Public Health,"A-2, 24 Beacon Street, Boston",Completed,34,4516
193,2023-05-08 10:00,J11,Joint Committee on Financial Services,"A-2, 24 Beacon Street, Boston",Completed,23,4517
193,2023-05-08 11:00,J38,Joint Committee on Agriculture,"Gardner Auditorium, 24 Beacon Street, Boston",Completed,23,4499
193,2023-05-08 13:00,J27,Joint Committee on Transportation,"A-1, 24 Beacon Street, Boston",Completed,11,4509
193,2023-05-09 10:00,J13,"Joint Committee on Children, Families and Persons with Disabilities","A-2, 24 Beacon Street, Boston",Completed,0,4527
193,2023-05-09 11:00,J26,Joint Committee on Revenue,"A-1, 24 Beacon Street, Boston",Completed,38,4525
193,2023-05-09 13:00,J19,Joint Committee on the Judiciary,"A-2, 24 Beacon Street, Boston",Completed,46,4524
193,2023-05-09 13:00,J43,Joint Committee on Labor and Workforce Development,"A-1, 24 Beacon Street, Boston",Completed,15,4508
193,2023-05-09 14:00,J12,Joint Committee on Economic Development and Emerging Technologies,"B-2, 24 Beacon Street, Boston",Completed,18,4530
193,2023-05-10 12:00,J25,Joint Committee on State Administration and Regulatory Oversight,"Gardner Auditorium, 24 Beacon Street, Boston",Completed,33,4528
193,2023-05-10 13:00,J21,Joint Committee on Environment and Natural Resources,"A-2, 24 Beacon Street, Boston",Completed,23,4520
193,2023-05-11 13:00,J17,Joint Committee on Consumer Protection and Professional Licensure,"A-1 & A-2, 24 Beacon Street, Boston",Completed,2,4521
193,2023-05-15 09:00,J31,Joint Committee on Veterans and Federal Affairs,"A-2, 24 Beacon Street, Boston",Completed,22,4531
193,2023-05-15 11:00,J38,Joint Committee on Agriculture,"Gardner Auditorium, 24 Beacon Street, Boston",Completed,14,4500
193,2023-05-15 13:00,J17,Joint Committee on Consumer Protection and Professional Licensure,"A-2, 24 Beacon Street, Boston",Completed,18,4534
193,2023-05-15 13:00,J44,Joint Committee on Elder Affairs,"A-1, 24 Beacon Street, Boston",Completed,27,4489
193,2023-05-16 10:00,J11,Joint Committee on Financial Services,"A-2 and virtual, 24 Beacon Street, Boston",Completed,32,4526
193,2023-05-16 10:00,J24,Joint Committee on Health Care Financing,"A-1, 24 Beacon Street, Boston",Completed,18,4523
193,2023-05-16 13:00,J19,Joint Committee on the Judiciary,"A-2, 24 Beacon Street, Boston",Completed,64,4533
193,2023-05-16 13:00,J26,Joint Committee on Revenue,"A-1, 24 Beacon Street, Boston",Completed,44,4537
193,2023-05-17 10:00,J15,Joint Committee on Election Laws,"A-2, 24 Beacon Street, Boston",Completed,23,4539
193,2023-05-17 13:00,J21,Joint Committee on Environment and Natural Resources,"A-2, 24 Beacon Street, Boston",Completed,44,4536
193,2023-05-18 10:00,J37,"Joint Committee on Telecommunications, Utilities and Energy","A-2, 24 Beacon Street, Boston",Completed,18,4540
193,2023-05-19 10:00,J37,"Joint Committee on Telecommunications, Utilities and Energy","A-2, 24 Beacon Street, Boston",Completed,18,4542
193,2023-05-24 10:00,J37,"Joint Committee on Telecommunications, Utilities and Energy","A-2, 24 Beacon Street, Boston",Completed,16,4545
193,2023-05-25 10:00,J37,"Joint Committee on Telecommunications, Utilities and Energy","A-2, 24 Beacon Street, Boston",Completed,16,4546
193,2023-05-30 10:00,J29,Joint Committee on Higher Education,"A-1, 24 Beacon Street, Boston",Completed,17,4544
193,2023-05-30 13:00,J28,Joint Committee on Housing,"A-1, 24 Beacon Street, Boston",Completed,0,4549
193,2023-05-30 13:00,J47,Joint Committee on Community Development and Small Businesses,"A-2, 24 Beacon Street, Boston",Completed,0,4543
193,2023-05-31 13:00,J17,Joint Committee on Consumer Protection and Professional Licensure,"A-2, 24 Beacon Street, Boston",Completed,30,4548
193,2023-05-31 13:00,J28,Joint Committee on Housing,"A-1, 24 Beacon Street, Boston",Completed,0,4553
193,2023-06-05 13:00,J17,Joint Committee on Consumer Protection and Professional Licensure,"A-2, 24 Beacon Street, Boston",Completed,25,4560
193,2023-06-05 13:00,J37,"Joint Committee on Telecommunications, Utilities and Energy","A-1, 24 Beacon Street, Boston",Completed,28,4563
193,2023-06-06 10:00,J11,Joint Committee on Financial Services,"A 1, 24 Beacon Street, Boston",Completed,28,4555
193,2023-06-06 10:00,J24,Joint Committee on Health Care Financing,"A-2, 24 Beacon Street, Boston",Completed,21,4551
193,2023-06-06 11:00,J26,Joint Committee on Revenue,"B-2, 24 Beacon Street, Boston",Completed,50,4556
193,2023-06-06 13:00,J14,Joint Committee on Education,"B-2, 24 Beacon Street, Boston",Completed,23,4552
193,2023-06-06 13:00,J16,Joint Committee on Public Health,"Gardner Auditorium, 24 Beacon Street, Boston",Completed,46,4558
193,2023-06-06 13:00,J50,Joint Committee on Cannabis Policy,"A-1, 24 Beacon Street, Boston",Completed,8,4574
193,2023-06-07 11:00,J22,Joint Committee on Public Safety and Homeland Security,"A-2, 24 Beacon Street, Boston",Completed,26,4554
193,2023-06-08 10:00,J25,Joint Committee on State Administration and Regulatory Oversight,"A-2, 24 Beacon Street, Boston",Completed,10,4557
193,2023-06-08 10:00,J37,"Joint Committee on Telecommunications, Utilities and Energy","A-1, 24 Beacon Street, Boston",Completed,30,4566
193,2023-06-12 10:00,J18,"Joint Committee on Mental Health, Substance Use and Recovery","A-2, 24 Beacon Street, Boston",Completed,0,4580
193,2023-06-12 11:00,J52,Joint Committee on Emergency Preparedness and Management,"B-2, 24 Beacon Street, Boston",Completed,11,4559
193,2023-06-12 13:00,J14,Joint Committee on Education,"A-2, 24 Beacon Street, Boston",Completed,28,4565
193,2023-06-12 13:00,J17,Joint Committee on Consumer Protection and Professional Licensure,"B-2, 24 Beacon Street, Boston",Completed,33,4576
193,2023-06-12 13:00,J44,Joint Committee on Elder Affairs,"A-1, 24 Beacon Street, Boston",Completed,21,4490
193,2023-06-13 09:00,J31,Joint Committee on Veterans and Federal Affairs,"A-1, 24 Beacon Street, Boston",Completed,43,4585
193,2023-06-13 10:00,J13,"Joint Committee on Children, Families and Persons with Disabilities","A-2, 24 Beacon Street, Boston",Completed,23,4582
193,2023-06-13 10:00,J24,Joint Committee on Health Care Financing,"Gardner Auditorium, 24 Beacon Street, Boston",Completed,30,4562
193,2023-06-13 10:00,J27,Joint Committee on Transportation,"B-2, 24 Beacon Street, Boston",Completed,23,4550
193,2023-06-13 13:00,J19,Joint Committee on the Judiciary,"A-2, 24 Beacon Street, Boston",Completed,63,4581
193,2023-06-13 13:00,J23,Joint Committee on Public Service,"A-1, 24 Beacon Street, Boston",Completed,49,4538
193,2023-06-14 10:00,J37,"Joint Committee on Telecommunications, Utilities and Energy","A-2, 24 Beacon Street, Boston",Completed,16,4567
193,2023-06-14 13:00,J21,Joint Committee on Environment and Natural Resources,"A-1, 24 Beacon Street, Boston",Completed,47,4587
193,2023-06-14 13:00,J37,"Joint Committee on Telecommunications, Utilities and Energy","A-2, 24 Beacon Street, Boston",Completed,16,4586
193,2023-06-20 10:00,J11,Joint Committee on Financial Services,"A-2, 24 Beacon Street, Boston",Completed,30,4584
193,2023-06-20 10:00,J24,Joint Committee on Health Care Financing,"A-1, 24 Beacon Street, Boston",Completed,18,4568
193,2023-06-20 10:00,J37,"Joint Committee on Telecommunications, Utilities and Energy","B-2, 24 Beacon Street, Boston",Completed,32,4569
193,2023-06-20 13:00,J10,Joint Committee on Municipalities and Regional Government,"A-2, 24 Beacon Street, Boston",Completed,50,4561
193,2023-06-20 13:00,J43,Joint Committee on Labor and Workforce Development,"A-1, 24 Beacon Street, Boston",Completed,19,4583
193,2023-06-20 14:00,J12,Joint Committee on Economic Development and Emerging Technologies,"B-2, 24 Beacon Street, Boston",Completed,13,4611
193,2023-06-21 09:00,J16,Joint Committee on Public Health,"A-2, 24 Beacon Street, Boston",Completed,26,4588
193,2023-06-21 09:30,J37,"Joint Committee on Telecommunications, Utilities and Energy","A-1, 24 Beacon Street, Boston",Completed,33,4598
193,2023-06-21 13:00,J15,Joint Committee on Election Laws,"A-2, 24 Beacon Street, Boston",Completed,40,4610
193,2023-06-21 13:00,J17,Joint Committee on Consumer Protection and Professional Licensure,"A-1, 24 Beacon Street, Boston",Completed,25,4590
193,2023-06-22 13:00,J26,Joint Committee on Revenue,"A-2, 24 Beacon Street, Boston",Completed,64,4603
193,2023-06-26 10:00,J11,Joint Committee on Financial Services,"A-2 and virtual, 24 Beacon Street, Boston",Completed,32,4594
193,2023-06-26 10:00,J28,Joint Committee on Housing,"B-2, 24 Beacon Street, Boston",Completed,41,4579
193,2023-06-26 13:00,J14,Joint Committee on Education,"A-2, 24 Beacon Street, Boston",Completed,22,4597
193,2023-06-26 13:00,J17,Joint Committee on Consumer Protection and Professional Licensure,"B-2, 24 Beacon Street, Boston",Completed,23,4591
193,2023-06-26 13:00,J27,Joint Committee on Transportation,"Gardner Auditorium, 24 Beacon Street, Boston",Completed,0,4589
193,2023-06-26 13:00,J44,Joint Committee on Elder Affairs,"A-1, 24 Beacon Street, Boston",Completed,30,4491
193,2023-06-27 09:00,J13,"Joint Committee on Children, Families and Persons with Disabilities","B-2, 24 Beacon Street, Boston",Completed,10,4614
193,2023-06-27 10:00,J29,Joint Committee on Higher Education,"A-2, 24 Beacon Street, Boston",Completed,30,4605
193,2023-06-27 11:00,J25,Joint Committee on State Administration and Regulatory Oversight,"Gardner Auditorium, 24 Beacon Street, Boston",Completed,43,4612
193,2023-06-27 13:00,J19,Joint Committee on the Judiciary,"A-2, 24 Beacon Street, Boston",Completed,51,4613
193,2023-06-27 13:00,J50,Joint Committee on Cannabis Policy,"A-1, 24 Beacon Street, Boston",Completed,11,4616
193,2023-06-28 10:00,J37,"Joint Committee on Telecommunications, Utilities and Energy","A-2, 24 Beacon Street, Boston",Completed,19,4570
193,2023-06-28 13:00,J37,"Joint Committee on Telecommunications, Utilities and Energy","A-2, 24 Beacon Street, Boston",Completed,19,4606
193,2023-06-29 10:00,J23,Joint Committee on Public Service,"A-1, 24 Beacon Street, Boston",Completed,56,4615
193,2023-07-06 09:00,J16,Joint Committee on Public Health,"A-2, 24 Beacon Street, Boston",Completed,54,4599
193,2023-07-10 13:00,J17,Joint Committee on Consumer Protection and Professional Licensure,"Gardner Auditorium, 24 Beacon Street, Boston",Completed,3,4624
193,2023-07-10 13:00,J18,"Joint Committee on Mental Health, Substance Use and Recovery","A-2, 24 Beacon Street, Boston",Canceled,12,4622
193,2023-07-10 13:00,J18,"Joint Committee on Mental Health, Substance Use and Recovery","A-2, 24 Beacon Street, Boston",Completed,10,4623
193,2023-07-11 09:00,J23,Joint Committee on Public Service,"Written Testimony Only, 24 Beacon Street, Boston",Completed,4,4631
193,2023-07-11 10:30,J43,Joint Committee on Labor and Workforce Development,"B-2, 24 Beacon Street, Boston",Completed,23,4620
193,2023-07-11 11:00,J25,Joint Committee on State Administration and Regulatory Oversight,"Gardner Auditorium, 24 Beacon Street, Boston",Completed,9,4621
193,2023-07-11 13:00,J14,Joint Committee on Education,"A-2, 24 Beacon Street, Boston",Completed,21,4619
193,2023-07-11 13:00,J28,Joint Committee on Housing,"A-1, 24 Beacon Street, Boston",Completed,19,4602
193,2023-07-12 13:00,J37,"Joint Committee on Telecommunications, Utilities and Energy","Gardner Auditorium, 24 Beacon Street, Boston",Completed,29,4607
193,2023-07-13 10:00,J37,"Joint Committee on Telecommunications, Utilities and Energy","Gardner Auditorium, 24 Beacon Street, Boston",Completed,31,4571
193,2023-07-13 13:00,J33,"Joint Committee on Advanced Information Technology, the Internet and Cybersecurity","B-2, 24 Beacon Street, Boston",Completed,40,4626
193,2023-07-17 09:30,J37,"Joint Committee on Telecommunications, Utilities and Energy","A-2, 24 Beacon Street, Boston",Completed,31,4608
193,2023-07-17 11:00,J14,Joint Committee on Education,"Gardner Auditorium, 24 Beacon Street, Boston",Completed,29,4628
193,2023-07-17 13:00,J17,Joint Committee on Consumer Protection and Professional Licensure,"B-2, 24 Beacon Street, Boston",Completed,30,4632
193,2023-07-17 13:00,J31,Joint Committee on Veterans and Federal Affairs,"A-1, 24 Beacon Street, Boston",Completed,16,4634
193,2023-07-17 13:00,J32,"Joint Committee on Bonding, Capital Expenditures and State Assets","428, 24 Beacon Street, Boston",Completed,0,4643
193,2023-07-18 10:30,J43,Joint Committee on Labor and Workforce Development,"A-1, 24 Beacon Street, Boston",Completed,31,4630
193,2023-07-18 10:30,J50,Joint Committee on Cannabis Policy,"B-2, 24 Beacon Street, Boston",Completed,11,4638
193,2023-07-18 11:00,J10,Joint Committee on Municipalities and Regional Government,"A-2, 24 Beacon Street, Boston",Completed,17,4633
193,2023-07-18 13:00,J19,Joint Committee on the Judiciary,"A-2, 24 Beacon Street, Boston",Completed,42,4637
193,2023-07-18 13:00,J29,Joint Committee on Higher Education,"A-1, 24 Beacon Street, Boston",Completed,27,4636
193,2023-07-19 09:30,J13,"Joint Committee on Children, Families and Persons with Disabilities","A-1, 24 Beacon Street, Boston",Completed,6,4639
193,2023-07-24 10:00,J30,"Joint Committee on Tourism, Arts and Cultural Development","A-1, 24 Beacon Street, Boston",Completed,3,4627
193,2023-07-24 13:00,J17,Joint Committee on Consumer Protection and Professional Licensure,"B-2, 24 Beacon Street, Boston",Completed,35,4644
193,2023-07-24 13:00,J27,Joint Committee on Transportation,"A-1, 24 Beacon Street, Boston",Completed,13,4629
193,2023-07-25 10:00,J24,Joint Committee on Health Care Financing,"Gardner Auditorium, 24 Beacon Street, Boston",Completed,13,4646
193,2023-07-25 10:00,J26,Joint Committee on Revenue,"Written Testimony Only, 24 Beacon Street, Boston",Completed,20,4642
193,2023-07-25 13:00,J19,Joint Committee on the Judiciary,"A-2, 24 Beacon Street, Boston",Completed,47,4647
193,2023-07-25 13:00,J23,Joint Committee on Public Service,"B-2, 24 Beacon Street, Boston",Completed,47,4640
193,2023-07-26 09:00,J16,Joint Committee on Public Health,"Gardner Auditorium, 24 Beacon Street, Boston",Completed,7,4600
193,2023-07-26 09:00,J16,Joint Committee on Public Health,"A-2, 24 Beacon Street, Boston",Canceled,62,4601
193,2023-07-26 13:00,J25,Joint Committee on State Administration and Regulatory Oversight,"A-1, 24 Beacon Street, Boston",Completed,41,4641
193,2023-07-26 13:00,J37,"Joint Committee on Telecommunications, Utilities and Energy","A-2, 24 Beacon Street, Boston",Completed,28,4609
193,2023-07-26 14:00,J28,Joint Committee on Housing,"B-2, 24 Beacon Street, Boston",Completed,25,4604
193,2023-07-27 10:00,J37,"Joint Committee on Telecommunications, Utilities and Energy","A-1, 24 Beacon Street, Boston",Completed,26,4573
193,2023-08-14 09:00,J23,Joint Committee on Public Service,"Written Testimony Only, 24 Beacon Street, Boston",Completed,8,4653
193,2023-08-23 09:00,J32,"Joint Committee on Bonding, Capital Expenditures and State Assets","Written Testimony Only, 24 Beacon Street, Boston",Completed,1,4662
193,2023-08-29 10:00,J27,Joint Committee on Transportation,"A-2, 24 Beacon Street, Boston",Completed,31,4656
193,2023-09-07 09:00,J10,Joint Committee on Municipalities and Regional Government,"Written Testimony Only, 24 Beacon Street, Boston",Completed,14,4663
193,2023-09-07 13:00,J19,Joint Committee on the Judiciary,"A-2, 24 Beacon Street, Boston",Completed,42,4675
193,2023-09-12 10:00,J11,Joint Committee on Financial Services,"A-2 and virtual, 24 Beacon Street, Boston",Completed,29,4673
193,2023-09-12 10:00,J13,"Joint Committee on Children, Families and Persons with Disabilities","Gardner Auditorium, 24 Beacon Street, Boston",Completed,49,4674
193,2023-09-12 10:00,J24,Joint Committee on Health Care Financing,"A-1, 24 Beacon Street, Boston",Completed,24,4657
193,2023-09-12 11:00,J26,Joint Committee on Revenue,"B-1, 24 Beacon Street, Boston",Completed,61,4679
193,2023-09-12 13:00,J19,Joint Committee on the Judiciary,"A-2, 24 Beacon Street, Boston",Completed,71,4681
193,2023-09-12 14:00,S66,Senate Committee on Juvenile and Emerging Adult Justice,"428, 24 Beacon Street, Boston",Completed,0,4684
193,2023-09-13 12:00,J22,Joint Committee on Public Safety and Homeland Security,"B-1, 24 Beacon Street, Boston",Completed,45,4664
193,2023-09-13 13:00,J15,Joint Committee on Election Laws,"A-1, 24 Beacon Street, Boston",Completed,32,4680
193,2023-09-14 13:00,J14,Joint Committee on Education,"B-2, 24 Beacon Street, Boston",Completed,0,4668
193,2023-09-18 10:00,J29,Joint Committee on Higher Education,"Gardner Auditorium, 24 Beacon Street, Boston",Completed,11,4677
193,2023-09-18 10:00,J30,"Joint Committee on Tourism, Arts and Cultural Development","A-1, 24 Beacon Street, Boston",Completed,11,4689
193,2023-09-18 13:00,J13,"Joint Committee on Children, Families and Persons with Disabilities","B-1, 24 Beacon Street, Boston",Completed,6,4690
193,2023-09-18 13:00,J14,Joint Committee on Education,"A-2, 24 Beacon Street, Boston",Completed,32,4651
193,2023-09-18 13:00,J18,"Joint Committee on Mental Health, Substance Use and Recovery","A-1, 24 Beacon Street, Boston",Completed,15,4686
193,2023-09-18 13:00,J47,Joint Committee on Community Development and Small Businesses,"B-2, 24 Beacon Street, Boston",Completed,17,4701
193,2023-09-19 10:30,J50,Joint Committee on Cannabis Policy,"A-2, 24 Beacon Street, Boston",Completed,14,4698
193,2023-09-19 13:00,J15,Joint Committee on Election Laws,"B-2, 24 Beacon Street, Boston",Completed,29,4696
193,2023-09-19 13:00,J43,Joint Committee on Labor and Workforce Development,"A-2, 24 Beacon Street, Boston",Completed,10,4676
193,2023-09-19 14:00,J31,Joint Committee on Veterans and Federal Affairs,"A-1, 24 Beacon Street, Boston",Completed,13,4695
193,2023-09-20 09:00,J16,Joint Committee on Public Health,"A-2, 24 Beacon Street, Boston",Completed,63,4682
193,2023-09-20 10:00,J24,Joint Committee on Health Care Financing,"Gardner Auditorium, 24 Beacon Street, Boston",Completed,10,4670
193,2023-09-20 13:00,J25,Joint Committee on State Administration and Regulatory Oversight,"A-1, 24 Beacon Street, Boston",Completed,37,4694
193,2023-09-20 13:00,J37,"Joint Committee on Telecommunications, Utilities and Energy","A-2, 24 Beacon Street, Boston",Completed,13,4669
193,2023-09-21 09:00,J16,Joint Committee on Public Health,"A-2, 24 Beacon Street, Boston",Completed,59,4687
193,2023-09-21 10:00,J37,"Joint Committee on Telecommunications, Utilities and Energy","B-1, 24 Beacon Street, Boston",Completed,17,4577
193,2023-09-25 13:00,J17,Joint Committee on Consumer Protection and Professional Licensure,"Written Testimony Only, 24 Beacon Street, Boston",Completed,7,4708
193,2023-09-26 10:00,J11,Joint Committee on Financial Services,"A-2 and virtual, 24 Beacon Street, Boston",Completed,22,4704
193,2023-09-26 10:00,J13,"Joint Committee on Children, Families and Persons with Disabilities","Gardner Auditorium, 24 Beacon Street, Boston",Completed,32,4705
193,2023-09-26 11:00,J26,Joint Committee on Revenue,"B-1, 24 Beacon Street, Boston",Completed,58,4706
193,2023-09-26 13:00,J10,Joint Committee on Municipalities and Regional Government,"B-1, 24 Beacon Street, Boston",Completed,29,4697
193,2023-09-26 13:00,J19,Joint Committee on the Judiciary,"A-2, 24 Beacon Street, Boston",Completed,55,4709
193,2023-09-26 13:00,J43,Joint Committee on Labor and Workforce Development,"B-2, 24 Beacon Street, Boston",Completed,36,4691
193,2023-09-27 13:00,J21,Joint Committee on Environment and Natural Resources,"A-2, 24 Beacon Street, Boston",Completed,35,4703
193,2023-09-27 13:00,J28,Joint Committee on Housing,"B-1, 24 Beacon Street, Boston",Completed,31,4692
193,2023-09-27 13:00,J37,"Joint Committee on Telecommunications, Utilities and Energy","A-1, 24 Beacon Street, Boston",Completed,26,4671
193,2023-10-02 13:00,J17,Joint Committee on Consumer Protection and Professional Licensure,"Gardner Auditorium, 24 Beacon Street, Boston",Completed,2,4719
193,2023-10-02 13:00,J18,"Joint Committee on Mental Health, Substance Use and Recovery","A-1, 24 Beacon Street, Boston",Completed,20,4654
193,2023-10-02 13:00,J27,Joint Committee on Transportation,"A-2, 24 Beacon Street, Boston",Completed,68,4713
193,2023-10-02 14:00,S51,Senate Committee on Global Warming and Climate Change,"Virtual Hearing, 24 Beacon Street, Boston",Completed,0,4712
193,2023-10-03 10:00,J11,Joint Committee on Financial Services,"A-1, 24 Beacon Street, Boston",Completed,30,4725
193,2023-10-03 10:00,J23,Joint Committee on Public Service,"B-1, 24 Beacon Street, Boston",Completed,57,4652
193,2023-10-03 11:00,J25,Joint Committee on State Administration and Regulatory Oversight,"Gardner Auditorium, 24 Beacon Street, Boston",Completed,41,4699
193,2023-10-03 13:00,J19,Joint Committee on the Judiciary,"A-2, 24 Beacon Street, Boston",Completed,61,4721
193,2023-10-04 10:00,J25,Joint Committee on State Administration and Regulatory Oversight,"A-2, 24 Beacon Street, Boston",Completed,40,4700
193,2023-10-04 11:00,J22,Joint Committee on Public Safety and Homeland Security,"A-1, 24 Beacon Street, Boston",Completed,36,4665
193,2023-10-04 14:00,J14,Joint Committee on Education,"Gardner Auditorium, 24 Beacon Street, Boston",Completed,32,4710
193,2023-10-05 09:00,J16,Joint Committee on Public Health,"A-2, 24 Beacon Street, Boston",Completed,26,4716
193,2023-10-10 10:00,J13,"Joint Committee on Children, Families and Persons with Disabilities","B-2, 24 Beacon Street, Boston",Completed,16,4726
193,2023-10-10 10:00,J23,Joint Committee on Public Service,"A-2, 24 Beacon Street, Boston",Completed,41,4658
193,2023-10-10 10:00,J29,Joint Committee on Higher Education,"B-1, 24 Beacon Street, Boston",Completed,27,4731
193,2023-10-10 11:00,H34,House Committee on Ways and Means,"Gardner Auditorium, 24 Beacon Street, Boston",Completed,0,4741
193,2023-10-10 13:00,J43,Joint Committee on Labor and Workforce Development,"A-1, 24 Beacon Street, Boston",Completed,22,4724
193,2023-10-11 11:00,J14,Joint Committee on Education,"B-2, 24 Beacon Street, Boston",Completed,53,4720
193,2023-10-11 11:00,J26,Joint Committee on Revenue,"A-2, 24 Beacon Street, Boston",Completed,51,4734
193,2023-10-11 13:00,J21,Joint Committee on Environment and Natural Resources,"A-1, 24 Beacon Street, Boston",Completed,40,4730
193,2023-10-12 10:00,J37,"Joint Committee on Telecommunications, Utilities and Energy","A-2, 24 Beacon Street, Boston",Completed,24,4575
193,2023-10-16 10:00,J30,"Joint Committee on Tourism, Arts and Cultural Development","A-1, 24 Beacon Street, Boston",Completed,11,4714
193,2023-10-16 13:00,J13,"Joint Committee on Children, Families and Persons with Disabilities","B-2, 24 Beacon Street, Boston",Completed,13,4739
193,2023-10-16 13:00,J17,Joint Committee on Consumer Protection and Professional Licensure,"B-1, 24 Beacon Street, Boston",Completed,6,4744
193,2023-10-17 09:30,J11,Joint Committee on Financial Services,"A-2 and virtual, 24 Beacon Street, Boston",Completed,23,4733
193,2023-10-17 10:00,J23,Joint Committee on Public Service,"B-2, 24 Beacon Street, Boston",Completed,45,4740
193,2023-10-17 10:00,J24,Joint Committee on Health Care Financing,"A-1, 24 Beacon Street, Boston",Completed,29,4732
193,2023-10-17 11:00,J10,Joint Committee on Municipalities and Regional Government,"B-1, 24 Beacon Street, Boston",Completed,29,4717
193,2023-10-17 11:00,J14,Joint Committee on Education,"Gardner Auditorium, 24 Beacon Street, Boston",Completed,22,4737
193,2023-10-17 13:00,J27,Joint Committee on Transportation,"A-1, 24 Beacon Street, Boston",Completed,58,4738
193,2023-10-18 09:00,J38,Joint Committee on Agriculture,"Written Testimony Only, 24 Beacon Street, Boston",Completed,2,4722
193,2023-10-19 10:00,J12,Joint Committee on Economic Development and Emerging Technologies,"A-1, 24 Beacon Street, Boston",Completed,12,4745
193,2023-10-19 13:00,J33,"Joint Committee on Advanced Information Technology, the Internet and Cybersecurity","Gardner Auditorium, 24 Beacon Street, Boston",Completed,6,4747
193,2023-10-20 09:00,J16,Joint Committee on Public Health,"Gardner Auditorium, 24 Beacon Street, Boston",Completed,2,4746
193,2023-10-23 11:00,J18,"Joint Committee on Mental Health, Substance Use and Recovery","Gardner Auditorium, 24 Beacon Street, Boston",Completed,7,4702
193,2023-10-23 13:00,J13,"Joint Committee on Children, Families and Persons with Disabilities","A-2, 24 Beacon Street, Boston",Completed,17,4748
193,2023-10-24 10:00,J11,Joint Committee on Financial Services,"A-2 and virtual, 24 Beacon Street, Boston",Completed,36,4752
193,2023-10-24 11:00,J25,Joint Committee on State Administration and Regulatory Oversight,"Gardner Auditorium, 24 Beacon Street, Boston",Completed,36,4711
193,2023-10-24 11:00,J26,Joint Committee on Revenue,"B-1, 24 Beacon Street, Boston",Completed,56,4762
193,2023-10-24 13:00,J28,Joint Committee on Housing,"A-1, 24 Beacon Street, Boston",Completed,17,4756
193,2023-10-24 13:00,J43,Joint Committee on Labor and Workforce Development,"B-2, 24 Beacon Street, Boston",Completed,42,4749
193,2023-10-24 13:30,J10,Joint Committee on Municipalities and Regional Government,"B-1, 24 Beacon Street, Boston",Completed,29,4718
193,2023-10-25 13:00,J21,Joint Committee on Environment and Natural Resources,"A-2, 24 Beacon Street, Boston",Completed,27,4753
193,2023-10-30 10:00,J11,Joint Committee on Financial Services,"A-2 and virtual, 24 Beacon Street, Boston",Completed,23,4755
193,2023-10-30 10:00,J30,"Joint Committee on Tourism, Arts and Cultural Development","A-1, 24 Beacon Street, Boston",Completed,5,4763
193,2023-10-30 10:00,J47,Joint Committee on Community Development and Small Businesses,"B-2, 24 Beacon Street, Boston",Completed,11,4723
193,2023-10-30 12:00,J18,"Joint Committee on Mental Health, Substance Use and Recovery","B-1, 24 Beacon Street, Boston",Completed,19,4766
193,2023-10-30 13:00,J14,Joint Committee on Education,"A-2, 24 Beacon Street, Boston",Completed,32,4761
193,2023-10-30 13:00,J27,Joint Committee on Transportation,"A-1, 24 Beacon Street, Boston",Completed,43,4765
193,2023-10-31 10:00,J23,Joint Committee on Public Service,"A-2, 24 Beacon Street, Boston",Completed,32,4764
193,2023-10-31 10:00,J37,"Joint Committee on Telecommunications, Utilities and Energy","A-1, 24 Beacon Street, Boston",Completed,25,4572
193,2023-10-31 13:00,J19,Joint Committee on the Judiciary,"A-2, 24 Beacon Street, Boston",Completed,31,4768
193,2023-11-06 10:30,J11,Joint Committee on Financial Services,"Gardner Auditorium, 24 Beacon Street, Boston",Completed,6,4770
193,2023-11-06 13:00,J18,"Joint Committee on Mental Health, Substance Use and Recovery","A-1, 24 Beacon Street, Boston",Completed,10,4754
193,2023-11-07 10:00,J24,Joint Committee on Health Care Financing,"A-1, 24 Beacon Street, Boston",Completed,15,4771
193,2023-11-08 13:00,J21,Joint Committee on Environment and Natural Resources,"A-2, 24 Beacon Street, Boston",Completed,17,4767
193,2023-11-09 10:00,J37,"Joint Committee on Telecommunications, Utilities and Energy","B-1, 24 Beacon Street, Boston",Completed,11,4782
193,2023-11-13 09:00,J23,Joint Committee on Public Service,"Written Testimony Only, 24 Beacon Street, Boston",Completed,5,4790
193,2023-11-13 13:00,J13,"Joint Committee on Children, Families and Persons with Disabilities","B-2, 24 Beacon Street, Boston",Completed,4,4757
193,2023-11-13 13:00,J14,Joint Committee on Education,"A-2, 24 Beacon Street, Boston",Completed,28,4774
193,2023-11-13 13:00,J25,Joint Committee on State Administration and Regulatory Oversight,"B-1, 24 Beacon Street, Boston",Completed,1,4789
193,2023-11-13 13:00,J31,Joint Committee on Veterans and Federal Affairs,"A-1, 24 Beacon Street, Boston",Completed,23,4783
193,2023-11-14 10:00,J11,Joint Committee on Financial Services,"A-2 and virtual, 24 Beacon Street, Boston",Completed,23,4777
193,2023-11-14 10:00,J24,Joint Committee on Health Care Financing,"A-1, 24 Beacon Street, Boston",Completed,4,4778
193,2023-11-14 10:30,J43,Joint Committee on Labor and Workforce Development,"B-2, 24 Beacon Street, Boston",Completed,29,4776
193,2023-11-14 11:00,J26,Joint Committee on Revenue,"B-1, 24 Beacon Street, Boston",Completed,50,4791
193,2023-11-14 11:00,J28,Joint Committee on Housing,"Gardner Auditorium, 24 Beacon Street, Boston",Completed,30,4784
193,2023-11-14 13:00,J10,Joint Committee on Municipalities and Regional Government,"B-1, 24 Beacon Street, Boston",Completed,32,4735
193,2023-11-14 13:00,J19,Joint Committee on the Judiciary,"A-2, 24 Beacon Street, Boston",Completed,47,4760
193,2023-11-15 09:00,J16,Joint Committee on Public Health,"A-2, 24 Beacon Street, Boston",Completed,46,4779
193,2023-11-20 13:00,J27,Joint Committee on Transportation,"A-1, 24 Beacon Street, Boston",Completed,51,4785
193,2023-11-21 13:00,J19,Joint Committee on the Judiciary,"A-2, 24 Beacon Street, Boston",Completed,43,4794
193,2023-11-27 09:00,J23,Joint Committee on Public Service,"Written Testimony Only, 24 Beacon Street, Boston",Completed,3,4798
193,2023-11-28 11:00,J22,Joint Committee on Public Safety and Homeland Security,"Gardner Auditorium, 24 Beacon Street, Boston",Completed,56,4625
193,2023-11-29 12:00,J21,Joint Committee on Environment and Natural Resources,"A-2, 24 Beacon Street, Boston",Completed,38,4780
193,2023-12-04 11:00,J22,Joint Committee on Public Safety and Homeland Security,"A-1, 24 Beacon Street, Boston",Completed,13,4475
193,2023-12-04 13:00,J18,"Joint Committee on Mental Health, Substance Use and Recovery","A-1, 24 Beacon Street, Boston",Completed,20,4781
193,2023-12-05 10:00,J11,Joint Committee on Financial Services,"A-2 and virtual, 24 Beacon Street, Boston",Completed,23,4797
193,2023-12-05 11:00,J10,Joint Committee on Municipalities and Regional Government,"A-1, 24 Beacon Street, Boston",Completed,25,4736
193,2023-12-05 13:00,J15,Joint Committee on Election Laws,"A-1, 24 Beacon Street, Boston",Completed,11,4802
193,2023-12-05 13:00,J19,Joint Committee on the Judiciary,"A-2, 24 Beacon Street, Boston",Completed,33,4800
193,2023-12-06 13:30,J12,Joint Committee on Economic Development and Emerging Technologies,"A-2, 24 Beacon Street, Boston",Completed,0,4803
193,2023-12-11 11:00,J22,Joint Committee on Public Safety and Homeland Security,"A-1, 24 Beacon Street, Boston",Completed,45,4661
193,2023-12-11 11:00,J25,Joint Committee on State Administration and Regulatory Oversight,"A-2, 24 Beacon Street, Boston",Completed,3,4801
193,2023-12-19 13:00,J19,Joint Committee on the Judiciary,"A-2, 24 Beacon Street, Boston",Completed,44,4809
193,2023-12-21 11:00,J37,"Joint Committee on Telecommunications, Utilities and Energy","A-2, 24 Beacon Street, Boston",Completed,5,4813
193,2024-01-04 10:00,S48,Senate Committee on Post Audit and Oversight,"428, 24 Beacon Street, Boston",Completed,0,4817
193,2024-01-09 09:00,J26,Joint Committee on Revenue,"Written Testimony Only, 24 Beacon Street, Boston",Completed,2,4820
193,2024-01-10 13:00,J14,Joint Committee on Education,"A-2, 24 Beacon Street, Boston",Completed,5,4815
193,2024-01-11 10:30,J37,"Joint Committee on Telecommunications, Utilities and Energy","A-2, 24 Beacon Street, Boston",Completed,13,4672
193,2024-01-12 09:00,J10,Joint Committee on Municipalities and Regional Government,"Written Testimony Only, 24 Beacon Street, Boston",Completed,9,4824
193,2024-01-12 09:00,J11,Joint Committee on Financial Services,"Written Testimony Only, 24 Beacon Street, Boston",Completed,1,4823
193,2024-01-12 09:00,J38,Joint Committee on Agriculture,"Written Testimony Only, 24 Beacon Street, Boston",Completed,1,4810
193,2024-01-16 09:00,J23,Joint Committee on Public Service,"Written Testimony Only, 24 Beacon Street, Boston",Completed,7,4828
193,2024-01-16 13:00,J31,Joint Committee on Veterans and Federal Affairs,"A-1, 24 Beacon Street, Boston",Completed,12,4822
193,2024-01-18 11:00,J28,Joint Committee on Housing,"Gardner Auditorium, 24 Beacon Street, Boston",Completed,1,4819
193,2024-01-19 09:00,J19,Joint Committee on the Judiciary,"Written Testimony Only, 24 Beacon Street, Boston",Completed,1,4831
193,2024-01-19 09:00,J30,"Joint Committee on Tourism, Arts and Cultural Development","Written Testimony Only, 24 Beacon Street, Boston",Completed,1,4826
193,2024-01-22 11:00,J22,Joint Committee on Public Safety and Homeland Security,"B-1, 24 Beacon Street, Boston",Completed,4,4660
193,2024-01-22 11:00,J47,Joint Committee on Community Development and Small Businesses,"A-2, 24 Beacon Street, Boston",Completed,1,4832
193,2024-01-22 13:00,J17,Joint Committee on Consumer Protection and Professional Licensure,"A-1, 24 Beacon Street, Boston",Completed,4,4833
193,2024-01-23 11:00,J22,Joint Committee on Public Safety and Homeland Security,"B-2, 24 Beacon Street, Boston",Completed,53,4659
193,2024-01-23 13:00,J23,Joint Committee on Public Service,"A-1, 24 Beacon Street, Boston",Completed,3,4834
193,2024-01-23 13:00,J31,Joint Committee on Veterans and Federal Affairs,"B-1, 24 Beacon Street, Boston",Completed,5,4829
193,2024-01-24 13:00,J27,Joint Committee on Transportation,"A-2, 24 Beacon Street, Boston",Completed,71,4808
193,2024-01-25 09:00,J44,Joint Committee on Elder Affairs,"Written Testimony Only, 24 Beacon Street, Boston",Completed,1,4825
193,2024-01-28 09:00,J19,Joint Committee on the Judiciary,"Written Testimony Only, 24 Beacon Street, Boston",Completed,1,4837
193,2024-01-30 00:00,J38,Joint Committee on Agriculture,"Written Testimony Only, 24 Beacon Street, Boston",Completed,3,4841
193,2024-01-30 11:00,J22,Joint Committee on Public Safety and Homeland Security,"A-2, 24 Beacon Street, Boston",Completed,12,4827
193,2024-01-30 11:00,J43,Joint Committee on Labor and Workforce Development,"Written Testimony Only, 24 Beacon Street, Boston",Completed,1,4838
193,2024-01-30 14:00,J27,Joint Committee on Transportation,"A-1, 24 Beacon Street, Boston",Completed,2,4845
193,2024-02-01 09:00,J16,Joint Committee on Public Health,"Written Testimony Only, 24 Beacon Street, Boston",Completed,3,4843
193,2024-02-01 11:00,J25,Joint Committee on State Administration and Regulatory Oversight,"A-2, 24 Beacon Street, Boston",Completed,3,4842
193,2024-02-02 09:00,J14,Joint Committee on Education,"Written Testimony Only, 24 Beacon Street, Boston",Completed,1,4836
193,2024-02-02 09:00,J28,Joint Committee on Housing,"Written Testimony Only, 24 Beacon Street, Boston",Completed,10,4844
193,2024-02-02 09:00,J33,"Joint Committee on Advanced Information Technology, the Internet and Cybersecurity","Written Testimony Only, 24 Beacon Street, Boston",Completed,1,4846
193,2024-02-02 09:00,J52,Joint Committee on Emergency Preparedness and Management,"Written Testimony Only, 24 Beacon Street, Boston",Completed,2,4854
193,2024-02-02 10:00,J29,Joint Committee on Higher Education,"Written Testimony Only, 24 Beacon Street, Boston",Completed,2,4855
193,2024-02-06 10:00,H54,House Committee on Federal Stimulus and Census Oversight,"A-2, 24 Beacon Street, Boston",Completed,0,4848
193,2024-02-06 13:00,J17,Joint Committee on Consumer Protection and Professional Licensure,"A-1, 24 Beacon Street, Boston",Canceled,18,4849
193,2024-02-06 13:00,J17,Joint Committee on Consumer Protection and Professional Licensure,"A-1, 24 Beacon Street, Boston",Completed,127,4852
193,2024-02-06 13:00,J32,"Joint Committee on Bonding, Capital Expenditures and State Assets","B-1, 24 Beacon Street, Boston",Completed,1,4851
193,2024-02-07 12:00,J39,Joint Committee on Ways and Means,"Gardner Auditorium, 24 Beacon Street, Boston",Completed,0,4847
193,2024-02-07 16:00,J10,Joint Committee on Municipalities and Regional Government,"Written Testimony Only, 24 Beacon Street, Boston",Completed,7,4850
193,2024-02-13 09:00,J18,"Joint Committee on Mental Health, Substance Use and Recovery","Written Testimony Only, 24 Beacon Street, Boston",Completed,1,4858
193,2024-02-14 09:00,J23,Joint Committee on Public Service,"Written Testimony Only, 24 Beacon Street, Boston",Completed,4,4865
193,2024-02-15 09:00,J11,Joint Committee on Financial Services,"Written Testimony Only, 24 Beacon Street, Boston",Completed,1,4860
193,2024-02-15 15:00,J25,Joint Committee on State Administration and Regulatory Oversight,"Written Testimony Only, 24 Beacon Street, Boston",Completed,1,4871
193,2024-02-20 09:00,J16,Joint Committee on Public Health,"Written Testimony Only, 24 Beacon Street, Boston",Completed,2,4867
193,2024-02-27 09:00,J37,"Joint Committee on Telecommunications, Utilities and Energy","Written Testimony Only, 24 Beacon Street, Boston",Completed,1,4869
193,2024-02-27 11:00,J10,Joint Committee on Municipalities and Regional Government,"A-1, 24 Beacon Street, Boston",Completed,1,4868
193,2024-02-27 11:00,J39,Joint Committee on Ways and Means,"Bristol County Agricultural High School, 135 Center St, Dighton",Completed,0,4879
193,2024-02-29 13:00,J26,Joint Committee on Revenue,"A-2, 24 Beacon Street, Boston",Completed,1,4876
193,2024-03-01 09:00,J14,Joint Committee on Education,"Written Testimony Only, 24 Beacon Street, Boston",Completed,1,4873
193,2024-03-01 11:00,J39,Joint Committee on Ways and Means,"Greenfield Community College, One College Drive, Greenfield",Completed,0,4863
193,2024-03-04 10:00,J23,Joint Committee on Public Service,"A-1, 24 Beacon Street, Boston",Completed,5,4878
193,2024-03-04 13:00,SJ42,Special Joint Committee on Initiative Petitions,"A-2, 24 Beacon Street, Boston",Completed,1,4883
193,2024-03-05 10:00,S51,Senate Committee on Global Warming and Climate Change,"Virtual Hearing, 24 Beacon Street, Boston",Completed,0,4885
193,2024-03-05 13:00,J11,Joint Committee on Financial Services,"A-1, 24 Beacon Street, Boston",Completed,1,4874
193,2024-03-08 09:00,J28,Joint Committee on Housing,"Written Testimony Only, 24 Beacon Street, Boston",Canceled,0,4890
193,2024-03-08 09:00,J28,Joint Committee on Housing,"Written Testimony Only, 24 Beacon Street, Boston",Completed,1,4891
193,2024-03-08 10:30,J39,Joint Committee on Ways and Means,"Gloucester City Hall, 9 Dale Ave, Gloucester",Completed,0,4880
193,2024-03-08 12:00,J10,Joint Committee on Municipalities and Regional Government,"Written Testimony Only, 24 Beacon Street, Boston",Completed,3,4895
193,2024-03-11 11:00,J39,Joint Committee on Ways and Means,"Northeastern University - Innovation Campus at Burlington, 147 S Bedford Street, Burlington",Completed,0,4884
193,2024-03-11 16:00,J15,Joint Committee on Election Laws,"Written Testimony Only, 24 Beacon Street, Boston",Completed,2,4898
193,2024-03-12 09:00,J27,Joint Committee on Transportation,"Written Testimony Only, 24 Beacon Street, Boston",Completed,1,4894
193,2024-03-12 10:00,SJ42,Special Joint Committee on Initiative Petitions,"A-2, 24 Beacon Street, Boston",Completed,1,4893
193,2024-03-12 11:00,J39,Joint Committee on Ways and Means,"Springfield Technical Community College, 1 Armory Sq, Springfield",Completed,0,4881
193,2024-03-13 13:00,J25,Joint Committee on State Administration and Regulatory Oversight,"Written Testimony Only, 24 Beacon Street, Boston",Completed,1,4900
193,2024-03-14 12:00,J24,Joint Committee on Health Care Financing,"Gardner Auditorium, 24 Beacon Street, Boston",Completed,0,4870
193,2024-03-19 10:00,SJ42,Special Joint Committee on Initiative Petitions,"A-2, 24 Beacon Street, Boston",Completed,6,4899
193,2024-03-19 11:00,J39,Joint Committee on Ways and Means,"Worcester State University, 486 Chandler Street, Worcester",Completed,0,4887
193,2024-03-20 13:00,J17,Joint Committee on Consumer Protection and Professional Licensure,"Written Testimony Only, 24 Beacon Street, Boston",Completed,1,4901
193,2024-03-25 10:00,J24,Joint Committee on Health Care Financing,"A-1, 24 Beacon Street, Boston",Completed,0,4903
193,2024-03-25 13:00,J11,Joint Committee on Financial Services,"A-2, 24 Beacon Street, Boston",Completed,1,4902
193,2024-03-26 09:00,J27,Joint Committee on Transportation,"Written Testimony Only, 24 Beacon Street, Boston",Completed,2,4904
193,2024-03-26 09:00,J32,"Joint Committee on Bonding, Capital Expenditures and State Assets","Written Testimony Only, 24 Beacon Street, Boston",Completed,1,4909
193,2024-03-26 10:00,SJ42,Special Joint Committee on Initiative Petitions,"A-2, 24 Beacon Street, Boston",Completed,1,4907
193,2024-03-26 11:00,J39,Joint Committee on Ways and Means,"Gardner Auditorium, 24 Beacon Street, Boston",Completed,0,4897
193,2024-03-26 13:30,SJ42,Special Joint Committee on Initiative Petitions,"A-2, 24 Beacon Street, Boston",Completed,1,4908
193,2024-03-28 13:00,J10,Joint Committee on Municipalities and Regional Government,"Written Testimony Only, 24 Beacon Street, Boston",Completed,6,4911
193,2024-04-02 13:00,J32,"Joint Committee on Bonding, Capital Expenditures and State Assets","A-2, 24 Beacon Street, Boston",Completed,1,4912
193,2024-04-02 13:00,S51,Senate Committee on Global Warming and Climate Change,"Virtual Hearing, 24 Beacon Street, Boston",Completed,0,4910
193,2024-04-02 14:00,J12,Joint Committee on Economic Development and Emerging Technologies,"A-1, 24 Beacon Street, Boston",Completed,1,4913
193,2024-04-08 13:00,J17,Joint Committee on Consumer Protection and Professional Licensure,"B-2, 24 Beacon Street, Boston",Completed,1,4915
193,2024-04-10 09:00,J19,Joint Committee on the Judiciary,"Written Testimony Only, 24 Beacon Street, Boston",Completed,1,4917
193,2024-04-12 09:00,J28,Joint Committee on Housing,"Written Testimony Only, 24 Beacon Street, Boston",Completed,1,4919
193,2024-04-16 09:00,J21,Joint Committee on Environment and Natural Resources,"Written Testimony Only, 24 Beacon Street, Boston",Completed,3,4866
193,2024-04-16 11:00,S48,Senate Committee on Post Audit and Oversight,"International Brotherhood of Electrical Workers (IBEW) Local 223, 475 Myles Standish Boulevard, Taunton",Completed,0,4921
193,2024-04-17 09:00,J23,Joint Committee on Public Service,"Written Testimony Only, 24 Beacon Street, Boston",Completed,3,4922
193,2024-04-19 09:00,J26,Joint Committee on Revenue,"Written Testimony Only, 24 Beacon Street, Boston",Completed,4,4923
193,2024-04-29 09:00,J31,Joint Committee on Veterans and Federal Affairs,"Written Testimony Only, 24 Beacon Street, Boston",Completed,1,4920
193,2024-05-01 09:00,J21,Joint Committee on Environment and Natural Resources,"Written Testimony Only, 24 Beacon Street, Boston",Completed,1,4928
193,2024-05-07 10:00,J12,Joint Committee on Economic Development and Emerging Technologies,"A-1 & A-2, 24 Beacon Street, Boston",Completed,1,4930
193,2024-05-07 10:00,J15,Joint Committee on Election Laws,"B-1, 24 Beacon Street, Boston",Completed,4,4932
193,2024-05-08 13:00,J10,Joint Committee on Municipalities and Regional Government,"Written Testimony Only, 24 Beacon Street, Boston",Completed,5,4933
193,2024-05-09 09:00,J23,Joint Committee on Public Service,"Written Testimony Only, 24 Beacon Street, Boston",Completed,2,4936
193,2024-05-10 13:00,J17,Joint Committee on Consumer Protection and Professional Licensure,"Written Testimony Only, 24 Beacon Street, Boston",Completed,1,4931
193,2024-05-14 10:00,J23,Joint Committee on Public Service,"A-2, 24 Beacon Street, Boston",Completed,5,4937
193,2024-05-15 09:00,J26,Joint Committee on Revenue,"Written Testimony Only, 24 Beacon Street, Boston",Completed,2,4939
193,2024-05-16 13:30,J25,Joint Committee on State Administration and Regulatory Oversight,"Written Testimony Only, 24 Beacon Street, Boston",Completed,1,4946
193,2024-05-21 13:00,J15,Joint Committee on Election Laws,"Written Testimony Only, 24 Beacon Street, Boston",Completed,2,4947
193,2024-05-30 13:00,J10,Joint Committee on Municipalities and Regional Government,"Written Testimony Only, 24 Beacon Street, Boston",Completed,5,4950
193,2024-06-03 12:00,J32,"Joint Committee on Bonding, Capital Expenditures and State Assets","Written Testimony Only, 24 Beacon Street, Boston",Completed,1,4952
193,2024-06-05 11:00,J25,Joint Committee on State Administration and Regulatory Oversight,"Written Testimony Only, 24 Beacon Street, Boston",Completed,1,4957
193,2024-06-06 11:00,J14,Joint Committee on Education,"A-1, 24 Beacon Street, Boston",Completed,1,4951
193,2024-06-07 09:00,J23,Joint Committee on Public Service,"Written Testimony Only, 24 Beacon Street, Boston",Completed,7,4954
193,2024-06-07 09:00,J33,"Joint Committee on Advanced Information Technology, the Internet and Cybersecurity","Written Testimony Only, 24 Beacon Street, Boston",Completed,1,4955
193,2024-06-10 09:00,J21,Joint Committee on Environment and Natural Resources,"Written Testimony Only, 24 Beacon Street, Boston",Completed,2,4945
193,2024-06-10 13:00,J17,Joint Committee on Consumer Protection and Professional Licensure,"Written Testimony Only, 24 Beacon Street, Boston",Completed,1,4956
193,2024-06-10 13:00,J32,"Joint Committee on Bonding, Capital Expenditures and State Assets","A-2, 24 Beacon Street, Boston",Completed,1,4958
193,2024-06-11 10:00,J38,Joint Committee on Agriculture,"Virtual Hearing, 24 Beacon Street, Boston",Completed,0,4934
193,2024-06-13 09:00,J26,Joint Committee on Revenue,"Written Testimony Only, 24 Beacon Street, Boston",Completed,2,4960
193,2024-06-18 09:00,J37,"Joint Committee on Telecommunications, Utilities and Energy","Written Testimony Only, 24 Beacon Street, Boston",Completed,1,4875
193,2024-06-18 13:00,J10,Joint Committee on Municipalities and Regional Government,"Written Testimony Only, 24 Beacon Street, Boston",Completed,9,4965
193,2024-06-20 09:00,J21,Joint Committee on Environment and Natural Resources,"Written Testimony Only, 24 Beacon Street, Boston",Completed,1,4963
193,2024-06-25 09:00,J19,Joint Committee on the Judiciary,"Written Testimony Only, 24 Beacon Street, Boston",Completed,4,4967
193,2024-06-26 10:00,J27,Joint Committee on Transportation,"A-2, 24 Beacon Street, Boston",Completed,1,4966
193,2024-06-26 10:00,J47,Joint Committee on Community Development and Small Businesses,"B-2, 24 Beacon Street, Boston",Completed,0,4961
193,2024-06-26 11:00,J25,Joint Committee on State Administration and Regulatory Oversight,"B-2, 24 Beacon Street, Boston",Completed,3,4962
193,2024-06-27 09:00,J23,Joint Committee on Public Service,"Written Testimony Only, 24 Beacon Street, Boston",Completed,7,4969
193,2024-06-28 13:00,J17,Joint Committee on Consumer Protection and Professional Licensure,"Written Testimony Only, 24 Beacon Street, Boston",Completed,3,4968
193,2024-07-08 09:00,J26,Joint Committee on Revenue,"Written Testimony Only, 24 Beacon Street, Boston",Completed,1,4970
193,2024-07-09 11:00,J50,Joint Committee on Cannabis Policy,"A-2, 24 Beacon Street, Boston",Completed,0,4972
193,2024-07-10 13:00,J10,Joint Committee on Municipalities and Regional Government,"Written Testimony Only, 24 Beacon Street, Boston",Completed,4,4979
193,2024-07-12 09:00,J23,Joint Committee on Public Service,"Written Testimony Only, 24 Beacon Street, Boston",Completed,2,4980
193,2024-07-12 12:55,J25,Joint Committee on State Administration and Regulatory Oversight,"Written Testimony Only, 24 Beacon Street, Boston",Completed,4,4986
193,2024-07-12 13:00,J17,Joint Committee on Consumer Protection and Professional Licensure,"Written Testimony Only, 24 Beacon Street, Boston",Completed,5,4975
193,2024-07-15 09:00,J21,Joint Committee on Environment and Natural Resources,"Written Testimony Only, 24 Beacon Street, Boston",Completed,2,4984
193,2024-07-16 13:00,J26,Joint Committee on Revenue,"A-1, 24 Beacon Street, Boston",Completed,1,4982
193,2024-07-18 09:00,J11,Joint Committee on Financial Services,"Written Testimony Only, 24 Beacon Street, Boston",Completed,1,4985
193,2024-07-19 11:30,J25,Joint Committee on State Administration and Regulatory Oversight,"Written Testimony Only, 24 Beacon Street, Boston",Completed,1,4990
193,2024-07-19 14:00,J28,Joint Committee on Housing,"A-1, 24 Beacon Street, Boston",Completed,0,4976
193,2024-07-22 09:00,J26,Joint Committee on Revenue,"Written Testimony Only, 24 Beacon Street, Boston",Completed,3,4989
193,2024-07-24 13:30,J10,Joint Committee on Municipalities and Regional Government,"Written Testimony Only, 24 Beacon Street, Boston",Completed,7,4992
193,2024-07-24 16:30,J25,Joint Committee on State Administration and Regulatory Oversight,"Written Testimony Only, 24 Beacon Street, Boston",Completed,2,4995
193,2024-07-25 09:00,J23,Joint Committee on Public Service,"Written Testimony Only, 24 Beacon Street, Boston",Completed,5,4994
193,2024-07-25 14:00,J15,Joint Committee on Election Laws,"Written Testimony Only, 24 Beacon Street, Boston",Completed,1,4998
193,2024-07-26 13:00,J17,Joint Committee on Consumer Protection and Professional Licensure,"Written Testimony Only, 24 Beacon Street, Boston",Completed,1,4993
193,2024-07-30 09:00,J21,Joint Committee on Environment and Natural Resources,"Written Testimony Only, 24 Beacon Street, Boston",Completed,1,4999
193,2024-07-30 09:00,J26,Joint Committee on Revenue,"Virtual Hearing, 24 Beacon Street, Boston",Completed,1,5000
193,2024-07-30 13:00,J17,Joint Committee on Consumer Protection and Professional Licensure,"Written Testimony Only, 24 Beacon Street, Boston",Completed,2,4997
193,2024-08-09 09:00,J23,Joint Committee on Public Service,"Written Testimony Only, 24 Beacon Street, Boston",Completed,8,5002
193,2024-08-15 13:00,J17,Joint Committee on Consumer Protection and Professional Licensure,"Written Testimony Only, 24 Beacon Street, Boston",Completed,2,5003
193,2024-08-22 09:00,J26,Joint Committee on Revenue,"Written Testimony Only, 24 Beacon Street, Boston",Completed,3,5011
193,2024-08-26 09:00,J23,Joint Committee on Public Service,"Written Testimony Only, 24 Beacon Street, Boston",Completed,2,5007
193,2024-08-26 13:00,J10,Joint Committee on Municipalities and Regional Government,"Written Testimony Only, 24 Beacon Street, Boston",Completed,4,5010
193,2024-08-29 09:00,J21,Joint Committee on Environment and Natural Resources,"Written Testimony Only, 24 Beacon Street, Boston",Completed,1,5012
193,2024-09-09 09:00,J21,Joint Committee on Environment and Natural Resources,"Written Testimony Only, 24 Beacon Street, Boston",Completed,1,5015
193,2024-09-09 09:00,J23,Joint Committee on Public Service,"Written Testimony Only, 24 Beacon Street, Boston",Completed,3,5014
193,2024-09-11 09:00,J32,"Joint Committee on Bonding, Capital Expenditures and State Assets","Written Testimony Only, 24 Beacon Street, Boston",Completed,2,5017
193,2024-09-17 13:00,J10,Joint Committee on Municipalities and Regional Government,"Written Testimony Only, 24 Beacon Street, Boston",Completed,5,5023
193,2024-09-20 13:00,J17,Joint Committee on Consumer Protection and Professional Licensure,"Written Testimony Only, 24 Beacon Street, Boston",Completed,1,5021
193,2024-09-26 09:00,J26,Joint Committee on Revenue,"Written Testimony Only, 24 Beacon Street, Boston",Completed,1,5025
193,2024-10-03 09:00,J23,Joint Committee on Public Service,"Written Testimony Only, 24 Beacon Street, Boston",Completed,8,5027
193,2024-10-04 09:00,J38,Joint Committee on Agriculture,"Written Testimony Only, 24 Beacon Street, Boston",Completed,1,5028
193,2024-10-08 13:00,J10,Joint Committee on Municipalities and Regional Government,"Written Testimony Only, 24 Beacon Street, Boston",Completed,5,5031
193,2024-10-10 11:00,J29,Joint Committee on Higher Education,"A-2, 24 Beacon Street, Boston",Completed,0,5024
193,2024-10-10 15:00,J25,Joint Committee on State Administration and Regulatory Oversight,"Written Testimony Only, 24 Beacon Street, Boston",Completed,1,5033
193,2024-10-23 14:00,J25,Joint Committee on State Administration and Regulatory Oversight,"Written Testimony Only, 24 Beacon Street, Boston",Completed,1,5036
193,2024-10-25 09:00,J23,Joint Committee on Public Service,"Written Testimony Only, 24 Beacon Street, Boston",Completed,5,5035
193,2024-10-30 11:00,J50,Joint Committee on Cannabis Policy,"B-1, 24 Beacon Street, Boston",Completed,0,5030
193,2024-11-08 13:00,J17,Joint Committee on Consumer Protection and Professional Licensure,"Written Testimony Only, 24 Beacon Street, Boston",Completed,1,5041
193,2024-11-12 09:00,J23,Joint Committee on Public Service,"Written Testimony Only, 24 Beacon Street, Boston",Completed,3,5044
193,2024-11-12 12:00,J15,Joint Committee on Election Laws,"Written Testimony Only, 24 Beacon Street, Boston",Completed,1,5050
193,2024-11-12 13:00,J10,Joint Committee on Municipalities and Regional Government,"Written Testimony Only, 24 Beacon Street, Boston",Completed,5,5043
193,2024-11-13 11:00,J50,Joint Committee on Cannabis Policy,"A-2, 24 Beacon Street, Boston",Completed,0,5045
193,2024-11-20 11:00,J26,Joint Committee on Revenue,"A-2, 24 Beacon Street, Boston",Completed,2,5051
193,2024-11-22 13:00,J17,Joint Committee on Consumer Protection and Professional Licensure,"Written Testimony Only, 24 Beacon Street, Boston",Completed,1,5055
193,2024-11-26 11:00,J10,Joint Committee on Municipalities and Regional Government,"Written Testimony Only, 24 Beacon Street, Boston",Completed,2,5058
193,2024-11-26 14:00,J27,Joint Committee on Transportation,"A-2, 24 Beacon Street, Boston",Completed,2,5056
193,2024-12-02 09:00,J21,Joint Committee on Environment and Natural Resources,"Written Testimony Only, 24 Beacon Street, Boston",Completed,1,5057
193,2024-12-02 09:00,J23,Joint Committee on Public Service,"Written Testimony Only, 24 Beacon Street, Boston",Completed,5,5060
193,2024-12-02 13:00,J39,Joint Committee on Ways and Means,"Gardner Auditorium, 24 Beacon Street, Boston",Completed,0,5059
193,2024-12-05 09:00,J27,Joint Committee on Transportation,"Written Testimony Only, 24 Beacon Street, Boston",Completed,1,5061
193,2024-12-10 11:00,J10,Joint Committee on Municipalities and Regional Government,"Written Testimony Only, 24 Beacon Street, Boston",Completed,2,5062
193,2024-12-11 13:00,J24,Joint Committee on Health Care Financing,"Written Testimony Only, 24 Beacon Street, Boston",Completed,2,5065
193,2024-12-11 14:00,J15,Joint Committee on Election Laws,"Written Testimony Only, 24 Beacon Street, Boston",Completed,1,5067
193,2024-12-18 13:00,J17,Joint Committee on Consumer Protection and Professional Licensure,"Written Testimony Only, 24 Beacon Street, Boston",Completed,1,5068
193,2024-12-20 11:00,J10,Joint Committee on Municipalities and Regional Government,"Written Testimony Only, 24 Beacon Street, Boston",Completed,1,5069
194,2025-03-06 11:00,J39,Joint Committee on Ways and Means,"Gardner Auditorium, 24 Beacon Street, Boston",Completed,0,5088
194,2025-03-10 11:00,J39,Joint Committee on Ways and Means,"Gloucester City Hall, 24 Beacon Street, Boston",Completed,0,5090
194,2025-03-13 12:00,J24,Joint Committee on Health Care Financing,"Gardner Auditorium, 24 Beacon Street, Boston",Completed,0,5091
194,2025-03-24 11:00,J39,Joint Committee on Ways and Means,"UMass Amherst, Amherst",Completed,0,5095
194,2025-03-25 11:00,J39,Joint Committee on Ways and Means,"Doherty Memorial High School, 299 Highland Street, Worcester",Completed,0,5096
194,2025-03-25 13:00,J26,Joint Committee on Revenue,"A-1, 24 Beacon Street, Boston",Completed,4,5108
194,2025-03-26 09:00,J16,Joint Committee on Public Health,"A-1, 24 Beacon Street, Boston",Completed,0,5110
194,2025-03-26 13:15,H46,House Committee on Post Audit and Oversight,"Virtual Hearing, 24 Beacon Street, Boston",Completed,0,5106
194,2025-03-28 11:00,J39,Joint Committee on Ways and Means,"Clinton Town Hall, 242 Church Street, Clinton",Completed,0,5097
194,2025-03-31 10:00,J39,Joint Committee on Ways and Means,"Cape Cod Community College, Barnstable",Completed,0,5098
194,2025-04-01 11:00,J11,Joint Committee on Financial Services,"A-2, 24 Beacon Street, Boston",Completed,0,5102
194,2025-04-01 11:00,S51,Senate Committee on Climate Change and Global Warming,"Virtual Hearing, 24 Beacon Street, Boston",Completed,0,5112
194,2025-04-01 13:00,J15,Joint Committee on Election Laws,"A-1, 24 Beacon Street, Boston",Completed,5,5113
194,2025-04-02 09:00,J16,Joint Committee on Public Health,"Gardner Auditorium, 24 Beacon Street, Boston",Completed,10,5111
194,2025-04-02 10:00,TS10,Subcommittee on chapter 250 of the acts of 2024,"222, 24 Beacon Street, Boston",Completed,0,5117
194,2025-04-03 12:00,J39,Joint Committee on Ways and Means,"Gardner Auditorium, 24 Beacon Street, Boston",Completed,0,5109
194,2025-04-07 10:00,J39,Joint Committee on Ways and Means,"Attleboro High School, One Blue Pride Way, Attleboro",Completed,0,5099
194,2025-04-08 10:00,J26,Joint Committee on Revenue,"A-1, 24 Beacon Street, Boston",Completed,14,5122
194,2025-04-08 11:00,J39,Joint Committee on Ways and Means,"State House (Room TBD), 24 Beacon Street, Boston",Completed,0,5100
194,2025-04-08 13:00,J19,Joint Committee on the Judiciary,"A-2, 24 Beacon Street, Boston",Completed,29,5123
194,2025-04-08 13:00,J21,Joint Committee on Environment and Natural Resources,"A-1, 24 Beacon Street, Boston",Completed,24,5121
194,2025-04-09 10:00,J22,Joint Committee on Public Safety and Homeland Security,"A-1 & A-2, 24 Beacon Street, Boston",Completed,24,5130
194,2025-04-09 10:30,J50,Joint Committee on Cannabis Policy,"B-1, 24 Beacon Street, Boston",Completed,21,5118
194,2025-04-09 13:00,J25,Joint Committee on State Administration and Regulatory Oversight,"A-2, 24 Beacon Street, Boston",Completed,28,5128
194,2025-04-09 13:00,J33,"Joint Committee on Advanced Information Technology, the Internet and Cybersecurity","A-1, 24 Beacon Street, Boston",Completed,19,5114
194,2025-04-10 13:00,J27,Joint Committee on Transportation,"A-1, 24 Beacon Street, Boston",Completed,1,5115
194,2025-04-14 10:00,J17,Joint Committee on Consumer Protection and Professional Licensure,"A-2, 24 Beacon Street, Boston",Completed,29,5129
194,2025-04-14 13:00,J23,Joint Committee on Public Service,"A-1, 24 Beacon Street, Boston",Completed,30,5134
194,2025-04-14 13:00,J28,Joint Committee on Housing,"B-1, 24 Beacon Street, Boston",Completed,1,5131
194,2025-04-15 10:00,J11,Joint Committee on Financial Services,"A-2, 24 Beacon Street, Boston",Completed,24,5125
194,2025-04-15 13:00,J13,"Joint Committee on Children, Families and Persons with Disabilities","A-1, 24 Beacon Street, Boston",Completed,0,5124
194,2025-04-22 13:00,J19,Joint Committee on the Judiciary,"A-2, 24 Beacon Street, Boston",Completed,65,5143
194,2025-04-29 10:00,J11,Joint Committee on Financial Services,"A-2, 24 Beacon Street, Boston",Completed,30,5146
194,2025-04-29 10:00,J17,Joint Committee on Consumer Protection and Professional Licensure,"B-1, 24 Beacon Street, Boston",Completed,30,5147
194,2025-05-05 13:00,J29,Joint Committee on Higher Education,"A-1, 24 Beacon Street, Boston",Completed,21,5148
194,2025-05-06 11:00,J37,"Joint Committee on Telecommunications, Utilities and Energy","A-2, 24 Beacon Street, Boston",Completed,25,5158
194,2025-05-06 13:00,J14,Joint Committee on Education,"B-2, 24 Beacon Street, Boston",Completed,25,5141
194,2025-05-06 13:00,J15,Joint Committee on Election Laws,"B-1, 24 Beacon Street, Boston",Completed,27,5151
194,2025-05-06 13:00,J19,Joint Committee on the Judiciary,"A-2, 24 Beacon Street, Boston",Completed,56,5153
194,2025-05-06 13:00,J21,Joint Committee on Environment and Natural Resources,"A-1, 24 Beacon Street, Boston",Completed,50,5145
194,2025-05-07 10:30,J50,Joint Committee on Cannabis Policy,"B-1, 24 Beacon Street, Boston",Completed,18,5165
194,2025-05-07 13:00,J22,Joint Committee on Public Safety and Homeland Security,"A-2, 24 Beacon Street, Boston",Completed,50,5167
194,2025-05-07 13:00,J23,Joint Committee on Public Service,"A-1, 24 Beacon Street, Boston",Completed,37,5163
194,2025-05-08 13:00,J27,Joint Committee on Transportation,"A-2, 24 Beacon Street, Boston",Completed,0,5166
194,2025-05-12 10:00,J17,Joint Committee on Consumer Protection and Professional Licensure,"A-2, 24 Beacon Street, Boston",Completed,27,5171
194,2025-05-12 13:00,J14,Joint Committee on Education,"A-2, 24 Beacon Street, Boston",Completed,42,5168
194,2025-05-12 13:00,J23,Joint Committee on Public Service,"A-1, 24 Beacon Street, Boston",Completed,26,5177
194,2025-05-12 13:00,J24,Joint Committee on Health Care Financing,"Gardner Auditorium, 24 Beacon Street, Boston",Completed,17,5162
194,2025-05-13 10:00,J11,Joint Committee on Financial Services,"A-2, 24 Beacon Street, Boston",Completed,28,5170
194,2025-05-13 10:30,J26,Joint Committee on Revenue,"A-1, 24 Beacon Street, Boston",Completed,10,5178
194,2025-05-13 11:00,J43,Joint Committee on Labor and Workforce Development,"B-1, 24 Beacon Street, Boston",Completed,36,5161
194,2025-05-13 13:00,J10,Joint Committee on Municipalities and Regional Government,"B-1, 24 Beacon Street, Boston",Completed,47,5152
194,2025-05-13 13:00,J13,"Joint Committee on Children, Families and Persons with Disabilities","A-1, 24 Beacon Street, Boston",Completed,15,5169
194,2025-05-13 13:00,J25,Joint Committee on State Administration and Regulatory Oversight,"A-2, 24 Beacon Street, Boston",Completed,25,5176
194,2025-05-13 13:00,J27,Joint Committee on Transportation,"B-2, 24 Beacon Street, Boston",Completed,37,5174
194,2025-05-14 10:00,S51,Senate Committee on Climate Change and Global Warming,"Virtual Hearing, 24 Beacon Street, Boston",Completed,0,5156
194,2025-05-14 13:00,J37,"Joint Committee on Telecommunications, Utilities and Energy","A-2, 24 Beacon Street, Boston",Completed,22,5175
194,2025-05-15 13:00,J25,Joint Committee on State Administration and Regulatory Oversight,"222, 24 Beacon Street, Boston",Completed,0,5182
194,2025-05-15 13:00,J28,Joint Committee on Housing,"A-1, 24 Beacon Street, Boston",Completed,0,5179
194,2025-05-27 10:00,J47,Joint Committee on Community Development and Small Businesses,"A-1, 24 Beacon Street, Boston",Completed,0,5172
194,2025-05-27 10:30,J11,Joint Committee on Financial Services,"A-2, 24 Beacon Street, Boston",Completed,23,5187
194,2025-05-28 13:00,J23,Joint Committee on Public Service,"A-2, 24 Beacon Street, Boston",Completed,33,5192
194,2025-05-28 13:00,S50,Senate Committee on Steering and Policy,"A-1, 24 Beacon Street, Boston",Completed,0,5184
194,2025-05-29 13:00,H54,"House Committee on Federal Funding, Policy and Accountability","A-2, 24 Beacon Street, Boston",Completed,0,5180
194,2025-05-29 13:00,J28,Joint Committee on Housing,"B-1, 24 Beacon Street, Boston",Completed,0,5191
194,2025-06-02 11:00,J24,Joint Committee on Health Care Financing,"Gardner Auditorium, 24 Beacon Street, Boston",Completed,38,5193
194,2025-06-02 13:00,J17,Joint Committee on Consumer Protection and Professional Licensure,"B-2, 24 Beacon Street, Boston",Completed,27,5194
194,2025-06-02 13:00,J23,Joint Committee on Public Service,"A-2, 24 Beacon Street, Boston",Completed,26,5203
194,2025-06-03 11:00,J27,Joint Committee on Transportation,"B-2, 24 Beacon Street, Boston",Completed,20,5195
194,2025-06-03 13:00,J14,Joint Committee on Education,"B-2, 24 Beacon Street, Boston",Completed,35,5189
194,2025-06-03 13:00,J19,Joint Committee on the Judiciary,"A-2, 24 Beacon Street, Boston",Completed,62,5201
194,2025-06-03 13:00,J21,Joint Committee on Environment and Natural Resources,"A-1, 24 Beacon Street, Boston",Completed,56,5190
194,2025-06-03 13:00,J29,Joint Committee on Higher Education,"B-1, 24 Beacon Street, Boston",Completed,4,5183
194,2025-06-04 09:00,J28,Joint Committee on Housing,"B-2, 24 Beacon Street, Boston",Completed,38,5197
194,2025-06-04 11:00,J25,Joint Committee on State Administration and Regulatory Oversight,"Gardner Auditorium, 24 Beacon Street, Boston",Completed,23,5208
194,2025-06-04 13:00,J23,Joint Committee on Public Service,"A-1, 24 Beacon Street, Boston",Completed,21,5206
194,2025-06-04 13:00,J37,"Joint Committee on Telecommunications, Utilities and Energy","A-2, 24 Beacon Street, Boston",Completed,32,5202
194,2025-06-05 11:00,J12,Joint Committee on Economic Development and Emerging Technologies,"A-2, 24 Beacon Street, Boston",Completed,19,5199
194,2025-06-06 10:00,J16,Joint Committee on Public Health,"Gardner Auditorium, 24 Beacon Street, Boston",Completed,10,5211
194,2025-06-10 10:30,J11,Joint Committee on Financial Services,"A-2, 24 Beacon Street, Boston",Completed,32,5213
194,2025-06-10 11:00,J43,Joint Committee on Labor and Workforce Development,"B-1, 24 Beacon Street, Boston",Completed,17,5188
194,2025-06-10 13:00,J10,Joint Committee on Municipalities and Regional Government,"B-1, 24 Beacon Street, Boston",Completed,42,5212
194,2025-06-10 13:00,J13,"Joint Committee on Children, Families and Persons with Disabilities","A-1, 24 Beacon Street, Boston",Completed,16,5214
194,2025-06-10 13:00,J19,Joint Committee on the Judiciary,"A-2, 24 Beacon Street, Boston",Completed,64,5216
194,2025-06-10 13:30,S48,Senate Committee on Post Audit and Oversight,"222, 24 Beacon Street, Boston",Canceled,0,5204
194,2025-06-11 09:00,J16,Joint Committee on Public Health,"A-1, 24 Beacon Street, Boston",Completed,45,5222
194,2025-06-11 13:00,J16,Joint Committee on Public Health,"A-1, 24 Beacon Street, Boston",Completed,46,5221
194,2025-06-11 13:00,J22,Joint Committee on Public Safety and Homeland Security,"A-2, 24 Beacon Street, Boston",Completed,25,5205
194,2025-06-12 13:00,J37,"Joint Committee on Telecommunications, Utilities and Energy","A-2, 24 Beacon Street, Boston",Completed,21,5218
194,2025-06-16 13:00,J26,Joint Committee on Revenue,"A-1, 24 Beacon Street, Boston",Completed,39,5234
194,2025-06-16 13:00,S65,Senate Committee on the Census ,"A-2, 24 Beacon Street, Boston",Completed,0,5160
194,2025-06-17 10:00,J50,Joint Committee on Cannabis Policy,"B-1, 24 Beacon Street, Boston",Completed,18,5235
194,2025-06-17 13:00,J14,Joint Committee on Education,"B-2, 24 Beacon Street, Boston",Completed,41,5220
194,2025-06-17 13:00,J15,Joint Committee on Election Laws,"B-1, 24 Beacon Street, Boston",Completed,46,5224
194,2025-06-17 13:00,J19,Joint Committee on the Judiciary,"A-2, 24 Beacon Street, Boston",Completed,72,5227
194,2025-06-17 13:00,J21,Joint Committee on Environment and Natural Resources,"A-1, 24 Beacon Street, Boston",Completed,40,5225
194,2025-06-18 11:00,J24,Joint Committee on Health Care Financing,"Gardner Auditorium, 24 Beacon Street, Boston",Completed,16,5210
194,2025-06-18 13:00,J37,"Joint Committee on Telecommunications, Utilities and Energy","A-2, 24 Beacon Street, Boston",Completed,18,5230
194,2025-06-18 13:00,J43,Joint Committee on Labor and Workforce Development,"B-1, 24 Beacon Street, Boston",Completed,29,5228
194,2025-06-23 09:00,J16,Joint Committee on Public Health,"B-1, 24 Beacon Street, Boston",Completed,38,5236
194,2025-06-23 10:00,J17,Joint Committee on Consumer Protection and Professional Licensure,"A-1, 24 Beacon Street, Boston",Completed,25,5237
194,2025-06-23 12:00,J18,"Joint Committee on Mental Health, Substance Use and Recovery","Virtual Hearing, 24 Beacon Street, Boston",Canceled,0,5247
194,2025-06-24 10:00,J25,Joint Committee on State Administration and Regulatory Oversight,"A-1, 24 Beacon Street, Boston",Completed,36,5246
194,2025-06-24 10:30,J11,Joint Committee on Financial Services,"Gardner Auditorium, 24 Beacon Street, Boston",Completed,21,5242
194,2025-06-24 10:30,J26,Joint Committee on Revenue,"A-2, 24 Beacon Street, Boston",Completed,32,5244
194,2025-06-24 13:00,J10,Joint Committee on Municipalities and Regional Government,"B-1, 24 Beacon Street, Boston",Completed,48,5238
194,2025-06-24 13:00,J27,Joint Committee on Transportation,"A-2, 24 Beacon Street, Boston",Completed,46,5226
194,2025-06-24 13:00,J31,Joint Committee on Veterans and Federal Affairs,"A-1, 24 Beacon Street, Boston",Completed,23,5233
194,2025-06-25 10:00,J16,Joint Committee on Public Health,"A-1, 24 Beacon Street, Boston",Completed,43,5239
194,2025-06-25 13:00,J23,Joint Committee on Public Service,"A-1, 24 Beacon Street, Boston",Completed,26,5248
194,2025-06-25 13:00,J28,Joint Committee on Housing,"B-1, 24 Beacon Street, Boston",Completed,26,5240
194,2025-06-25 13:00,J37,"Joint Committee on Telecommunications, Utilities and Energy","A-2, 24 Beacon Street, Boston",Completed,1,5241
194,2025-06-26 10:00,J47,Joint Committee on Community Development and Small Businesses,"B-1, 24 Beacon Street, Boston",Completed,16,5251
194,2025-06-26 13:00,J22,Joint Committee on Public Safety and Homeland Security,"A-2, 24 Beacon Street, Boston",Completed,55,5243
194,2025-06-30 13:00,J18,"Joint Committee on Mental Health, Substance Use and Recovery","A-2, 24 Beacon Street, Boston",Completed,11,5261
194,2025-07-01 10:00,J24,Joint Committee on Health Care Financing,"Gardner Auditorium, 24 Beacon Street, Boston",Completed,19,5264
194,2025-07-01 13:00,J21,Joint Committee on Environment and Natural Resources,"A-1, 24 Beacon Street, Boston",Completed,39,5252
194,2025-07-01 13:00,J24,Joint Committee on Health Care Financing,"Gardner Auditorium, 24 Beacon Street, Boston",Completed,22,5265
194,2025-07-07 10:00,J17,Joint Committee on Consumer Protection and Professional Licensure,"A-2, 24 Beacon Street, Boston",Completed,22,5269
194,2025-07-08 11:00,J27,Joint Committee on Transportation,"A-1, 24 Beacon Street, Boston",Completed,22,5270
194,2025-07-08 13:00,J13,"Joint Committee on Children, Families and Persons with Disabilities","A-1, 24 Beacon Street, Boston",Completed,22,5271
194,2025-07-08 13:00,J14,Joint Committee on Education,"B-2, 24 Beacon Street, Boston",Completed,30,5263
194,2025-07-08 13:00,J15,Joint Committee on Election Laws,"B-1, 24 Beacon Street, Boston",Completed,22,5272
194,2025-07-09 13:00,J23,Joint Committee on Public Service,"A-2, 24 Beacon Street, Boston",Completed,26,5273
194,2025-07-09 13:00,J45,Joint Committee on Agriculture and Fisheries,"A-1, 24 Beacon Street, Boston",Completed,19,5266
194,2025-07-10 09:00,J16,Joint Committee on Public Health,"A-1, 24 Beacon Street, Boston",Completed,46,5268
194,2025-07-10 13:00,J33,"Joint Committee on Advanced Information Technology, the Internet and Cybersecurity","A-2, 24 Beacon Street, Boston",Completed,27,5274
194,2025-07-14 10:00,J16,Joint Committee on Public Health,"A-1, 24 Beacon Street, Boston",Completed,45,5287
194,2025-07-14 10:00,J17,Joint Committee on Consumer Protection and Professional Licensure,"A-2, 24 Beacon Street, Boston",Completed,15,5282
194,2025-07-14 13:00,J16,Joint Committee on Public Health,"A-1, 24 Beacon Street, Boston",Completed,45,5288
194,2025-07-15 10:00,J11,Joint Committee on Financial Services,"A-2, 24 Beacon Street, Boston",Completed,22,5283
194,2025-07-15 10:00,J24,Joint Committee on Health Care Financing,"Gardner Auditorium, 24 Beacon Street, Boston",Completed,32,5267
194,2025-07-15 10:00,J26,Joint Committee on Revenue,"A-1, 24 Beacon Street, Boston",Completed,32,5262
194,2025-07-15 10:00,J47,Joint Committee on Community Development and Small Businesses,"B-1, 24 Beacon Street, Boston",Completed,16,5284
194,2025-07-15 10:30,J43,Joint Committee on Labor and Workforce Development,"B-2, 24 Beacon Street, Boston",Completed,25,5290
194,2025-07-15 13:00,H54,"House Committee on Federal Funding, Policy and Accountability","B-2, 24 Beacon Street, Boston",Completed,0,5276
194,2025-07-15 13:00,J19,Joint Committee on the Judiciary,"A-2, 24 Beacon Street, Boston",Completed,42,5281
194,2025-07-15 13:00,J21,Joint Committee on Environment and Natural Resources,"A-1, 24 Beacon Street, Boston",Completed,1,5275
194,2025-07-15 13:00,J25,Joint Committee on State Administration and Regulatory Oversight,"B-1, 24 Beacon Street, Boston",Completed,34,5286
194,2025-07-16 13:00,J23,Joint Committee on Public Service,"A-2, 24 Beacon Street, Boston",Completed,13,5285
194,2025-07-18 13:00,J29,Joint Committee on Higher Education,"A-2, 24 Beacon Street, Boston",Completed,26,5289
194,2025-07-21 11:00,J14,Joint Committee on Education,"Gardner Auditorium, 24 Beacon Street, Boston",Completed,49,5299
194,2025-07-21 13:00,J32,"Joint Committee on Bonding, Capital Expenditures and State Assets","B-1, 24 Beacon Street, Boston",Completed,1,5296
194,2025-07-22 10:00,J25,Joint Committee on State Administration and Regulatory Oversight,"A-1, 24 Beacon Street, Boston",Completed,29,5307
194,2025-07-22 10:30,J50,Joint Committee on Cannabis Policy,"A-2, 24 Beacon Street, Boston",Completed,22,5292
194,2025-07-22 11:00,J27,Joint Committee on Transportation,"B-1, 24 Beacon Street, Boston",Completed,36,5294
194,2025-07-22 12:00,S51,Senate Committee on Climate Change and Global Warming,"Virtual Hearing, 24 Beacon Street, Boston",Completed,0,5305
194,2025-07-22 13:00,J10,Joint Committee on Municipalities and Regional Government,"B-1, 24 Beacon Street, Boston",Completed,44,5291
194,2025-07-22 13:00,J13,"Joint Committee on Children, Families and Persons with Disabilities","A-1, 24 Beacon Street, Boston",Completed,16,5279
194,2025-07-22 13:00,J26,Joint Committee on Revenue,"A-2, 24 Beacon Street, Boston",Canceled,50,5306
194,2025-07-22 13:00,J30,"Joint Committee on Tourism, Arts and Cultural Development","B-2, 24 Beacon Street, Boston",Completed,6,5295
194,2025-07-22 13:00,J31,Joint Committee on Veterans and Federal Affairs,"A-2, 24 Beacon Street, Boston",Completed,38,5316
194,2025-07-23 13:00,J28,Joint Committee on Housing,"A-1, 24 Beacon Street, Boston",Completed,36,5304
194,2025-07-24 13:00,J22,Joint Committee on Public Safety and Homeland Security,"A-2, 24 Beacon Street, Boston",Completed,18,5308
194,2025-07-28 13:00,J18,"Joint Committee on Mental Health, Substance Use and Recovery","A-2, 24 Beacon Street, Boston",Completed,17,5319
194,2025-07-29 13:00,J10,Joint Committee on Municipalities and Regional Government,"Gardner Auditorium, 24 Beacon Street, Boston",Completed,51,5297
194,2025-07-29 13:00,J19,Joint Committee on the Judiciary,"A-2, 24 Beacon Street, Boston",Completed,60,5229
194,2025-07-29 13:00,J37,"Joint Committee on Telecommunications, Utilities and Energy","A-1, 24 Beacon Street, Boston",Completed,19,5318
194,2025-07-30 13:00,S48,Senate Committee on Post Audit and Oversight,"222, 24 Beacon Street, Boston",Completed,0,5323
194,2025-07-30 13:00,S55,Senate Committee on Intergovernmental Affairs,"222, 24 Beacon Street, Boston",Completed,0,5324
194,2025-08-14 10:00,J10,Joint Committee on Municipalities and Regional Government,"Written Testimony Only, 24 Beacon Street, Boston",Completed,7,5330
194,2025-09-02 09:00,J32,"Joint Committee on Bonding, Capital Expenditures and State Assets","Written Testimony Only, 24 Beacon Street, Boston",Completed,0,5346
194,2025-09-02 13:00,J14,Joint Committee on Education,"A-2, 24 Beacon Street, Boston",Completed,18,5335
194,2025-09-02 13:00,J21,Joint Committee on Environment and Natural Resources,"A-1, 24 Beacon Street, Boston",Canceled,0,5300
194,2025-09-02 13:00,J21,Joint Committee on Environment and Natural Resources,"A-1, 24 Beacon Street, Boston",Completed,30,5344
194,2025-09-04 15:10,J10,Joint Committee on Municipalities and Regional Government,"Written Testimony Only, 24 Beacon Street, Boston",Completed,13,5368
194,2025-09-08 10:00,J17,Joint Committee on Consumer Protection and Professional Licensure,"A-2, 24 Beacon Street, Boston",Completed,24,5357
194,2025-09-09 10:00,J25,Joint Committee on State Administration and Regulatory Oversight,"A-1, 24 Beacon Street, Boston",Completed,21,5361
194,2025-09-09 10:00,J26,Joint Committee on Revenue,"Gardner Auditorium, 24 Beacon Street, Boston",Completed,18,5351
194,2025-09-09 10:30,J11,Joint Committee on Financial Services,"A-2, 24 Beacon Street, Boston",Completed,25,5352
194,2025-09-09 13:00,J13,"Joint Committee on Children, Families and Persons with Disabilities","B-2, 24 Beacon Street, Boston",Completed,27,5334
194,2025-09-09 13:00,J19,Joint Committee on the Judiciary,"A-2, 24 Beacon Street, Boston",Completed,55,5358
194,2025-09-10 10:00,J16,Joint Committee on Public Health,"B-2, 24 Beacon Street, Boston",Completed,48,5360
194,2025-09-10 13:00,J22,Joint Committee on Public Safety and Homeland Security,"A-2, 24 Beacon Street, Boston",Completed,50,5347
194,2025-09-10 13:00,J23,Joint Committee on Public Service,"A-1, 24 Beacon Street, Boston",Completed,22,5359
194,2025-09-11 11:00,J12,Joint Committee on Economic Development and Emerging Technologies,"A-2, 24 Beacon Street, Boston",Completed,0,5363
194,2025-09-11 13:00,J29,Joint Committee on Higher Education,"A-1, 24 Beacon Street, Boston",Completed,26,5356
194,2025-09-11 13:00,J33,"Joint Committee on Advanced Information Technology, the Internet and Cybersecurity","A-2, 24 Beacon Street, Boston",Completed,14,5349
194,2025-09-15 10:30,J11,Joint Committee on Financial Services,"A-1, 24 Beacon Street, Boston",Completed,21,5372
194,2025-09-15 11:00,J18,"Joint Committee on Mental Health, Substance Use and Recovery","Gardner Auditorium, 24 Beacon Street, Boston",Completed,6,5328
194,2025-09-15 13:00,J23,Joint Committee on Public Service,"A-1, 24 Beacon Street, Boston",Completed,45,5364
194,2025-09-15 13:00,J26,Joint Committee on Revenue,"A-2, 24 Beacon Street, Boston",Completed,42,5366
194,2025-09-15 13:00,J34,"Joint Committee on Racial Equity, Civil Rights, and Inclusion","B-2, 24 Beacon Street, Boston",Completed,0,5331
194,2025-09-16 10:00,J45,Joint Committee on Agriculture and Fisheries,"B-1, 24 Beacon Street, Boston",Completed,19,5348
194,2025-09-16 10:00,J46,Joint Committee on Aging and Independence,"A-2, 24 Beacon Street, Boston",Completed,23,5355
194,2025-09-16 10:30,J26,Joint Committee on Revenue,"A-1, 24 Beacon Street, Boston",Completed,47,5369
194,2025-09-16 11:00,J14,Joint Committee on Education,"Gardner Auditorium, 24 Beacon Street, Boston",Completed,55,5362
194,2025-09-16 13:00,J13,"Joint Committee on Children, Families and Persons with Disabilities","A-2, 24 Beacon Street, Boston",Completed,30,5353
194,2025-09-16 13:00,J15,Joint Committee on Election Laws,"B-1, 24 Beacon Street, Boston",Completed,32,5322
194,2025-09-16 13:00,J27,Joint Committee on Transportation,"B-2, 24 Beacon Street, Boston",Completed,44,5345
194,2025-09-16 13:00,J31,Joint Committee on Veterans and Federal Affairs,"A-1, 24 Beacon Street, Boston",Completed,14,5354
194,2025-09-17 09:00,J28,Joint Committee on Housing,"B-1, 24 Beacon Street, Boston",Completed,22,5367
194,2025-09-17 12:30,J11,Joint Committee on Financial Services,"Gardner Auditorium, 24 Beacon Street, Boston",Completed,23,5374
194,2025-09-17 13:00,J23,Joint Committee on Public Service,"B-2, 24 Beacon Street, Boston",Completed,37,5371
194,2025-09-22 10:30,S65,Senate Committee on the Census ,"B-1, 24 Beacon Street, Boston",Completed,0,5381
194,2025-09-22 13:00,J13,"Joint Committee on Children, Families and Persons with Disabilities","A-1, 24 Beacon Street, Boston",Completed,11,5377
194,2025-09-22 13:00,J23,Joint Committee on Public Service,"A-2, 24 Beacon Street, Boston",Completed,42,5376
194,2025-09-23 13:00,J19,Joint Committee on the Judiciary,"A-2, 24 Beacon Street, Boston",Completed,58,5388
194,2025-09-23 14:00,J10,Joint Committee on Municipalities and Regional Government,"Written Testimony Only, 24 Beacon Street, Boston",Completed,15,5397
194,2025-09-25 11:00,J12,Joint Committee on Economic Development and Emerging Technologies,"A-1, 24 Beacon Street, Boston",Completed,12,5387
194,2025-09-25 13:00,J22,Joint Committee on Public Safety and Homeland Security,"A-2, 24 Beacon Street, Boston",Completed,22,5378
194,2025-09-25 13:00,J37,"Joint Committee on Telecommunications, Utilities and Energy","A-1, 24 Beacon Street, Boston",Completed,31,5379
194,2025-09-29 09:00,J16,Joint Committee on Public Health,"A-2, 24 Beacon Street, Boston",Completed,38,5390
194,2025-09-29 13:00,J26,Joint Committee on Revenue,"A-1, 24 Beacon Street, Boston",Completed,39,5393
194,2025-09-30 11:00,J14,Joint Committee on Education,"Gardner Auditorium, 24 Beacon Street, Boston",Completed,36,5396
194,2025-09-30 13:00,J31,Joint Committee on Veterans and Federal Affairs,"A-1, 24 Beacon Street, Boston",Completed,17,5394
194,2025-10-01 10:00,J17,Joint Committee on Consumer Protection and Professional Licensure,"B-2, 24 Beacon Street, Boston",Completed,30,5395
194,2025-10-01 10:30,J11,Joint Committee on Financial Services,"B-1, 24 Beacon Street, Boston",Completed,24,5392
194,2025-10-03 10:00,J26,Joint Committee on Revenue,"Gardner Auditorium, 24 Beacon Street, Boston",Completed,28,5389
194,2025-10-06 13:00,J18,"Joint Committee on Mental Health, Substance Use and Recovery","A-2, 24 Beacon Street, Boston",Completed,13,5401
194,2025-10-06 13:00,J23,Joint Committee on Public Service,"A-1, 24 Beacon Street, Boston",Completed,44,5404
194,2025-10-07 10:30,J11,Joint Committee on Financial Services,"A-2, 24 Beacon Street, Boston",Completed,17,5403
194,2025-10-07 11:00,J27,Joint Committee on Transportation,"A-1, 24 Beacon Street, Boston",Completed,31,5400
194,2025-10-07 13:00,J21,Joint Committee on Environment and Natural Resources,"A-1, 24 Beacon Street, Boston",Completed,25,5302
194,2025-10-07 13:00,J26,Joint Committee on Revenue,"A-2, 24 Beacon Street, Boston",Completed,24,5406
194,2025-10-08 10:00,J43,Joint Committee on Labor and Workforce Development,"B-1, 24 Beacon Street, Boston",Completed,45,5385
194,2025-10-08 10:30,J11,Joint Committee on Financial Services,"Gardner Auditorium, 24 Beacon Street, Boston",Completed,29,5402
194,2025-10-08 13:00,J23,Joint Committee on Public Service,"B-2, 24 Beacon Street, Boston",Completed,38,5405
194,2025-10-08 13:00,J25,Joint Committee on State Administration and Regulatory Oversight,"222, 24 Beacon Street, Boston",Completed,26,5391
194,2025-10-09 13:00,J37,"Joint Committee on Telecommunications, Utilities and Energy","A-2, 24 Beacon Street, Boston",Completed,28,5411
194,2025-10-09 13:00,J47,Joint Committee on Community Development and Small Businesses,"A-1, 24 Beacon Street, Boston",Completed,3,5375
194,2025-10-14 10:00,J17,Joint Committee on Consumer Protection and Professional Licensure,"A-2, 24 Beacon Street, Boston",Completed,30,5416
194,2025-10-14 10:30,J11,Joint Committee on Financial Services,"A-1, 24 Beacon Street, Boston",Completed,23,5417
194,2025-10-14 11:00,J14,Joint Committee on Education,"Gardner Auditorium, 24 Beacon Street, Boston",Completed,31,5429
194,2025-10-14 13:00,J18,"Joint Committee on Mental Health, Substance Use and Recovery","A-2, 24 Beacon Street, Boston",Completed,14,5421
194,2025-10-14 13:00,J25,Joint Committee on State Administration and Regulatory Oversight,"B-2, 24 Beacon Street, Boston",Completed,42,5422
194,2025-10-14 13:00,J27,Joint Committee on Transportation,"A-1, 24 Beacon Street, Boston",Completed,38,5407
194,2025-10-14 13:00,J34,"Joint Committee on Racial Equity, Civil Rights, and Inclusion","B-1, 24 Beacon Street, Boston",Completed,0,5410
194,2025-10-14 14:00,J10,Joint Committee on Municipalities and Regional Government,"Written Testimony Only, 24 Beacon Street, Boston",Completed,7,5438
194,2025-10-15 13:00,J22,Joint Committee on Public Safety and Homeland Security,"A-2, 24 Beacon Street, Boston",Completed,18,5409
194,2025-10-15 13:00,J23,Joint Committee on Public Service,"B-1, 24 Beacon Street, Boston",Completed,24,5415
194,2025-10-15 13:00,J28,Joint Committee on Housing,"A-1, 24 Beacon Street, Boston",Completed,43,5419
194,2025-10-16 13:00,J29,Joint Committee on Higher Education,"A-2, 24 Beacon Street, Boston",Completed,16,5412
194,2025-10-16 13:00,J37,"Joint Committee on Telecommunications, Utilities and Energy","A-1, 24 Beacon Street, Boston",Completed,19,5420
194,2025-10-17 10:00,J26,Joint Committee on Revenue,"A-2, 24 Beacon Street, Boston",Completed,40,5427
194,2025-10-20 10:00,J17,Joint Committee on Consumer Protection and Professional Licensure,"A-2, 24 Beacon Street, Boston",Completed,23,5433
194,2025-10-21 10:00,S51,Senate Committee on Climate Change and Global Warming,"Virtual Hearing, 24 Beacon Street, Boston",Completed,0,5418
194,2025-10-21 11:00,J27,Joint Committee on Transportation,"A-2, 24 Beacon Street, Boston",Completed,40,5431
194,2025-10-21 13:00,J13,"Joint Committee on Children, Families and Persons with Disabilities","B-1, 24 Beacon Street, Boston",Completed,23,5432
194,2025-10-21 13:00,J15,Joint Committee on Election Laws,"222, 24 Beacon Street, Boston",Completed,25,5426
194,2025-10-21 13:00,J19,Joint Committee on the Judiciary,"A-2, 24 Beacon Street, Boston",Completed,53,5434
194,2025-10-21 13:00,J21,Joint Committee on Environment and Natural Resources,"A-1, 24 Beacon Street, Boston",Completed,55,5301
194,2025-10-21 13:00,J30,"Joint Committee on Tourism, Arts and Cultural Development","B-2, 24 Beacon Street, Boston",Completed,23,5430
194,2025-10-22 10:30,J11,Joint Committee on Financial Services,"B-1, 24 Beacon Street, Boston",Completed,15,5436
194,2025-10-22 13:00,J52,Joint Committee on Emergency Preparedness and Management,"A-2, 24 Beacon Street, Boston",Completed,10,5383
194,2025-10-27 10:30,J11,Joint Committee on Financial Services,"Gardner Auditorium, 24 Beacon Street, Boston",Completed,32,5439
194,2025-10-27 13:00,J21,Joint Committee on Environment and Natural Resources,"A-1, 24 Beacon Street, Boston",Canceled,0,5303
194,2025-10-27 13:00,J21,Joint Committee on Environment and Natural Resources,"A-1, 24 Beacon Street, Boston",Completed,32,5442
194,2025-10-28 10:00,J43,Joint Committee on Labor and Workforce Development,"A-1, 24 Beacon Street, Boston",Completed,17,5443
194,2025-10-28 13:00,J10,Joint Committee on Municipalities and Regional Government,"B-1, 24 Beacon Street, Boston",Completed,1,5326
194,2025-10-28 13:00,J26,Joint Committee on Revenue,"B-2, 24 Beacon Street, Boston",Completed,35,5447
194,2025-10-28 13:00,J31,Joint Committee on Veterans and Federal Affairs,"A-2, 24 Beacon Street, Boston",Completed,16,5444
194,2025-10-29 10:30,J25,Joint Committee on State Administration and Regulatory Oversight,"A-2, 24 Beacon Street, Boston",Completed,21,5441
194,2025-10-29 13:00,J37,"Joint Committee on Telecommunications, Utilities and Energy","A-1, 24 Beacon Street, Boston",Completed,16,5445
194,2025-10-30 10:30,J11,Joint Committee on Financial Services,"A-2, 24 Beacon Street, Boston",Completed,23,5448
194,2025-10-30 12:30,J12,Joint Committee on Economic Development and Emerging Technologies,"A-1, 24 Beacon Street, Boston",Completed,1,5424
194,2025-10-31 09:30,S65,Senate Committee on the Census ,"A-2, 24 Beacon Street, Boston",Completed,0,5413
194,2025-10-31 11:00,J10,Joint Committee on Municipalities and Regional Government,"Written Testimony Only, 24 Beacon Street, Boston",Completed,8,5462
194,2025-10-31 11:30,J22,Joint Committee on Public Safety and Homeland Security,"Gardner Auditorium, 24 Beacon Street, Boston",Completed,60,5440
194,2025-11-03 09:00,J16,Joint Committee on Public Health,"Written Testimony Only, 24 Beacon Street, Boston",Completed,4,5455
194,2025-11-03 13:00,J18,"Joint Committee on Mental Health, Substance Use and Recovery","A-2, 24 Beacon Street, Boston",Completed,15,5450
194,2025-11-04 10:30,J11,Joint Committee on Financial Services,"A-2, 24 Beacon Street, Boston",Completed,25,5457
194,2025-11-04 13:00,J19,Joint Committee on the Judiciary,"A-1, 24 Beacon Street, Boston",Completed,65,5452
194,2025-11-04 13:00,J27,Joint Committee on Transportation,"A-2, 24 Beacon Street, Boston",Completed,48,5454
194,2025-11-05 10:30,J25,Joint Committee on State Administration and Regulatory Oversight,"B-2, 24 Beacon Street, Boston",Completed,30,5456
194,2025-11-05 13:00,S66,Senate Committee on Juvenile and Emerging Adult Justice,"222, 24 Beacon Street, Boston",Completed,0,5446
194,2025-11-06 13:00,H54,"House Committee on Federal Funding, Policy and Accountability","A-1, 24 Beacon Street, Boston",Canceled,0,5425
194,2025-11-07 10:00,J26,Joint Committee on Revenue,"Gardner Auditorium, 24 Beacon Street, Boston",Completed,49,5458
194,2025-11-10 12:00,J28,Joint Committee on Housing,"Written Testimony Only, 24 Beacon Street, Boston",Completed,14,5485
194,2025-11-10 13:00,J18,"Joint Committee on Mental Health, Substance Use and Recovery","A-2, 24 Beacon Street, Boston",Completed,16,5466
194,2025-11-12 11:00,J14,Joint Committee on Education,"Gardner Auditorium, 24 Beacon Street, Boston",Completed,39,5459
194,2025-11-13 11:00,J12,Joint Committee on Economic Development and Emerging Technologies,"A-2, 24 Beacon Street, Boston",Completed,13,5461
194,2025-11-13 11:00,J32,"Joint Committee on Bonding, Capital Expenditures and State Assets","A-1, 24 Beacon Street, Boston",Completed,1,5460
194,2025-11-13 13:00,J15,Joint Committee on Election Laws,"A-2, 24 Beacon Street, Boston",Completed,17,5451
194,2025-11-13 13:00,J31,Joint Committee on Veterans and Federal Affairs,"B-1, 24 Beacon Street, Boston",Completed,19,5469
194,2025-11-13 13:00,J37,"Joint Committee on Telecommunications, Utilities and Energy","B-2, 24 Beacon Street, Boston",Completed,26,5467
194,2025-11-17 10:00,J10,Joint Committee on Municipalities and Regional Government,"Written Testimony Only, 24 Beacon Street, Boston",Completed,6,5495
194,2025-11-17 11:00,J43,Joint Committee on Labor and Workforce Development,"B-1, 24 Beacon Street, Boston",Completed,26,5468
194,2025-11-17 13:00,J34,"Joint Committee on Racial Equity, Civil Rights, and Inclusion","A-2, 24 Beacon Street, Boston",Completed,0,5472
194,2025-11-18 09:00,J45,Joint Committee on Agriculture and Fisheries,"Written Testimony Only, 24 Beacon Street, Boston",Completed,1,5475
194,2025-11-18 10:00,J26,Joint Committee on Revenue,"B-1, 24 Beacon Street, Boston",Completed,37,5479
194,2025-11-18 10:30,J11,Joint Committee on Financial Services,"A-2, 24 Beacon Street, Boston",Completed,24,5473
194,2025-11-18 13:00,J13,"Joint Committee on Children, Families and Persons with Disabilities","A-2, 24 Beacon Street, Boston",Completed,19,5477
194,2025-11-18 13:00,J14,Joint Committee on Education,"B-1, 24 Beacon Street, Boston",Completed,20,5486
194,2025-11-18 13:00,J19,Joint Committee on the Judiciary,"A-1, 24 Beacon Street, Boston",Completed,41,5478
194,2025-11-19 11:00,J28,Joint Committee on Housing,"Gardner Auditorium, 24 Beacon Street, Boston",Completed,39,5474
194,2025-11-20 10:00,J43,Joint Committee on Labor and Workforce Development,"B-1, 24 Beacon Street, Boston",Completed,16,5470
194,2025-11-20 13:00,J52,Joint Committee on Emergency Preparedness and Management,"A-2, 24 Beacon Street, Boston",Completed,0,5384
194,2025-11-20 17:00,J23,Joint Committee on Public Service,"Written Testimony Only, 24 Beacon Street, Boston",Completed,14,5496
194,2025-11-25 10:00,J19,Joint Committee on the Judiciary,"A-2, 24 Beacon Street, Boston",Completed,47,5494
194,2025-11-25 11:30,J22,Joint Committee on Public Safety and Homeland Security,"Gardner Auditorium, 24 Beacon Street, Boston",Completed,12,5471
194,2025-11-25 12:00,J25,Joint Committee on State Administration and Regulatory Oversight,"Written Testimony Only, 24 Beacon Street, Boston",Completed,2,5489
194,2025-11-26 10:00,J10,Joint Committee on Municipalities and Regional Government,"Written Testimony Only, 24 Beacon Street, Boston",Completed,3,5503
194,2025-12-02 13:00,J14,Joint Committee on Education,"A-2, 24 Beacon Street, Boston",Completed,33,5500
194,2025-12-08 09:00,J16,Joint Committee on Public Health,"Written Testimony Only, 24 Beacon Street, Boston",Completed,2,5506
194,2025-12-08 09:30,S65,Senate Committee on the Census ,"B-1, 24 Beacon Street, Boston",Completed,0,5480
194,2025-12-10 13:00,J27,Joint Committee on Transportation,"A-2, 24 Beacon Street, Boston",Completed,2,5505
194,2025-12-11 15:00,J10,Joint Committee on Municipalities and Regional Government,"Written Testimony Only, 24 Beacon Street, Boston",Completed,2,5516
194,2025-12-11 16:00,S30,Senate Committee on Ways and Means,"Written Testimony Only, 24 Beacon Street, Boston",Completed,2,5518
194,2025-12-12 12:00,J25,Joint Committee on State Administration and Regulatory Oversight,"Written Testimony Only, 24 Beacon Street, Boston",Completed,1,5509
194,2025-12-15 09:00,J15,Joint Committee on Election Laws,"Written Testimony Only, 24 Beacon Street, Boston",Completed,3,5508
194,2025-12-16 12:00,J39,Joint Committee on Ways and Means,"Gardner Auditorium, 24 Beacon Street, Boston",Completed,0,5515
194,2026-01-06 12:00,J28,Joint Committee on Housing,"Written Testimony Only, 24 Beacon Street, Boston",Completed,1,5526
194,2026-01-13 10:30,J11,Joint Committee on Financial Services,"A-1, 24 Beacon Street, Boston",Completed,3,5524
194,2026-01-13 13:00,J32,"Joint Committee on Bonding, Capital Expenditures and State Assets","A-2, 24 Beacon Street, Boston",Completed,0,5522
194,2026-01-15 11:00,J24,Joint Committee on Health Care Financing,"A-1, 24 Beacon Street, Boston",Completed,7,5521
194,2026-01-20 13:00,J34,"Joint Committee on Racial Equity, Civil Rights, and Inclusion","A-2, 24 Beacon Street, Boston",Canceled,0,5501
194,2026-01-27 11:00,J16,Joint Committee on Public Health,"A-1, 24 Beacon Street, Boston",Completed,2,5532
194,2026-01-27 13:00,J23,Joint Committee on Public Service,"B-1, 24 Beacon Street, Boston",Completed,12,5534
194,2026-01-27 13:00,J26,Joint Committee on Revenue,"A-1 & A-2, 24 Beacon Street, Boston",Completed,17,5535
194,2026-01-27 13:00,J34,"Joint Committee on Racial Equity, Civil Rights, and Inclusion","A-2, 24 Beacon Street, Boston",Canceled,0,5502
194,2026-02-03 14:30,S48,Senate Committee on Post Audit and Oversight,"B-1, 24 Beacon Street, Boston",Completed,0,5386
194,2026-02-04 10:00,J17,Joint Committee on Consumer Protection and Professional Licensure,"B-1, 24 Beacon Street, Boston",Completed,12,5541
194,2026-02-04 12:00,S55,Senate Committee on Intergovernmental Affairs,"B-2, 24 Beacon Street, Boston",Completed,0,5519
194,2026-02-10 13:00,J14,Joint Committee on Education,"A-2, 24 Beacon Street, Boston",Completed,2,5543
194,2026-02-10 13:00,J15,Joint Committee on Election Laws,"B-1, 24 Beacon Street, Boston",Completed,2,5545
194,2026-02-10 13:00,S65,Senate Committee on the Census ,"A-1, 24 Beacon Street, Boston",Completed,0,5517
194,2026-02-11 11:00,J39,Joint Committee on Ways and Means,"Gardner Auditorium, 24 Beacon Street, Boston",Completed,0,5546
194,2026-02-12 10:00,J26,Joint Committee on Revenue,"A-1, 24 Beacon Street, Boston",Completed,1,5549
194,2026-02-12 14:00,J25,Joint Committee on State Administration and Regulatory Oversight,"B-1, 24 Beacon Street, Boston",Completed,3,5550
194,2026-02-24 13:00,J11,Joint Committee on Financial Services,"A-1, 24 Beacon Street, Boston",Completed,3,5576
194,2026-03-03 13:00,J10,Joint Committee on Municipalities and Regional Government,"222, 24 Beacon Street, Boston",Completed,21,5572
194,2026-03-03 13:00,J27,Joint Committee on Transportation,"A-2, 24 Beacon Street, Boston",Completed,2,5573
194,2026-03-03 14:00,SJ42,Special Joint Committee on Initiative Petitions,"A-1, 24 Beacon Street, Boston",Completed,1,5590
194,2026-03-04 10:00,J21,Joint Committee on Environment and Natural Resources,"222, 24 Beacon Street, Boston",Canceled,0,5579
194,2026-03-04 10:00,J21,Joint Committee on Environment and Natural Resources,"222, 24 Beacon Street, Boston",Completed,13,5581
194,2026-03-09 10:30,J39,Joint Committee on Ways and Means,"Barnstable Town Hall, 367 Main Street, Barnstable",Completed,0,5583
194,2026-03-10 11:00,J39,Joint Committee on Ways and Means,"UMass Amherst, Amherst",Completed,0,5575
194,2026-03-11 13:00,J23,Joint Committee on Public Service,"A-1, 24 Beacon Street, Boston",Completed,11,5586
194,2026-03-16 11:00,SJ42,Special Joint Committee on Initiative Petitions,"A-1, 24 Beacon Street, Boston",Completed,1,5595
194,2026-03-16 14:00,SJ42,Special Joint Committee on Initiative Petitions,"A-1, 24 Beacon Street, Boston",Completed,1,5597
194,2026-03-17 11:00,SJ42,Special Joint Committee on Initiative Petitions,"A-1, 24 Beacon Street, Boston",Completed,1,5589
194,2026-03-17 14:00,SJ42,Special Joint Committee on Initiative Petitions,"A-1, 24 Beacon Street, Boston",Completed,1,5598
194,2026-03-18 09:00,J22,Joint Committee on Public Safety and Homeland Security,"A-2, 24 Beacon Street, Boston",Completed,5,5604
194,2026-03-19 12:00,J29,Joint Committee on Higher Education,"A-1, 24 Beacon Street, Boston",Completed,2,5592
194,2026-03-20 10:00,J39,Joint Committee on Ways and Means,"Mattapan Library, 1350 Blue Hill Ave, Boston",Completed,0,5584
194,2026-03-23 10:00,J16,Joint Committee on Public Health,"B-1, 24 Beacon Street, Boston",Completed,4,5628
194,2026-03-23 11:00,J39,Joint Committee on Ways and Means,"Lawrence High School Performing Arts Center, 70-71 North Parish Road, Lawrence",Completed,0,5582
194,2026-03-23 11:00,SJ42,Special Joint Committee on Initiative Petitions,"A-1, 24 Beacon Street, Boston",Completed,1,5601
194,2026-03-23 14:00,SJ42,Special Joint Committee on Initiative Petitions,"A-1, 24 Beacon Street, Boston",Completed,1,5602
194,2026-03-24 10:00,J39,Joint Committee on Ways and Means,"Foxboro Community Center, 76 Main Street, Foxborough",Completed,0,5577
194,2026-03-24 11:30,S48,Senate Committee on Post Audit and Oversight,"B-2, 24 Beacon Street, Boston",Completed,0,5591
194,2026-03-24 13:00,J14,Joint Committee on Education,"Virtual Hearing, 24 Beacon Street, Boston",Completed,0,5626
194,2026-03-24 13:00,J15,Joint Committee on Election Laws,"A-1, 24 Beacon Street, Boston",Completed,3,5627
194,2026-03-27 09:00,J17,Joint Committee on Consumer Protection and Professional Licensure,"Written Testimony Only, 24 Beacon Street, Boston",Completed,6,5630
194,2026-03-27 11:00,J39,Joint Committee on Ways and Means,"Clinton Town Hall, 242 Church Street, Clinton",Completed,0,5585
194,2026-03-30 13:00,SJ42,Special Joint Committee on Initiative Petitions,"A-2, 24 Beacon Street, Boston",Completed,2,5631
194,2026-03-31 11:00,SJ42,Special Joint Committee on Initiative Petitions,"A-2, 24 Beacon Street, Boston",Completed,1,5603
194,2026-03-31 12:00,J39,Joint Committee on Ways and Means,"Gardner Auditorium, 24 Beacon Street, Boston",Completed,0,5594
194,2026-03-31 13:00,J34,"Joint Committee on Racial Equity, Civil Rights, and Inclusion","A-1, 24 Beacon Street, Boston",Completed,0,5574
194,2026-03-31 14:00,SJ42,Special Joint Committee on Initiative Petitions,"A-2, 24 Beacon Street, Boston",Completed,1,5632
194,2026-04-06 09:00,J27,Joint Committee on Transportation,"Written Testimony Only, 24 Beacon Street, Boston",Completed,1,5634
194,2026-04-07 11:00,J32,"Joint Committee on Bonding, Capital Expenditures and State Assets","A-1, 24 Beacon Street, Boston",Completed,1,5633
194,2026-04-07 13:00,J19,Joint Committee on the Judiciary,"A-2, 24 Beacon Street, Boston",Completed,8,5639
194,2026-04-08 10:00,J10,Joint Committee on Municipalities and Regional Government,"222, 24 Beacon Street, Boston",Completed,6,5637
194,2026-04-14 14:00,J23,Joint Committee on Public Service,"A-2, 24 Beacon Street, Boston",Completed,8,5658
194,2026-04-15 10:00,J22,Joint Committee on Public Safety and Homeland Security,"B-1, 24 Beacon Street, Boston",Completed,3,5638
194,2026-04-15 13:00,J17,Joint Committee on Consumer Protection and Professional Licensure,"A-1, 24 Beacon Street, Boston",Completed,2,5656
194,2026-04-29 11:00,J43,Joint Committee on Labor and Workforce Development,"B-1, 24 Beacon Street, Boston",Completed,1,5679
194,2026-05-04 09:00,J26,Joint Committee on Revenue,"Written Testimony Only, 24 Beacon Street, Boston",Completed,10,5687
194,2026-05-04 09:00,S65,Senate Committee on the Census ,"A-1, 24 Beacon Street, Boston",Completed,0,5606
194,2026-05-05 11:00,S48,Senate Committee on Post Audit and Oversight,"B-2, 24 Beacon Street, Boston",Canceled,0,5675
194,2026-05-05 11:00,S55,Senate Committee on Intergovernmental Affairs,"B-2, 24 Beacon Street, Boston",Canceled,0,5676
194,2026-05-05 13:00,J14,Joint Committee on Education,"A-1, 24 Beacon Street, Boston",Completed,2,5681
194,2026-05-07 13:00,J47,Joint Committee on Community Development and Small Businesses,"A-2, 24 Beacon Street, Boston",Completed,2,5636
194,2026-05-11 10:00,J46,Joint Committee on Aging and Independence,"A-1, 24 Beacon Street, Boston",Completed,4,5686
194,2026-05-13 10:00,J10,Joint Committee on Municipalities and Regional Government,"B-1, 24 Beacon Street, Boston",Completed,10,5684
194,2026-05-15 09:00,J17,Joint Committee on Consumer Protection and Professional Licensure,"Written Testimony Only, 24 Beacon Street, Boston",Completed,2,5692
194,2026-05-19 13:00,J12,Joint Committee on Economic Development and Emerging Technologies,"A-1, 24 Beacon Street, Boston",Completed,1,5691
194,2026-05-20 13:00,J25,Joint Committee on State Administration and Regulatory Oversight,"B-1, 24 Beacon Street, Boston",Completed,5,5693
194,2026-05-27 10:30,S51,Senate Committee on Climate Change and Global Warming,"Virtual Hearing, 24 Beacon Street, Boston",Completed,0,5690
194,2026-05-28 13:00,J27,Joint Committee on Transportation,"A-1, 24 Beacon Street, Boston",Completed,5,5694
194,2026-05-29 13:00,Hxx,House Committee on Intergovernmental Affairs,"Massachusetts Maritime Academy, 101 Academy Dr, Bourne",Completed,0,5655
194,2026-05-29 13:00,J12,Joint Committee on Economic Development and Emerging Technologies,"Written Testimony Only, 24 Beacon Street, Boston",Completed,1,5705
194,2026-06-03 11:00,J23,Joint Committee on Public Service,"B-2, 24 Beacon Street, Boston",Completed,9,5701
194,2026-06-08 09:00,J22,Joint Committee on Public Safety and Homeland Security,"Written Testimony Only, 24 Beacon Street, Boston",Completed,3,5704
194,2026-06-18 11:00,J28,Joint Committee on Housing,"A-1, 24 Beacon Street, Boston",Completed,2,5718
194,2026-06-22 10:30,J11,Joint Committee on Financial Services,"A-1, 24 Beacon Street, Boston",Completed,2,5721
194,2026-06-23 10:00,J17,Joint Committee on Consumer Protection and Professional Licensure,"B-1, 24 Beacon Street, Boston",Completed,8,5720
194,2026-06-23 11:00,J12,Joint Committee on Economic Development and Emerging Technologies,"Written Testimony Only, 24 Beacon Street, Boston",Completed,1,5723
194,2026-06-23 13:00,J10,Joint Committee on Municipalities and Regional Government,"A-1, 24 Beacon Street, Boston",Completed,14,5719
194,2026-06-25 09:00,J26,Joint Committee on Revenue,"Written Testimony Only, 24 Beacon Street, Boston",Completed,4,5722
194,2026-06-26 11:00,J37,"Joint Committee on Telecommunications, Utilities and Energy","Written Testimony Only, 24 Beacon Street, Boston",Completed,1,5726
194,2026-07-01 10:00,J13,"Joint Committee on Children, Families and Persons with Disabilities","B-2, 24 Beacon Street, Boston",Completed,3,5728
194,2026-07-01 10:00,J21,Joint Committee on Environment and Natural Resources,"B-1, 24 Beacon Street, Boston",Completed,13,5727
194,2026-07-02 13:00,J32,"Joint Committee on Bonding, Capital Expenditures and State Assets","A-1, 24 Beacon Street, Boston",Completed,2,5729
194,2026-07-07 13:00,S66,Senate Committee on Juvenile and Emerging Adult Justice,"222, 24 Beacon Street, Boston",Completed,0,5734
194,2026-07-07 14:00,S65,Senate Committee on the Census ,"A-1, 24 Beacon Street, Boston",Completed,0,5731
194,2026-07-14 09:00,J27,Joint Committee on Transportation,"Written Testimony Only, 24 Beacon Street, Boston",Completed,4,5738
194,2026-07-14 11:00,J23,Joint Committee on Public Service,"A-1, 24 Beacon Street, Boston",Completed,13,5732
194,2026-07-20 09:00,J26,Joint Committee on Revenue,"Written Testimony Only, 24 Beacon Street, Boston",Completed,4,5748
194,2026-07-21 12:00,J31,Joint Committee on Veterans and Federal Affairs,"Written Testimony Only, 24 Beacon Street, Boston",Completed,2,5743
194,2026-07-21 13:00,J15,Joint Committee on Election Laws,"A-1, 24 Beacon Street, Boston",Completed,6,5735
194,2026-07-22 10:00,J10,Joint Committee on Municipalities and Regional Government,"A-1, 24 Beacon Street, Boston",Completed,13,5741
194,2026-07-22 12:00,J10,Joint Committee on Municipalities and Regional Government,"A-1, 24 Beacon Street, Boston",Completed,3,5751
194,2026-07-22 13:00,J21,Joint Committee on Environment and Natural Resources,"A-2, 24 Beacon Street, Boston",Completed,7,5744
194,2026-07-24 12:00,J28,Joint Committee on Housing,"Written Testimony Only, 24 Beacon Street, Boston",Completed,1,5750
194,2026-07-27 16:00,J25,Joint Committee on State Administration and Regulatory Oversight,"B-1, 24 Beacon Street, Boston",Completed,3,5757
194,2026-07-30 16:00,J25,Joint Committee on State Administration and Regulatory Oversight,"A-1, 24 Beacon Street, Boston",Completed,1,5760
194,2026-07-31 10:00,J19,Joint Committee on the Judiciary,"A-2, 24 Beacon Street, Boston",Completed,1,5756
194,2026-09-09 11:00,J23,Joint Committee on Public Service,"A-1, 24 Beacon Street, Boston",Completed,12,5770
194,2026-09-10 09:00,J17,Joint Committee on Consumer Protection and Professional Licensure,"Written Testimony Only, 24 Beacon Street, Boston",Underway,7,5769
194,2026-09-15 13:00,J15,Joint Committee on Election Laws,"A-2, 24 Beacon Street, Boston",Confirmed,3,5775
194,2026-09-21 13:00,Hxx,House Committee on Intergovernmental Affairs,"437, 24 Beacon Street, Boston",Confirmed,0,5696
194,2026-10-20 13:00,Hxx,House Committee on Intergovernmental Affairs,"437, 24 Beacon Street, Boston",Confirmed,0,5697
